timestamp,temperature,humidity,pressure,station_id,lat,lon
2026-07-20 00:00:00,31.1,77,975.1,igi_airport,28.5562,77.1
2026-07-20 01:00:00,30.3,80,974.6,igi_airport,28.5562,77.1
2026-07-20 02:00:00,29.3,85,974.3,igi_airport,28.5562,77.1
2026-07-20 03:00:00,28.4,90,974.8,igi_airport,28.5562,77.1
2026-07-20 04:00:00,26.7,96,974.7,igi_airport,28.5562,77.1
2026-07-20 05:00:00,28.0,89,974.2,igi_airport,28.5562,77.1
2026-07-20 06:00:00,27.8,90,974.4,igi_airport,28.5562,77.1
2026-07-20 07:00:00,27.7,93,974.6,igi_airport,28.5562,77.1
2026-07-20 08:00:00,27.8,94,975.6,igi_airport,28.5562,77.1
2026-07-20 09:00:00,29.2,87,976.1,igi_airport,28.5562,77.1
2026-07-20 10:00:00,30.2,83,976.6,igi_airport,28.5562,77.1
2026-07-20 11:00:00,32.3,69,976.1,igi_airport,28.5562,77.1
2026-07-20 12:00:00,33.6,63,976.0,igi_airport,28.5562,77.1
2026-07-20 13:00:00,29.8,82,975.6,igi_airport,28.5562,77.1
2026-07-20 14:00:00,28.4,89,974.8,igi_airport,28.5562,77.1
2026-07-20 15:00:00,30.2,80,974.3,igi_airport,28.5562,77.1
2026-07-20 16:00:00,30.6,77,974.2,igi_airport,28.5562,77.1
2026-07-20 17:00:00,28.9,85,975.4,igi_airport,28.5562,77.1
2026-07-20 18:00:00,28.1,92,975.4,igi_airport,28.5562,77.1
2026-07-20 19:00:00,27.7,94,975.1,igi_airport,28.5562,77.1
2026-07-20 20:00:00,27.6,94,975.9,igi_airport,28.5562,77.1
2026-07-20 21:00:00,27.5,94,976.6,igi_airport,28.5562,77.1
2026-07-20 22:00:00,27.2,95,977.0,igi_airport,28.5562,77.1
2026-07-20 23:00:00,26.5,95,976.8,igi_airport,28.5562,77.1
2026-07-21 00:00:00,26.6,96,976.2,igi_airport,28.5562,77.1
2026-07-21 01:00:00,26.5,96,975.8,igi_airport,28.5562,77.1
2026-07-21 02:00:00,26.6,96,975.7,igi_airport,28.5562,77.1
2026-07-21 03:00:00,26.5,91,975.4,igi_airport,28.5562,77.1
2026-07-21 04:00:00,26.3,91,975.4,igi_airport,28.5562,77.1
2026-07-21 05:00:00,26.2,93,975.3,igi_airport,28.5562,77.1
2026-07-21 06:00:00,25.6,96,976.1,igi_airport,28.5562,77.1
2026-07-21 07:00:00,25.9,95,976.0,igi_airport,28.5562,77.1
2026-07-21 08:00:00,26.4,93,976.4,igi_airport,28.5562,77.1
2026-07-21 09:00:00,26.9,89,976.3,igi_airport,28.5562,77.1
2026-07-21 10:00:00,27.9,84,976.4,igi_airport,28.5562,77.1
2026-07-21 11:00:00,26.5,94,976.0,igi_airport,28.5562,77.1
2026-07-21 12:00:00,27.4,94,975.5,igi_airport,28.5562,77.1
2026-07-21 13:00:00,28.8,89,975.0,igi_airport,28.5562,77.1
2026-07-21 14:00:00,29.2,88,974.2,igi_airport,28.5562,77.1
2026-07-21 15:00:00,27.5,90,973.9,igi_airport,28.5562,77.1
2026-07-21 16:00:00,28.3,88,973.4,igi_airport,28.5562,77.1
2026-07-21 17:00:00,29.4,79,973.1,igi_airport,28.5562,77.1
2026-07-21 18:00:00,28.7,85,973.7,igi_airport,28.5562,77.1
2026-07-21 19:00:00,28.3,88,974.4,igi_airport,28.5562,77.1
2026-07-21 20:00:00,28.0,89,974.9,igi_airport,28.5562,77.1
2026-07-21 21:00:00,28.0,88,975.5,igi_airport,28.5562,77.1
2026-07-21 22:00:00,27.9,88,976.1,igi_airport,28.5562,77.1
2026-07-21 23:00:00,26.9,94,975.8,igi_airport,28.5562,77.1
2026-07-22 00:00:00,26.6,94,975.3,igi_airport,28.5562,77.1
2026-07-22 01:00:00,26.5,93,974.8,igi_airport,28.5562,77.1
2026-07-22 02:00:00,26.4,94,974.4,igi_airport,28.5562,77.1
2026-07-22 03:00:00,26.2,94,974.7,igi_airport,28.5562,77.1
2026-07-22 04:00:00,26.1,94,975.1,igi_airport,28.5562,77.1
2026-07-22 05:00:00,25.8,96,974.5,igi_airport,28.5562,77.1
2026-07-22 06:00:00,26.0,94,974.9,igi_airport,28.5562,77.1
2026-07-22 07:00:00,26.7,90,975.4,igi_airport,28.5562,77.1
2026-07-22 08:00:00,27.6,81,975.9,igi_airport,28.5562,77.1
2026-07-22 09:00:00,28.7,78,975.9,igi_airport,28.5562,77.1
2026-07-22 10:00:00,30.0,72,975.8,igi_airport,28.5562,77.1
2026-07-22 11:00:00,30.6,67,975.6,igi_airport,28.5562,77.1
2026-07-22 12:00:00,31.6,64,975.4,igi_airport,28.5562,77.1
2026-07-22 13:00:00,32.0,65,974.5,igi_airport,28.5562,77.1
2026-07-22 14:00:00,31.9,67,973.4,igi_airport,28.5562,77.1
2026-07-22 15:00:00,31.7,68,972.9,igi_airport,28.5562,77.1
2026-07-22 16:00:00,31.0,72,972.2,igi_airport,28.5562,77.1
2026-07-22 17:00:00,28.4,87,972.9,igi_airport,28.5562,77.1
2026-07-22 18:00:00,28.7,86,973.2,igi_airport,28.5562,77.1
2026-07-22 19:00:00,28.6,88,973.6,igi_airport,28.5562,77.1
2026-07-22 20:00:00,28.7,88,974.3,igi_airport,28.5562,77.1
2026-07-22 21:00:00,28.8,88,974.5,igi_airport,28.5562,77.1
2026-07-22 22:00:00,28.8,84,974.9,igi_airport,28.5562,77.1
2026-07-22 23:00:00,28.4,83,974.6,igi_airport,28.5562,77.1
2026-07-23 00:00:00,28.3,84,974.3,igi_airport,28.5562,77.1
2026-07-23 01:00:00,28.1,84,973.7,igi_airport,28.5562,77.1
2026-07-23 02:00:00,27.9,84,973.3,igi_airport,28.5562,77.1
2026-07-23 03:00:00,27.5,85,973.1,igi_airport,28.5562,77.1
2026-07-23 04:00:00,27.3,85,973.4,igi_airport,28.5562,77.1
2026-07-23 05:00:00,26.8,93,973.4,igi_airport,28.5562,77.1
2026-07-23 06:00:00,26.3,94,973.7,igi_airport,28.5562,77.1
2026-07-23 07:00:00,27.2,88,973.9,igi_airport,28.5562,77.1
2026-07-23 08:00:00,27.9,84,974.1,igi_airport,28.5562,77.1
2026-07-23 09:00:00,28.7,81,974.0,igi_airport,28.5562,77.1
2026-07-23 10:00:00,30.4,73,974.0,igi_airport,28.5562,77.1
2026-07-23 11:00:00,31.3,66,973.9,igi_airport,28.5562,77.1
2026-07-23 12:00:00,31.8,64,973.3,igi_airport,28.5562,77.1
2026-07-23 13:00:00,32.0,64,972.5,igi_airport,28.5562,77.1
2026-07-23 14:00:00,32.4,63,971.8,igi_airport,28.5562,77.1
2026-07-23 15:00:00,30.6,73,971.5,igi_airport,28.5562,77.1
2026-07-23 16:00:00,30.2,75,971.1,igi_airport,28.5562,77.1
2026-07-23 17:00:00,30.9,76,971.4,igi_airport,28.5562,77.1
2026-07-23 18:00:00,29.9,79,971.9,igi_airport,28.5562,77.1
2026-07-23 19:00:00,29.5,81,972.1,igi_airport,28.5562,77.1
2026-07-23 20:00:00,28.4,88,973.1,igi_airport,28.5562,77.1
2026-07-23 21:00:00,26.4,94,974.1,igi_airport,28.5562,77.1
2026-07-23 22:00:00,26.2,95,973.7,igi_airport,28.5562,77.1
2026-07-23 23:00:00,27.7,88,973.8,igi_airport,28.5562,77.1
2026-07-24 00:00:00,27.2,88,973.5,igi_airport,28.5562,77.1
2026-07-24 01:00:00,27.0,89,973.4,igi_airport,28.5562,77.1
2026-07-24 02:00:00,26.9,89,972.8,igi_airport,28.5562,77.1
2026-07-24 03:00:00,26.8,89,972.8,igi_airport,28.5562,77.1
2026-07-24 04:00:00,26.7,90,972.9,igi_airport,28.5562,77.1
2026-07-24 05:00:00,26.0,95,973.1,igi_airport,28.5562,77.1
2026-07-24 06:00:00,26.1,94,972.6,igi_airport,28.5562,77.1
2026-07-24 07:00:00,27.0,88,973.2,igi_airport,28.5562,77.1
2026-07-24 08:00:00,28.5,80,973.2,igi_airport,28.5562,77.1
2026-07-24 09:00:00,29.5,76,973.6,igi_airport,28.5562,77.1
2026-07-24 10:00:00,30.5,73,973.8,igi_airport,28.5562,77.1
2026-07-24 11:00:00,30.5,74,973.9,igi_airport,28.5562,77.1
2026-07-24 12:00:00,30.9,73,973.6,igi_airport,28.5562,77.1
2026-07-24 13:00:00,28.6,86,972.6,igi_airport,28.5562,77.1
2026-07-24 14:00:00,29.1,84,972.4,igi_airport,28.5562,77.1
2026-07-24 15:00:00,30.1,79,971.4,igi_airport,28.5562,77.1
2026-07-24 16:00:00,30.7,75,970.8,igi_airport,28.5562,77.1
2026-07-24 17:00:00,29.9,83,970.4,igi_airport,28.5562,77.1
2026-07-24 18:00:00,29.8,83,971.0,igi_airport,28.5562,77.1
2026-07-24 19:00:00,29.3,86,971.9,igi_airport,28.5562,77.1
2026-07-24 20:00:00,29.4,86,972.9,igi_airport,28.5562,77.1
2026-07-24 21:00:00,29.1,85,973.8,igi_airport,28.5562,77.1
2026-07-24 22:00:00,28.7,85,974.2,igi_airport,28.5562,77.1
2026-07-24 23:00:00,28.4,85,974.0,igi_airport,28.5562,77.1
2026-07-25 00:00:00,28.2,85,974.0,igi_airport,28.5562,77.1
2026-07-25 01:00:00,28.1,83,974.0,igi_airport,28.5562,77.1
2026-07-25 02:00:00,27.8,83,974.1,igi_airport,28.5562,77.1
2026-07-25 03:00:00,27.4,84,973.9,igi_airport,28.5562,77.1
2026-07-25 04:00:00,27.3,86,973.9,igi_airport,28.5562,77.1
2026-07-25 05:00:00,27.5,87,973.9,igi_airport,28.5562,77.1
2026-07-25 06:00:00,27.7,87,975.1,igi_airport,28.5562,77.1
2026-07-25 07:00:00,28.3,85,975.4,igi_airport,28.5562,77.1
2026-07-25 08:00:00,29.1,79,975.6,igi_airport,28.5562,77.1
2026-07-25 09:00:00,30.1,72,976.1,igi_airport,28.5562,77.1
2026-07-25 10:00:00,30.7,69,976.2,igi_airport,28.5562,77.1
2026-07-25 11:00:00,31.6,64,976.0,igi_airport,28.5562,77.1
2026-07-25 12:00:00,31.7,64,975.3,igi_airport,28.5562,77.1
2026-07-25 13:00:00,32.2,64,974.8,igi_airport,28.5562,77.1
2026-07-25 14:00:00,32.6,62,973.9,igi_airport,28.5562,77.1
2026-07-25 15:00:00,32.4,63,973.7,igi_airport,28.5562,77.1
2026-07-25 16:00:00,31.8,65,973.1,igi_airport,28.5562,77.1
2026-07-25 17:00:00,30.3,80,973.5,igi_airport,28.5562,77.1
2026-07-25 18:00:00,30.1,80,974.0,igi_airport,28.5562,77.1
2026-07-25 19:00:00,29.2,82,974.7,igi_airport,28.5562,77.1
2026-07-25 20:00:00,28.7,84,975.7,igi_airport,28.5562,77.1
2026-07-25 21:00:00,28.3,87,976.2,igi_airport,28.5562,77.1
2026-07-25 22:00:00,28.0,88,976.5,igi_airport,28.5562,77.1
2026-07-25 23:00:00,27.9,90,976.0,igi_airport,28.5562,77.1
2026-07-26 00:00:00,27.7,91,975.8,igi_airport,28.5562,77.1
2026-07-26 01:00:00,27.7,92,975.5,igi_airport,28.5562,77.1
2026-07-26 02:00:00,27.7,93,975.1,igi_airport,28.5562,77.1
2026-07-26 03:00:00,27.5,93,975.1,igi_airport,28.5562,77.1
2026-07-26 04:00:00,27.4,93,975.4,igi_airport,28.5562,77.1
2026-07-26 05:00:00,28.2,93,975.0,igi_airport,28.5562,77.1
2026-07-26 06:00:00,27.5,96,975.4,igi_airport,28.5562,77.1
2026-07-26 07:00:00,28.4,91,975.5,igi_airport,28.5562,77.1
2026-07-26 08:00:00,29.7,83,975.7,igi_airport,28.5562,77.1
2026-07-26 09:00:00,31.0,74,975.7,igi_airport,28.5562,77.1
2026-07-26 10:00:00,31.9,68,976.0,igi_airport,28.5562,77.1
2026-07-26 11:00:00,32.3,65,976.2,igi_airport,28.5562,77.1
2026-07-26 12:00:00,33.1,62,976.0,igi_airport,28.5562,77.1
2026-07-26 13:00:00,33.5,61,975.5,igi_airport,28.5562,77.1
2026-07-26 14:00:00,33.7,60,974.5,igi_airport,28.5562,77.1
2026-07-26 15:00:00,33.8,59,973.8,igi_airport,28.5562,77.1
2026-07-26 16:00:00,33.7,59,973.0,igi_airport,28.5562,77.1
2026-07-26 17:00:00,34.1,58,972.7,igi_airport,28.5562,77.1
2026-07-26 18:00:00,32.9,68,972.7,igi_airport,28.5562,77.1
2026-07-26 19:00:00,31.7,77,973.1,igi_airport,28.5562,77.1
2026-07-26 20:00:00,31.4,82,973.6,igi_airport,28.5562,77.1
2026-07-26 21:00:00,31.3,81,974.1,igi_airport,28.5562,77.1
2026-07-26 22:00:00,31.0,82,974.5,igi_airport,28.5562,77.1
2026-07-26 23:00:00,30.6,85,973.9,igi_airport,28.5562,77.1
2026-07-27 00:00:00,30.0,85,973.7,igi_airport,28.5562,77.1
2026-07-27 01:00:00,29.7,86,973.0,igi_airport,28.5562,77.1
2026-07-27 02:00:00,29.3,83,972.7,igi_airport,28.5562,77.1
2026-07-27 03:00:00,29.2,83,972.6,igi_airport,28.5562,77.1
2026-07-27 04:00:00,29.1,83,972.7,igi_airport,28.5562,77.1
2026-07-27 05:00:00,29.7,83,972.7,igi_airport,28.5562,77.1
2026-07-27 06:00:00,29.9,80,972.8,igi_airport,28.5562,77.1
2026-07-27 07:00:00,30.5,78,973.2,igi_airport,28.5562,77.1
2026-07-27 08:00:00,31.5,75,973.3,igi_airport,28.5562,77.1
2026-07-27 09:00:00,32.6,67,973.3,igi_airport,28.5562,77.1
2026-07-27 10:00:00,33.3,63,973.6,igi_airport,28.5562,77.1
2026-07-27 11:00:00,34.5,55,973.0,igi_airport,28.5562,77.1
2026-07-27 12:00:00,34.9,55,973.2,igi_airport,28.5562,77.1
2026-07-27 13:00:00,35.2,54,972.4,igi_airport,28.5562,77.1
2026-07-27 14:00:00,35.1,53,971.5,igi_airport,28.5562,77.1
2026-07-27 15:00:00,34.3,56,970.9,igi_airport,28.5562,77.1
2026-07-27 16:00:00,33.7,58,970.6,igi_airport,28.5562,77.1
2026-07-27 17:00:00,32.5,67,970.7,igi_airport,28.5562,77.1
2026-07-27 18:00:00,31.9,74,970.6,igi_airport,28.5562,77.1
2026-07-27 19:00:00,31.5,77,970.8,igi_airport,28.5562,77.1
2026-07-27 20:00:00,31.2,78,971.5,igi_airport,28.5562,77.1
2026-07-27 21:00:00,30.6,80,972.0,igi_airport,28.5562,77.1
2026-07-27 22:00:00,29.6,82,972.7,igi_airport,28.5562,77.1
2026-07-27 23:00:00,30.2,85,972.3,igi_airport,28.5562,77.1
2026-07-28 00:00:00,28.4,88,972.7,igi_airport,28.5562,77.1
2026-07-28 01:00:00,27.6,89,972.5,igi_airport,28.5562,77.1
2026-07-28 02:00:00,27.4,93,972.0,igi_airport,28.5562,77.1
2026-07-28 03:00:00,26.9,96,971.8,igi_airport,28.5562,77.1
2026-07-28 04:00:00,26.5,97,971.6,igi_airport,28.5562,77.1
2026-07-28 05:00:00,28.4,94,971.1,igi_airport,28.5562,77.1
2026-07-28 06:00:00,28.5,92,971.8,igi_airport,28.5562,77.1
2026-07-28 07:00:00,28.0,93,972.3,igi_airport,28.5562,77.1
2026-07-28 08:00:00,28.8,92,972.5,igi_airport,28.5562,77.1
2026-07-28 09:00:00,29.5,84,973.4,igi_airport,28.5562,77.1
2026-07-28 10:00:00,27.6,92,974.5,igi_airport,28.5562,77.1
2026-07-28 11:00:00,28.3,92,974.2,igi_airport,28.5562,77.1
2026-07-28 12:00:00,27.3,95,973.4,igi_airport,28.5562,77.1
2026-07-28 13:00:00,27.0,94,973.3,igi_airport,28.5562,77.1
2026-07-28 14:00:00,26.9,95,972.3,igi_airport,28.5562,77.1
2026-07-28 15:00:00,27.2,92,971.7,igi_airport,28.5562,77.1
2026-07-28 16:00:00,27.1,93,971.1,igi_airport,28.5562,77.1
2026-07-28 17:00:00,31.1,70,971.3,igi_airport,28.5562,77.1
2026-07-28 18:00:00,30.3,77,971.4,igi_airport,28.5562,77.1
2026-07-28 19:00:00,29.6,83,971.8,igi_airport,28.5562,77.1
2026-07-28 20:00:00,29.2,87,972.7,igi_airport,28.5562,77.1
2026-07-28 21:00:00,29.0,88,973.5,igi_airport,28.5562,77.1
2026-07-28 22:00:00,28.6,89,974.1,igi_airport,28.5562,77.1
2026-07-28 23:00:00,28.2,89,974.0,igi_airport,28.5562,77.1
2026-07-29 00:00:00,27.9,91,973.8,igi_airport,28.5562,77.1
2026-07-29 01:00:00,27.8,92,973.7,igi_airport,28.5562,77.1
2026-07-29 02:00:00,27.5,93,973.3,igi_airport,28.5562,77.1
2026-07-29 03:00:00,27.1,92,973.3,igi_airport,28.5562,77.1
2026-07-29 04:00:00,27.0,94,973.7,igi_airport,28.5562,77.1
2026-07-29 05:00:00,26.6,98,973.1,igi_airport,28.5562,77.1
2026-07-29 06:00:00,26.6,96,973.7,igi_airport,28.5562,77.1
2026-07-29 07:00:00,26.7,96,974.2,igi_airport,28.5562,77.1
2026-07-29 08:00:00,27.2,92,974.5,igi_airport,28.5562,77.1
2026-07-29 09:00:00,28.5,86,974.8,igi_airport,28.5562,77.1
2026-07-29 10:00:00,29.6,82,974.9,igi_airport,28.5562,77.1
2026-07-29 11:00:00,31.0,77,974.7,igi_airport,28.5562,77.1
2026-07-29 12:00:00,32.1,72,974.2,igi_airport,28.5562,77.1
2026-07-29 13:00:00,32.2,70,973.7,igi_airport,28.5562,77.1
2026-07-29 14:00:00,32.5,70,972.8,igi_airport,28.5562,77.1
2026-07-29 15:00:00,32.6,70,972.1,igi_airport,28.5562,77.1
2026-07-29 16:00:00,32.2,72,971.3,igi_airport,28.5562,77.1
2026-07-29 17:00:00,32.7,67,971.1,igi_airport,28.5562,77.1
2026-07-29 18:00:00,31.7,76,971.0,igi_airport,28.5562,77.1
2026-07-29 19:00:00,30.7,83,971.8,igi_airport,28.5562,77.1
2026-07-29 20:00:00,30.3,84,972.7,igi_airport,28.5562,77.1
2026-07-29 21:00:00,29.9,85,973.6,igi_airport,28.5562,77.1
2026-07-29 22:00:00,29.5,87,973.7,igi_airport,28.5562,77.1
2026-07-29 23:00:00,30.1,87,973.3,igi_airport,28.5562,77.1
2026-07-30 00:00:00,29.4,89,972.9,igi_airport,28.5562,77.1
2026-07-30 01:00:00,27.2,93,973.2,igi_airport,28.5562,77.1
2026-07-30 02:00:00,25.5,98,972.7,igi_airport,28.5562,77.1
2026-07-30 03:00:00,26.1,95,972.4,igi_airport,28.5562,77.1
2026-07-30 04:00:00,26.3,97,972.2,igi_airport,28.5562,77.1
2026-07-30 05:00:00,27.7,93,971.7,igi_airport,28.5562,77.1
2026-07-30 06:00:00,27.9,95,972.1,igi_airport,28.5562,77.1
2026-07-30 07:00:00,29.0,85,973.0,igi_airport,28.5562,77.1
2026-07-30 08:00:00,29.6,83,973.6,igi_airport,28.5562,77.1
2026-07-30 09:00:00,30.6,77,973.7,igi_airport,28.5562,77.1
2026-07-30 10:00:00,31.7,71,974.2,igi_airport,28.5562,77.1
2026-07-30 11:00:00,32.8,64,974.0,igi_airport,28.5562,77.1
2026-07-30 12:00:00,33.2,62,973.6,igi_airport,28.5562,77.1
2026-07-30 13:00:00,31.8,68,973.4,igi_airport,28.5562,77.1
2026-07-30 14:00:00,32.9,63,972.4,igi_airport,28.5562,77.1
2026-07-30 15:00:00,33.2,61,971.6,igi_airport,28.5562,77.1
2026-07-30 16:00:00,33.3,60,970.9,igi_airport,28.5562,77.1
2026-07-30 17:00:00,32.1,69,970.8,igi_airport,28.5562,77.1
2026-07-30 18:00:00,29.8,80,971.3,igi_airport,28.5562,77.1
2026-07-30 19:00:00,28.7,85,972.0,igi_airport,28.5562,77.1
2026-07-30 20:00:00,28.6,86,972.7,igi_airport,28.5562,77.1
2026-07-30 21:00:00,28.6,88,973.5,igi_airport,28.5562,77.1
2026-07-30 22:00:00,28.4,90,973.8,igi_airport,28.5562,77.1
2026-07-30 23:00:00,29.0,89,973.5,igi_airport,28.5562,77.1
2026-07-31 00:00:00,28.7,88,973.1,igi_airport,28.5562,77.1
2026-07-31 01:00:00,28.5,89,973.0,igi_airport,28.5562,77.1
2026-07-31 02:00:00,28.4,87,973.0,igi_airport,28.5562,77.1
2026-07-31 03:00:00,28.2,87,972.9,igi_airport,28.5562,77.1
2026-07-31 04:00:00,28.1,86,973.1,igi_airport,28.5562,77.1
2026-07-31 05:00:00,28.2,84,972.8,igi_airport,28.5562,77.1
2026-07-31 06:00:00,28.2,84,973.4,igi_airport,28.5562,77.1
2026-07-31 07:00:00,28.8,81,973.8,igi_airport,28.5562,77.1
2026-07-31 08:00:00,29.2,78,974.1,igi_airport,28.5562,77.1
2026-07-31 09:00:00,29.7,76,974.5,igi_airport,28.5562,77.1
2026-07-31 10:00:00,30.0,74,974.5,igi_airport,28.5562,77.1
2026-07-31 11:00:00,30.5,72,974.8,igi_airport,28.5562,77.1
2026-07-31 12:00:00,31.4,67,974.0,igi_airport,28.5562,77.1
2026-07-31 13:00:00,32.3,64,973.3,igi_airport,28.5562,77.1
2026-07-31 14:00:00,32.7,62,972.5,igi_airport,28.5562,77.1
2026-07-31 15:00:00,32.6,63,971.6,igi_airport,28.5562,77.1
2026-07-31 16:00:00,30.5,72,971.0,igi_airport,28.5562,77.1
2026-07-31 17:00:00,31.5,72,971.1,igi_airport,28.5562,77.1
2026-07-31 18:00:00,31.0,75,971.5,igi_airport,28.5562,77.1
2026-07-31 19:00:00,30.2,78,972.2,igi_airport,28.5562,77.1
2026-07-31 20:00:00,29.8,82,972.9,igi_airport,28.5562,77.1
2026-07-31 21:00:00,29.4,83,973.7,igi_airport,28.5562,77.1
2026-07-31 22:00:00,28.9,85,974.0,igi_airport,28.5562,77.1
2026-07-31 23:00:00,28.4,85,973.6,igi_airport,28.5562,77.1
2026-08-01 00:00:00,27.9,88,973.5,igi_airport,28.5562,77.1
2026-08-01 01:00:00,26.8,94,973.4,igi_airport,28.5562,77.1
2026-08-01 02:00:00,27.1,93,973.0,igi_airport,28.5562,77.1
2026-08-01 03:00:00,27.1,91,972.9,igi_airport,28.5562,77.1
2026-08-01 04:00:00,27.2,91,973.1,igi_airport,28.5562,77.1
2026-08-01 05:00:00,27.0,93,973.0,igi_airport,28.5562,77.1
2026-08-01 06:00:00,27.2,92,973.4,igi_airport,28.5562,77.1
2026-08-01 07:00:00,27.4,89,973.9,igi_airport,28.5562,77.1
2026-08-01 08:00:00,28.1,85,973.9,igi_airport,28.5562,77.1
2026-08-01 09:00:00,29.5,78,973.9,igi_airport,28.5562,77.1
2026-08-01 10:00:00,30.6,72,973.9,igi_airport,28.5562,77.1
2026-08-01 11:00:00,31.6,69,973.7,igi_airport,28.5562,77.1
2026-08-01 12:00:00,32.3,67,973.0,igi_airport,28.5562,77.1
2026-08-01 13:00:00,32.6,66,972.6,igi_airport,28.5562,77.1
2026-08-01 14:00:00,32.6,60,971.8,igi_airport,28.5562,77.1
2026-08-01 15:00:00,31.6,67,971.0,igi_airport,28.5562,77.1
2026-08-01 16:00:00,31.5,72,970.7,igi_airport,28.5562,77.1
2026-08-01 17:00:00,31.3,72,971.1,igi_airport,28.5562,77.1
2026-08-01 18:00:00,30.4,80,971.6,igi_airport,28.5562,77.1
2026-08-01 19:00:00,29.9,83,972.0,igi_airport,28.5562,77.1
2026-08-01 20:00:00,29.6,84,972.6,igi_airport,28.5562,77.1
2026-08-01 21:00:00,29.3,87,973.5,igi_airport,28.5562,77.1
2026-08-01 22:00:00,29.3,87,973.8,igi_airport,28.5562,77.1
2026-08-01 23:00:00,27.8,89,973.7,igi_airport,28.5562,77.1
2026-08-02 00:00:00,27.0,90,973.5,igi_airport,28.5562,77.1
2026-08-02 01:00:00,26.9,91,973.8,igi_airport,28.5562,77.1
2026-08-02 02:00:00,27.0,92,973.6,igi_airport,28.5562,77.1
2026-08-02 03:00:00,26.9,92,973.0,igi_airport,28.5562,77.1
2026-08-02 04:00:00,26.9,93,973.6,igi_airport,28.5562,77.1
2026-08-02 05:00:00,27.2,95,973.4,igi_airport,28.5562,77.1
2026-08-02 06:00:00,27.1,94,974.2,igi_airport,28.5562,77.1
2026-08-02 07:00:00,27.2,93,974.5,igi_airport,28.5562,77.1
2026-08-02 08:00:00,28.6,86,974.7,igi_airport,28.5562,77.1
2026-08-02 09:00:00,30.3,78,974.6,igi_airport,28.5562,77.1
2026-08-02 10:00:00,31.7,71,974.5,igi_airport,28.5562,77.1
2026-08-02 11:00:00,33.0,63,974.6,igi_airport,28.5562,77.1
2026-08-02 12:00:00,33.8,59,974.1,igi_airport,28.5562,77.1
2026-08-02 13:00:00,34.0,57,973.8,igi_airport,28.5562,77.1
2026-08-02 14:00:00,33.0,62,972.9,igi_airport,28.5562,77.1
2026-08-02 15:00:00,32.9,64,972.3,igi_airport,28.5562,77.1
2026-08-02 16:00:00,32.2,67,971.9,igi_airport,28.5562,77.1
2026-08-02 17:00:00,27.0,97,972.4,igi_airport,28.5562,77.1
2026-08-02 18:00:00,28.1,92,973.0,igi_airport,28.5562,77.1
2026-08-02 19:00:00,27.6,92,972.9,igi_airport,28.5562,77.1
2026-08-02 20:00:00,27.8,91,973.8,igi_airport,28.5562,77.1
2026-08-02 21:00:00,28.1,91,974.9,igi_airport,28.5562,77.1
2026-08-02 22:00:00,28.1,91,975.3,igi_airport,28.5562,77.1
2026-08-02 23:00:00,28.9,91,974.6,igi_airport,28.5562,77.1
2026-08-03 00:00:00,28.6,92,974.3,igi_airport,28.5562,77.1
2026-08-03 01:00:00,28.5,92,974.2,igi_airport,28.5562,77.1
2026-08-03 02:00:00,28.3,91,973.8,igi_airport,28.5562,77.1
2026-08-03 03:00:00,27.9,91,973.6,igi_airport,28.5562,77.1
2026-08-03 04:00:00,27.5,93,973.7,igi_airport,28.5562,77.1
2026-08-03 05:00:00,27.1,99,973.6,igi_airport,28.5562,77.1
2026-08-03 06:00:00,27.4,94,974.2,igi_airport,28.5562,77.1
2026-08-03 07:00:00,27.4,94,974.2,igi_airport,28.5562,77.1
2026-08-03 08:00:00,27.8,92,975.2,igi_airport,28.5562,77.1
2026-08-03 09:00:00,29.4,84,975.4,igi_airport,28.5562,77.1
2026-08-03 10:00:00,30.2,82,975.7,igi_airport,28.5562,77.1
2026-08-03 11:00:00,32.0,73,975.3,igi_airport,28.5562,77.1
2026-08-03 12:00:00,32.8,69,975.0,igi_airport,28.5562,77.1
2026-08-03 13:00:00,33.0,69,974.6,igi_airport,28.5562,77.1
2026-08-03 14:00:00,30.5,75,974.2,igi_airport,28.5562,77.1
2026-08-03 15:00:00,29.9,83,973.8,igi_airport,28.5562,77.1
2026-08-03 16:00:00,29.8,83,973.2,igi_airport,28.5562,77.1
2026-08-03 17:00:00,32.2,75,972.7,igi_airport,28.5562,77.1
2026-08-03 18:00:00,28.4,93,973.0,igi_airport,28.5562,77.1
2026-08-03 19:00:00,28.3,94,974.1,igi_airport,28.5562,77.1
2026-08-03 20:00:00,27.5,95,974.8,igi_airport,28.5562,77.1
2026-08-03 21:00:00,26.9,95,976.0,igi_airport,28.5562,77.1
2026-08-03 22:00:00,26.7,96,975.7,igi_airport,28.5562,77.1
2026-08-03 23:00:00,27.1,97,976.0,igi_airport,28.5562,77.1
2026-08-04 00:00:00,26.8,97,975.2,igi_airport,28.5562,77.1
2026-08-04 01:00:00,26.7,98,975.0,igi_airport,28.5562,77.1
2026-08-04 02:00:00,26.6,98,974.8,igi_airport,28.5562,77.1
2026-08-04 03:00:00,26.7,98,975.1,igi_airport,28.5562,77.1
2026-08-04 04:00:00,26.8,96,975.1,igi_airport,28.5562,77.1
2026-08-04 05:00:00,26.6,96,974.7,igi_airport,28.5562,77.1
2026-08-04 06:00:00,26.4,97,975.5,igi_airport,28.5562,77.1
2026-08-04 07:00:00,26.7,95,975.4,igi_airport,28.5562,77.1
2026-08-04 08:00:00,26.9,95,976.1,igi_airport,28.5562,77.1
2026-08-04 09:00:00,27.9,88,976.5,igi_airport,28.5562,77.1
2026-08-04 10:00:00,29.0,84,977.0,igi_airport,28.5562,77.1
2026-08-04 11:00:00,27.1,95,976.9,igi_airport,28.5562,77.1
2026-08-04 12:00:00,28.0,93,976.4,igi_airport,28.5562,77.1
2026-08-04 13:00:00,28.1,93,975.9,igi_airport,28.5562,77.1
2026-08-04 14:00:00,28.5,91,975.4,igi_airport,28.5562,77.1
2026-08-04 15:00:00,28.9,87,974.7,igi_airport,28.5562,77.1
2026-08-04 16:00:00,29.5,83,973.9,igi_airport,28.5562,77.1
2026-08-04 17:00:00,27.4,95,974.3,igi_airport,28.5562,77.1
2026-08-04 18:00:00,27.5,95,974.2,igi_airport,28.5562,77.1
2026-08-04 19:00:00,27.4,96,974.5,igi_airport,28.5562,77.1
2026-08-04 20:00:00,27.4,95,975.2,igi_airport,28.5562,77.1
2026-08-04 21:00:00,27.3,96,975.8,igi_airport,28.5562,77.1
2026-08-04 22:00:00,27.0,98,975.9,igi_airport,28.5562,77.1
2026-08-04 23:00:00,27.5,97,975.2,igi_airport,28.5562,77.1
2026-08-05 00:00:00,27.4,97,974.5,igi_airport,28.5562,77.1
2026-08-05 01:00:00,27.4,96,974.3,igi_airport,28.5562,77.1
2026-08-05 02:00:00,27.1,98,974.0,igi_airport,28.5562,77.1
2026-08-05 03:00:00,27.1,93,973.9,igi_airport,28.5562,77.1
2026-08-05 04:00:00,27.0,93,973.8,igi_airport,28.5562,77.1
2026-08-05 05:00:00,26.7,93,973.8,igi_airport,28.5562,77.1
2026-08-05 06:00:00,26.7,95,974.1,igi_airport,28.5562,77.1
2026-08-05 07:00:00,27.2,94,974.2,igi_airport,28.5562,77.1
2026-08-05 08:00:00,28.1,89,974.2,igi_airport,28.5562,77.1
2026-08-05 09:00:00,29.9,78,974.3,igi_airport,28.5562,77.1
2026-08-05 10:00:00,31.2,69,974.2,igi_airport,28.5562,77.1
2026-08-05 11:00:00,31.4,69,974.3,igi_airport,28.5562,77.1
2026-08-05 12:00:00,31.1,68,973.1,igi_airport,28.5562,77.1
2026-08-05 13:00:00,31.6,65,972.8,igi_airport,28.5562,77.1
2026-08-05 14:00:00,32.1,63,971.9,igi_airport,28.5562,77.1
2026-08-05 15:00:00,32.8,61,971.4,igi_airport,28.5562,77.1
2026-08-05 16:00:00,32.6,63,970.9,igi_airport,28.5562,77.1
2026-08-05 17:00:00,29.9,81,971.3,igi_airport,28.5562,77.1
2026-08-05 18:00:00,28.2,90,971.5,igi_airport,28.5562,77.1
2026-08-05 19:00:00,28.1,93,972.6,igi_airport,28.5562,77.1
2026-08-05 20:00:00,28.0,92,973.3,igi_airport,28.5562,77.1
2026-08-05 21:00:00,27.6,93,973.7,igi_airport,28.5562,77.1
2026-08-05 22:00:00,27.4,95,973.7,igi_airport,28.5562,77.1
2026-08-05 23:00:00,27.7,99,973.4,igi_airport,28.5562,77.1
2026-08-06 00:00:00,27.9,92,973.1,igi_airport,28.5562,77.1
2026-08-06 01:00:00,27.1,94,972.7,igi_airport,28.5562,77.1
2026-08-06 02:00:00,27.0,95,972.6,igi_airport,28.5562,77.1
2026-08-06 03:00:00,26.8,95,972.4,igi_airport,28.5562,77.1
2026-08-06 04:00:00,26.6,95,972.7,igi_airport,28.5562,77.1
2026-08-06 05:00:00,27.1,98,972.3,igi_airport,28.5562,77.1
2026-08-06 06:00:00,27.3,95,973.3,igi_airport,28.5562,77.1
2026-08-06 07:00:00,27.6,90,973.8,igi_airport,28.5562,77.1
2026-08-06 08:00:00,28.1,84,974.6,igi_airport,28.5562,77.1
2026-08-06 09:00:00,27.5,88,975.3,igi_airport,28.5562,77.1
2026-08-06 10:00:00,27.1,90,975.3,igi_airport,28.5562,77.1
2026-08-06 11:00:00,27.3,86,975.1,igi_airport,28.5562,77.1
2026-08-06 12:00:00,27.2,86,974.9,igi_airport,28.5562,77.1
2026-08-06 13:00:00,27.1,85,974.3,igi_airport,28.5562,77.1
2026-08-06 14:00:00,27.2,83,973.6,igi_airport,28.5562,77.1
2026-08-06 15:00:00,27.4,82,973.4,igi_airport,28.5562,77.1
2026-08-06 16:00:00,27.6,81,973.0,igi_airport,28.5562,77.1
2026-08-06 17:00:00,27.9,84,972.7,igi_airport,28.5562,77.1
2026-08-06 18:00:00,27.4,90,972.8,igi_airport,28.5562,77.1
2026-08-06 19:00:00,27.2,93,973.4,igi_airport,28.5562,77.1
2026-08-06 20:00:00,27.0,94,973.8,igi_airport,28.5562,77.1
2026-08-06 21:00:00,26.8,95,974.3,igi_airport,28.5562,77.1
2026-08-06 22:00:00,26.8,95,974.3,igi_airport,28.5562,77.1
2026-08-06 23:00:00,27.0,94,974.2,igi_airport,28.5562,77.1
2026-08-07 00:00:00,26.3,95,974.0,igi_airport,28.5562,77.1
2026-08-07 01:00:00,25.9,97,973.8,igi_airport,28.5562,77.1
2026-08-07 02:00:00,25.9,97,973.4,igi_airport,28.5562,77.1
2026-08-07 03:00:00,26.0,97,973.2,igi_airport,28.5562,77.1
2026-08-07 04:00:00,25.9,98,973.3,igi_airport,28.5562,77.1
2026-08-07 05:00:00,26.4,97,972.9,igi_airport,28.5562,77.1
2026-08-07 06:00:00,26.2,98,973.3,igi_airport,28.5562,77.1
2026-08-07 07:00:00,26.3,97,973.7,igi_airport,28.5562,77.1
2026-08-07 08:00:00,26.3,95,974.0,igi_airport,28.5562,77.1
2026-08-07 09:00:00,26.7,96,974.3,igi_airport,28.5562,77.1
2026-08-07 10:00:00,27.3,93,974.4,igi_airport,28.5562,77.1
2026-08-07 11:00:00,28.1,86,974.2,igi_airport,28.5562,77.1
2026-08-07 12:00:00,26.3,94,973.7,igi_airport,28.5562,77.1
2026-08-07 13:00:00,26.8,95,972.9,igi_airport,28.5562,77.1
2026-08-07 14:00:00,27.3,95,972.4,igi_airport,28.5562,77.1
2026-08-07 15:00:00,28.2,86,972.0,igi_airport,28.5562,77.1
2026-08-07 16:00:00,28.3,86,971.6,igi_airport,28.5562,77.1
2026-08-07 17:00:00,26.8,95,972.1,igi_airport,28.5562,77.1
2026-08-07 18:00:00,26.7,95,972.1,igi_airport,28.5562,77.1
2026-08-07 19:00:00,26.2,96,972.8,igi_airport,28.5562,77.1
2026-08-07 20:00:00,26.2,96,973.6,igi_airport,28.5562,77.1
2026-08-07 21:00:00,25.8,96,974.3,igi_airport,28.5562,77.1
2026-08-07 22:00:00,25.4,98,974.6,igi_airport,28.5562,77.1
2026-08-07 23:00:00,25.9,97,974.4,igi_airport,28.5562,77.1
2026-08-08 00:00:00,25.9,97,973.9,igi_airport,28.5562,77.1
2026-08-08 01:00:00,25.9,97,973.6,igi_airport,28.5562,77.1
2026-08-08 02:00:00,25.3,97,973.4,igi_airport,28.5562,77.1
2026-08-08 03:00:00,24.8,98,973.5,igi_airport,28.5562,77.1
2026-08-08 04:00:00,24.7,97,973.6,igi_airport,28.5562,77.1
2026-08-08 05:00:00,25.7,97,973.2,igi_airport,28.5562,77.1
2026-08-08 06:00:00,25.7,96,973.7,igi_airport,28.5562,77.1
2026-08-08 07:00:00,25.9,96,974.1,igi_airport,28.5562,77.1
2026-08-08 08:00:00,27.2,92,974.8,igi_airport,28.5562,77.1
2026-08-08 09:00:00,29.1,86,975.2,igi_airport,28.5562,77.1
2026-08-08 10:00:00,30.6,77,975.1,igi_airport,28.5562,77.1
2026-08-08 11:00:00,30.0,78,975.4,igi_airport,28.5562,77.1
2026-08-08 12:00:00,30.9,75,975.5,igi_airport,28.5562,77.1
2026-08-08 13:00:00,30.4,76,974.7,igi_airport,28.5562,77.1
2026-08-08 14:00:00,30.2,78,973.8,igi_airport,28.5562,77.1
2026-08-08 15:00:00,32.1,70,973.5,igi_airport,28.5562,77.1
2026-08-08 16:00:00,31.8,69,972.8,igi_airport,28.5562,77.1
2026-08-08 17:00:00,31.1,75,973.7,igi_airport,28.5562,77.1
2026-08-08 18:00:00,29.9,81,973.6,igi_airport,28.5562,77.1
2026-08-08 19:00:00,28.9,87,974.2,igi_airport,28.5562,77.1
2026-08-08 20:00:00,28.5,90,975.1,igi_airport,28.5562,77.1
2026-08-08 21:00:00,28.4,90,975.8,igi_airport,28.5562,77.1
2026-08-08 22:00:00,28.3,91,976.4,igi_airport,28.5562,77.1
2026-08-08 23:00:00,28.5,91,976.2,igi_airport,28.5562,77.1
2026-08-09 00:00:00,28.2,90,976.0,igi_airport,28.5562,77.1
2026-08-09 01:00:00,28.0,91,975.8,igi_airport,28.5562,77.1
2026-08-09 02:00:00,28.3,89,975.6,igi_airport,28.5562,77.1
2026-08-09 03:00:00,27.3,93,975.6,igi_airport,28.5562,77.1
2026-08-09 04:00:00,26.5,94,975.8,igi_airport,28.5562,77.1
2026-08-09 05:00:00,25.3,96,975.8,igi_airport,28.5562,77.1
2026-08-09 06:00:00,25.8,94,976.0,igi_airport,28.5562,77.1
2026-08-09 07:00:00,27.0,93,976.5,igi_airport,28.5562,77.1
2026-08-09 08:00:00,28.8,87,976.8,igi_airport,28.5562,77.1
2026-08-09 09:00:00,30.6,79,977.0,igi_airport,28.5562,77.1
2026-08-09 10:00:00,31.5,75,977.4,igi_airport,28.5562,77.1
2026-08-09 11:00:00,32.7,68,976.8,igi_airport,28.5562,77.1
2026-08-09 12:00:00,32.5,69,976.3,igi_airport,28.5562,77.1
2026-08-09 13:00:00,33.0,66,975.6,igi_airport,28.5562,77.1
2026-08-09 14:00:00,33.7,62,974.8,igi_airport,28.5562,77.1
2026-08-09 15:00:00,33.8,62,974.0,igi_airport,28.5562,77.1
2026-08-09 16:00:00,33.6,62,973.4,igi_airport,28.5562,77.1
2026-08-09 17:00:00,32.5,67,973.3,igi_airport,28.5562,77.1
2026-08-09 18:00:00,31.2,78,973.7,igi_airport,28.5562,77.1
2026-08-09 19:00:00,30.3,84,974.2,igi_airport,28.5562,77.1
2026-08-09 20:00:00,30.1,84,974.6,igi_airport,28.5562,77.1
2026-08-09 21:00:00,29.7,85,975.5,igi_airport,28.5562,77.1
2026-08-09 22:00:00,29.5,84,975.9,igi_airport,28.5562,77.1
2026-08-09 23:00:00,28.8,85,975.5,igi_airport,28.5562,77.1
2026-08-10 00:00:00,28.4,88,975.2,igi_airport,28.5562,77.1
2026-08-10 01:00:00,27.1,93,975.0,igi_airport,28.5562,77.1
2026-08-10 02:00:00,26.4,95,974.6,igi_airport,28.5562,77.1
2026-08-10 03:00:00,26.7,95,974.0,igi_airport,28.5562,77.1
2026-08-10 04:00:00,26.8,95,974.5,igi_airport,28.5562,77.1
2026-08-10 05:00:00,27.6,94,974.4,igi_airport,28.5562,77.1
2026-08-10 06:00:00,26.7,95,975.3,igi_airport,28.5562,77.1
2026-08-10 07:00:00,26.9,94,975.2,igi_airport,28.5562,77.1
2026-08-10 08:00:00,28.3,88,975.7,igi_airport,28.5562,77.1
2026-08-10 09:00:00,29.7,81,975.9,igi_airport,28.5562,77.1
2026-08-10 10:00:00,31.2,76,976.1,igi_airport,28.5562,77.1
2026-08-10 11:00:00,32.8,68,975.6,igi_airport,28.5562,77.1
2026-08-10 12:00:00,33.4,66,975.3,igi_airport,28.5562,77.1
2026-08-10 13:00:00,33.4,66,974.8,igi_airport,28.5562,77.1
2026-08-10 14:00:00,27.5,92,974.5,igi_airport,28.5562,77.1
2026-08-10 15:00:00,27.7,92,974.2,igi_airport,28.5562,77.1
2026-08-10 16:00:00,28.1,89,973.3,igi_airport,28.5562,77.1
2026-08-10 17:00:00,29.1,89,973.6,igi_airport,28.5562,77.1
2026-08-10 18:00:00,29.2,90,973.8,igi_airport,28.5562,77.1
2026-08-10 19:00:00,28.9,91,974.1,igi_airport,28.5562,77.1
2026-08-10 20:00:00,28.6,91,975.2,igi_airport,28.5562,77.1
2026-08-10 21:00:00,28.5,92,975.7,igi_airport,28.5562,77.1
2026-08-10 22:00:00,28.2,93,975.5,igi_airport,28.5562,77.1
2026-08-10 23:00:00,27.8,96,974.5,igi_airport,28.5562,77.1
2026-08-11 00:00:00,27.6,97,974.4,igi_airport,28.5562,77.1
2026-08-11 01:00:00,27.5,96,974.4,igi_airport,28.5562,77.1
2026-08-11 02:00:00,27.3,96,974.4,igi_airport,28.5562,77.1
2026-08-11 03:00:00,27.3,95,974.1,igi_airport,28.5562,77.1
2026-08-11 04:00:00,27.0,92,974.4,igi_airport,28.5562,77.1
2026-08-11 05:00:00,27.0,93,974.8,igi_airport,28.5562,77.1
2026-08-11 06:00:00,27.1,93,974.9,igi_airport,28.5562,77.1
2026-08-11 07:00:00,27.8,88,975.7,igi_airport,28.5562,77.1
2026-08-11 08:00:00,28.9,84,976.1,igi_airport,28.5562,77.1
2026-08-11 09:00:00,29.9,80,976.3,igi_airport,28.5562,77.1
2026-08-11 10:00:00,30.5,79,976.4,igi_airport,28.5562,77.1
2026-08-11 11:00:00,30.7,77,976.4,igi_airport,28.5562,77.1
2026-08-11 12:00:00,30.0,82,975.9,igi_airport,28.5562,77.1
2026-08-11 13:00:00,27.7,92,975.6,igi_airport,28.5562,77.1
2026-08-11 14:00:00,27.9,93,974.7,igi_airport,28.5562,77.1
2026-08-11 15:00:00,29.3,86,973.8,igi_airport,28.5562,77.1
2026-08-11 16:00:00,30.3,80,973.4,igi_airport,28.5562,77.1
2026-08-11 17:00:00,30.2,79,973.8,igi_airport,28.5562,77.1
2026-08-11 18:00:00,29.8,82,973.7,igi_airport,28.5562,77.1
2026-08-11 19:00:00,29.0,88,974.1,igi_airport,28.5562,77.1
2026-08-11 20:00:00,28.7,92,975.1,igi_airport,28.5562,77.1
2026-08-11 21:00:00,28.3,95,975.8,igi_airport,28.5562,77.1
2026-08-11 22:00:00,28.0,96,976.1,igi_airport,28.5562,77.1
2026-08-11 23:00:00,28.3,94,975.6,igi_airport,28.5562,77.1
2026-08-12 00:00:00,28.0,95,975.6,igi_airport,28.5562,77.1
2026-08-12 01:00:00,28.0,95,975.4,igi_airport,28.5562,77.1
2026-08-12 02:00:00,27.6,96,975.4,igi_airport,28.5562,77.1
2026-08-12 03:00:00,27.4,95,975.4,igi_airport,28.5562,77.1
2026-08-12 04:00:00,27.3,95,975.6,igi_airport,28.5562,77.1
2026-08-12 05:00:00,27.6,96,975.5,igi_airport,28.5562,77.1
2026-08-12 06:00:00,27.9,95,975.8,igi_airport,28.5562,77.1
2026-08-12 07:00:00,28.8,91,976.1,igi_airport,28.5562,77.1
2026-08-12 08:00:00,29.9,83,976.5,igi_airport,28.5562,77.1
2026-08-12 09:00:00,31.1,75,976.7,igi_airport,28.5562,77.1
2026-08-12 10:00:00,31.7,71,976.7,igi_airport,28.5562,77.1
2026-08-12 11:00:00,32.8,65,976.4,igi_airport,28.5562,77.1
2026-08-12 12:00:00,33.1,66,976.1,igi_airport,28.5562,77.1
2026-08-12 13:00:00,33.7,64,975.0,igi_airport,28.5562,77.1
2026-08-12 14:00:00,34.1,62,974.6,igi_airport,28.5562,77.1
2026-08-12 15:00:00,34.2,61,974.3,igi_airport,28.5562,77.1
2026-08-12 16:00:00,34.1,60,973.5,igi_airport,28.5562,77.1
2026-08-12 17:00:00,32.0,77,974.0,igi_airport,28.5562,77.1
2026-08-12 18:00:00,28.7,93,974.8,igi_airport,28.5562,77.1
2026-08-12 19:00:00,27.5,94,975.9,igi_airport,28.5562,77.1
2026-08-12 20:00:00,27.5,93,976.0,igi_airport,28.5562,77.1
2026-08-12 21:00:00,27.6,94,976.9,igi_airport,28.5562,77.1
2026-08-12 22:00:00,27.6,92,977.3,igi_airport,28.5562,77.1
2026-08-12 23:00:00,29.2,89,977.2,igi_airport,28.5562,77.1
2026-08-13 00:00:00,28.7,91,977.3,igi_airport,28.5562,77.1
2026-08-13 01:00:00,28.4,92,976.6,igi_airport,28.5562,77.1
2026-08-13 02:00:00,28.1,93,976.1,igi_airport,28.5562,77.1
2026-08-13 03:00:00,27.8,94,976.2,igi_airport,28.5562,77.1
2026-08-13 04:00:00,27.6,95,975.8,igi_airport,28.5562,77.1
2026-08-13 05:00:00,26.9,96,975.8,igi_airport,28.5562,77.1
2026-08-13 06:00:00,26.8,97,976.4,igi_airport,28.5562,77.1
2026-08-13 07:00:00,28.0,93,976.3,igi_airport,28.5562,77.1
2026-08-13 08:00:00,30.0,82,976.2,igi_airport,28.5562,77.1
2026-08-13 09:00:00,31.7,75,976.4,igi_airport,28.5562,77.1
2026-08-13 10:00:00,32.8,70,976.7,igi_airport,28.5562,77.1
2026-08-13 11:00:00,33.3,67,976.7,igi_airport,28.5562,77.1
2026-08-13 12:00:00,32.6,65,976.4,igi_airport,28.5562,77.1
2026-08-13 13:00:00,31.7,73,975.6,igi_airport,28.5562,77.1
2026-08-13 14:00:00,32.9,70,974.9,igi_airport,28.5562,77.1
2026-08-13 15:00:00,33.2,70,974.2,igi_airport,28.5562,77.1
2026-08-13 16:00:00,33.3,68,973.5,igi_airport,28.5562,77.1
2026-08-13 17:00:00,32.5,73,973.9,igi_airport,28.5562,77.1
2026-08-13 18:00:00,31.5,78,974.2,igi_airport,28.5562,77.1
2026-08-13 19:00:00,30.6,86,974.6,igi_airport,28.5562,77.1
2026-08-13 20:00:00,30.1,89,975.3,igi_airport,28.5562,77.1
2026-08-13 21:00:00,30.1,87,976.0,igi_airport,28.5562,77.1
2026-08-13 22:00:00,29.8,87,975.9,igi_airport,28.5562,77.1
2026-08-13 23:00:00,30.2,87,975.4,igi_airport,28.5562,77.1
2026-08-14 00:00:00,29.7,86,975.1,igi_airport,28.5562,77.1
2026-08-14 01:00:00,29.2,89,974.8,igi_airport,28.5562,77.1
2026-08-14 02:00:00,28.8,90,974.7,igi_airport,28.5562,77.1
2026-08-14 03:00:00,28.6,90,974.5,igi_airport,28.5562,77.1
2026-08-14 04:00:00,28.4,91,974.6,igi_airport,28.5562,77.1
2026-08-14 05:00:00,27.8,95,974.6,igi_airport,28.5562,77.1
2026-08-14 06:00:00,27.7,94,975.4,igi_airport,28.5562,77.1
2026-08-14 07:00:00,27.8,93,976.1,igi_airport,28.5562,77.1
2026-08-14 08:00:00,28.5,90,976.9,igi_airport,28.5562,77.1
2026-08-14 09:00:00,28.7,88,976.7,igi_airport,28.5562,77.1
2026-08-14 10:00:00,29.8,82,976.8,igi_airport,28.5562,77.1
2026-08-14 11:00:00,30.4,81,977.4,igi_airport,28.5562,77.1
2026-08-14 12:00:00,31.0,78,977.6,igi_airport,28.5562,77.1
2026-08-14 13:00:00,31.1,78,976.8,igi_airport,28.5562,77.1
2026-08-14 14:00:00,28.9,85,976.7,igi_airport,28.5562,77.1
2026-08-14 15:00:00,27.3,91,976.3,igi_airport,28.5562,77.1
2026-08-14 16:00:00,27.8,90,975.3,igi_airport,28.5562,77.1
2026-08-14 17:00:00,30.5,77,975.0,igi_airport,28.5562,77.1
2026-08-14 18:00:00,30.0,80,975.2,igi_airport,28.5562,77.1
2026-08-14 19:00:00,29.3,85,975.7,igi_airport,28.5562,77.1
2026-08-14 20:00:00,28.9,87,976.2,igi_airport,28.5562,77.1
2026-08-14 21:00:00,28.4,90,976.9,igi_airport,28.5562,77.1
2026-08-14 22:00:00,28.0,92,976.9,igi_airport,28.5562,77.1
2026-08-14 23:00:00,28.1,89,976.4,igi_airport,28.5562,77.1
2026-08-15 00:00:00,27.8,92,976.3,igi_airport,28.5562,77.1
2026-08-15 01:00:00,27.5,93,976.2,igi_airport,28.5562,77.1
2026-08-15 02:00:00,27.3,94,976.2,igi_airport,28.5562,77.1
2026-08-15 03:00:00,27.2,94,975.9,igi_airport,28.5562,77.1
2026-08-15 04:00:00,27.1,95,976.1,igi_airport,28.5562,77.1
2026-08-15 05:00:00,26.6,96,976.4,igi_airport,28.5562,77.1
2026-08-15 06:00:00,26.7,96,976.8,igi_airport,28.5562,77.1
2026-08-15 07:00:00,27.1,97,977.2,igi_airport,28.5562,77.1
2026-08-15 08:00:00,27.5,96,977.6,igi_airport,28.5562,77.1
2026-08-15 09:00:00,28.4,92,977.8,igi_airport,28.5562,77.1
2026-08-15 10:00:00,29.7,85,977.9,igi_airport,28.5562,77.1
2026-08-15 11:00:00,32.1,74,977.7,igi_airport,28.5562,77.1
2026-08-15 12:00:00,32.1,73,976.9,igi_airport,28.5562,77.1
2026-08-15 13:00:00,32.3,68,976.4,igi_airport,28.5562,77.1
2026-08-15 14:00:00,32.8,67,975.4,igi_airport,28.5562,77.1
2026-08-15 15:00:00,32.4,68,974.6,igi_airport,28.5562,77.1
2026-08-15 16:00:00,32.4,66,973.9,igi_airport,28.5562,77.1
2026-08-15 17:00:00,31.6,77,973.8,igi_airport,28.5562,77.1
2026-08-15 18:00:00,31.0,83,974.1,igi_airport,28.5562,77.1
2026-08-15 19:00:00,30.2,88,974.6,igi_airport,28.5562,77.1
2026-08-15 20:00:00,29.8,89,975.2,igi_airport,28.5562,77.1
2026-08-15 21:00:00,29.4,89,975.5,igi_airport,28.5562,77.1
2026-08-15 22:00:00,29.1,89,975.8,igi_airport,28.5562,77.1
2026-08-15 23:00:00,28.9,87,975.4,igi_airport,28.5562,77.1
2026-08-16 00:00:00,28.8,89,975.3,igi_airport,28.5562,77.1
2026-08-16 01:00:00,28.6,88,974.8,igi_airport,28.5562,77.1
2026-08-16 02:00:00,28.4,87,974.4,igi_airport,28.5562,77.1
2026-08-16 03:00:00,26.4,94,974.2,igi_airport,28.5562,77.1
2026-08-16 04:00:00,26.8,95,974.1,igi_airport,28.5562,77.1
2026-08-16 05:00:00,27.9,87,973.9,igi_airport,28.5562,77.1
2026-08-16 06:00:00,27.7,86,974.7,igi_airport,28.5562,77.1
2026-08-16 07:00:00,28.3,85,975.1,igi_airport,28.5562,77.1
2026-08-16 08:00:00,29.7,77,975.5,igi_airport,28.5562,77.1
2026-08-16 09:00:00,30.9,71,975.6,igi_airport,28.5562,77.1
2026-08-16 10:00:00,32.2,67,975.6,igi_airport,28.5562,77.1
2026-08-16 11:00:00,32.9,64,975.4,igi_airport,28.5562,77.1
2026-08-16 12:00:00,33.4,62,975.0,igi_airport,28.5562,77.1
2026-08-16 13:00:00,33.1,63,974.8,igi_airport,28.5562,77.1
2026-08-16 14:00:00,33.1,64,973.9,igi_airport,28.5562,77.1
2026-08-16 15:00:00,33.5,63,973.1,igi_airport,28.5562,77.1
2026-08-16 16:00:00,33.3,64,972.9,igi_airport,28.5562,77.1
2026-08-16 17:00:00,31.5,75,973.7,igi_airport,28.5562,77.1
2026-08-16 18:00:00,30.6,81,973.8,igi_airport,28.5562,77.1
2026-08-16 19:00:00,30.0,85,974.2,igi_airport,28.5562,77.1
2026-08-16 20:00:00,29.8,85,975.0,igi_airport,28.5562,77.1
2026-08-16 21:00:00,29.5,87,975.5,igi_airport,28.5562,77.1
2026-08-16 22:00:00,29.1,88,975.8,igi_airport,28.5562,77.1
2026-08-16 23:00:00,29.2,86,975.1,igi_airport,28.5562,77.1
2026-08-17 00:00:00,28.8,84,974.9,igi_airport,28.5562,77.1
2026-08-17 01:00:00,28.4,86,974.9,igi_airport,28.5562,77.1
2026-08-17 02:00:00,27.9,88,974.4,igi_airport,28.5562,77.1
2026-08-17 03:00:00,27.9,84,974.4,igi_airport,28.5562,77.1
2026-08-17 04:00:00,27.6,82,974.4,igi_airport,28.5562,77.1
2026-08-17 05:00:00,28.3,79,974.6,igi_airport,28.5562,77.1
2026-08-17 06:00:00,28.0,79,975.3,igi_airport,28.5562,77.1
2026-08-17 07:00:00,28.7,78,975.8,igi_airport,28.5562,77.1
2026-08-17 08:00:00,29.6,75,976.3,igi_airport,28.5562,77.1
2026-08-17 09:00:00,30.4,73,976.6,igi_airport,28.5562,77.1
2026-08-17 10:00:00,31.5,70,977.0,igi_airport,28.5562,77.1
2026-08-17 11:00:00,32.6,65,976.8,igi_airport,28.5562,77.1
2026-08-17 12:00:00,33.0,64,976.1,igi_airport,28.5562,77.1
2026-08-17 13:00:00,30.2,72,975.6,igi_airport,28.5562,77.1
2026-08-17 14:00:00,31.9,68,975.0,igi_airport,28.5562,77.1
2026-08-17 15:00:00,32.8,62,974.5,igi_airport,28.5562,77.1
2026-08-17 16:00:00,30.6,75,974.1,igi_airport,28.5562,77.1
2026-08-17 17:00:00,27.2,95,974.9,igi_airport,28.5562,77.1
2026-08-17 18:00:00,27.5,92,974.6,igi_airport,28.5562,77.1
2026-08-17 19:00:00,27.6,94,975.1,igi_airport,28.5562,77.1
2026-08-17 20:00:00,27.7,93,975.9,igi_airport,28.5562,77.1
2026-08-17 21:00:00,27.8,92,976.4,igi_airport,28.5562,77.1
2026-08-17 22:00:00,28.0,89,976.8,igi_airport,28.5562,77.1
2026-08-17 23:00:00,28.8,88,976.5,igi_airport,28.5562,77.1
2026-08-18 00:00:00,28.3,86,976.4,igi_airport,28.5562,77.1
2026-08-18 01:00:00,28.0,82,976.1,igi_airport,28.5562,77.1
2026-08-18 02:00:00,27.6,82,975.8,igi_airport,28.5562,77.1
2026-08-18 03:00:00,27.4,83,975.6,igi_airport,28.5562,77.1
2026-08-18 04:00:00,27.2,83,975.8,igi_airport,28.5562,77.1
2026-08-18 05:00:00,28.0,78,975.6,igi_airport,28.5562,77.1
2026-08-18 06:00:00,27.8,78,976.2,igi_airport,28.5562,77.1
2026-08-18 07:00:00,28.4,77,977.0,igi_airport,28.5562,77.1
2026-08-18 08:00:00,29.5,74,977.2,igi_airport,28.5562,77.1
2026-08-18 09:00:00,30.5,71,977.6,igi_airport,28.5562,77.1
2026-08-18 10:00:00,31.4,67,977.8,igi_airport,28.5562,77.1
2026-08-18 11:00:00,32.3,62,978.1,igi_airport,28.5562,77.1
2026-08-18 12:00:00,32.7,61,977.7,igi_airport,28.5562,77.1
2026-08-18 13:00:00,33.0,62,977.1,igi_airport,28.5562,77.1
2026-08-18 14:00:00,33.1,62,976.3,igi_airport,28.5562,77.1
2026-08-18 15:00:00,33.2,62,975.5,igi_airport,28.5562,77.1
2026-08-18 16:00:00,31.9,67,975.1,igi_airport,28.5562,77.1
2026-08-18 17:00:00,32.2,65,975.2,igi_airport,28.5562,77.1
2026-08-18 18:00:00,31.3,74,975.9,igi_airport,28.5562,77.1
2026-08-18 19:00:00,30.4,78,976.5,igi_airport,28.5562,77.1
2026-08-18 20:00:00,28.4,84,977.5,igi_airport,28.5562,77.1
2026-08-18 21:00:00,27.0,86,977.9,igi_airport,28.5562,77.1
2026-08-18 22:00:00,26.6,86,977.8,igi_airport,28.5562,77.1
2026-08-18 23:00:00,27.7,88,977.4,igi_airport,28.5562,77.1
2026-08-19 00:00:00,27.4,89,977.1,igi_airport,28.5562,77.1
2026-08-19 01:00:00,27.2,91,976.7,igi_airport,28.5562,77.1
2026-08-19 02:00:00,27.0,91,976.5,igi_airport,28.5562,77.1
2026-08-19 03:00:00,27.0,91,976.3,igi_airport,28.5562,77.1
2026-08-19 04:00:00,26.7,92,976.7,igi_airport,28.5562,77.1
2026-08-19 05:00:00,27.8,86,976.3,igi_airport,28.5562,77.1
2026-08-19 06:00:00,27.6,85,977.0,igi_airport,28.5562,77.1
2026-08-19 07:00:00,28.5,82,977.7,igi_airport,28.5562,77.1
2026-08-19 08:00:00,29.6,76,978.3,igi_airport,28.5562,77.1
2026-08-19 09:00:00,30.7,71,978.7,igi_airport,28.5562,77.1
2026-08-19 10:00:00,31.6,67,978.4,igi_airport,28.5562,77.1
2026-08-19 11:00:00,32.5,60,978.6,igi_airport,28.5562,77.1
2026-08-19 12:00:00,32.8,58,977.9,igi_airport,28.5562,77.1
2026-08-19 13:00:00,33.1,57,977.4,igi_airport,28.5562,77.1
2026-08-19 14:00:00,33.3,56,976.8,igi_airport,28.5562,77.1
2026-08-19 15:00:00,33.5,55,976.1,igi_airport,28.5562,77.1
2026-08-19 16:00:00,33.2,56,975.6,igi_airport,28.5562,77.1
2026-08-19 17:00:00,28.9,92,976.6,igi_airport,28.5562,77.1
2026-08-19 18:00:00,28.5,92,976.6,igi_airport,28.5562,77.1
2026-08-19 19:00:00,28.1,94,977.0,igi_airport,28.5562,77.1
2026-08-19 20:00:00,27.7,94,977.7,igi_airport,28.5562,77.1
2026-08-19 21:00:00,27.6,94,978.2,igi_airport,28.5562,77.1
2026-08-19 22:00:00,27.6,92,978.0,igi_airport,28.5562,77.1
2026-08-19 23:00:00,28.6,94,977.8,igi_airport,28.5562,77.1
2026-08-20 00:00:00,28.0,93,977.6,igi_airport,28.5562,77.1
2026-08-20 01:00:00,27.2,95,977.9,igi_airport,28.5562,77.1
2026-08-20 02:00:00,26.9,96,977.4,igi_airport,28.5562,77.1
2026-08-20 03:00:00,27.0,98,977.3,igi_airport,28.5562,77.1
2026-08-20 04:00:00,27.2,94,977.5,igi_airport,28.5562,77.1
2026-08-20 05:00:00,27.2,93,977.5,igi_airport,28.5562,77.1
2026-08-20 06:00:00,26.7,93,977.6,igi_airport,28.5562,77.1
2026-08-20 07:00:00,27.0,90,978.6,igi_airport,28.5562,77.1
2026-08-20 08:00:00,27.3,88,979.0,igi_airport,28.5562,77.1
2026-08-20 09:00:00,27.6,86,979.5,igi_airport,28.5562,77.1
2026-08-20 10:00:00,27.9,84,979.5,igi_airport,28.5562,77.1
2026-08-20 11:00:00,31.3,69,979.1,igi_airport,28.5562,77.1
2026-08-20 12:00:00,31.9,66,978.4,igi_airport,28.5562,77.1
2026-08-20 13:00:00,32.8,62,977.8,igi_airport,28.5562,77.1
2026-08-20 14:00:00,33.0,61,976.6,igi_airport,28.5562,77.1
2026-08-20 15:00:00,33.1,61,976.0,igi_airport,28.5562,77.1
2026-08-20 16:00:00,33.0,62,975.4,igi_airport,28.5562,77.1
2026-08-20 17:00:00,29.0,92,975.9,igi_airport,28.5562,77.1
2026-08-20 18:00:00,28.7,91,976.3,igi_airport,28.5562,77.1
2026-08-20 19:00:00,28.3,92,976.4,igi_airport,28.5562,77.1
2026-08-20 20:00:00,28.2,91,977.0,igi_airport,28.5562,77.1
2026-08-20 21:00:00,28.1,89,977.5,igi_airport,28.5562,77.1
2026-08-20 22:00:00,27.8,88,977.4,igi_airport,28.5562,77.1
2026-08-20 23:00:00,29.3,91,977.1,igi_airport,28.5562,77.1
2026-08-21 00:00:00,28.6,92,977.1,igi_airport,28.5562,77.1
2026-08-21 01:00:00,28.5,90,976.6,igi_airport,28.5562,77.1
2026-08-21 02:00:00,28.2,89,976.2,igi_airport,28.5562,77.1
2026-08-21 03:00:00,27.9,92,976.2,igi_airport,28.5562,77.1
2026-08-21 04:00:00,27.7,94,976.2,igi_airport,28.5562,77.1
2026-08-21 05:00:00,27.1,97,976.6,igi_airport,28.5562,77.1
2026-08-21 06:00:00,26.7,92,976.4,igi_airport,28.5562,77.1
2026-08-21 07:00:00,27.4,87,977.4,igi_airport,28.5562,77.1
2026-08-21 08:00:00,29.2,80,978.1,igi_airport,28.5562,77.1
2026-08-21 09:00:00,30.8,69,978.0,igi_airport,28.5562,77.1
2026-08-21 10:00:00,32.0,65,978.1,igi_airport,28.5562,77.1
2026-08-21 11:00:00,33.4,60,977.9,igi_airport,28.5562,77.1
2026-08-21 12:00:00,33.6,59,977.1,igi_airport,28.5562,77.1
2026-08-21 13:00:00,33.6,58,976.4,igi_airport,28.5562,77.1
2026-08-21 14:00:00,33.7,57,975.4,igi_airport,28.5562,77.1
2026-08-21 15:00:00,33.1,59,975.0,igi_airport,28.5562,77.1
2026-08-21 16:00:00,32.6,63,974.3,igi_airport,28.5562,77.1
2026-08-21 17:00:00,32.5,67,974.3,igi_airport,28.5562,77.1
2026-08-21 18:00:00,31.2,75,974.4,igi_airport,28.5562,77.1
2026-08-21 19:00:00,30.3,78,975.0,igi_airport,28.5562,77.1
2026-08-21 20:00:00,30.0,80,975.5,igi_airport,28.5562,77.1
2026-08-21 21:00:00,29.7,82,975.9,igi_airport,28.5562,77.1
2026-08-21 22:00:00,29.3,83,976.0,igi_airport,28.5562,77.1
2026-08-21 23:00:00,27.5,92,975.9,igi_airport,28.5562,77.1
2026-08-22 00:00:00,27.6,92,975.6,igi_airport,28.5562,77.1
2026-08-22 01:00:00,27.1,91,975.6,igi_airport,28.5562,77.1
2026-08-22 02:00:00,26.3,92,975.9,igi_airport,28.5562,77.1
2026-08-22 03:00:00,25.5,96,975.2,igi_airport,28.5562,77.1
2026-08-22 04:00:00,25.5,94,975.6,igi_airport,28.5562,77.1
2026-08-22 05:00:00,26.2,97,975.8,igi_airport,28.5562,77.1
2026-08-22 06:00:00,26.8,94,976.5,igi_airport,28.5562,77.1
2026-08-22 07:00:00,27.9,92,977.1,igi_airport,28.5562,77.1
2026-08-22 08:00:00,29.3,80,977.5,igi_airport,28.5562,77.1
2026-08-22 09:00:00,30.6,71,977.7,igi_airport,28.5562,77.1
2026-08-22 10:00:00,31.7,66,977.8,igi_airport,28.5562,77.1
2026-08-22 11:00:00,32.5,63,977.9,igi_airport,28.5562,77.1
2026-08-22 12:00:00,33.0,61,977.0,igi_airport,28.5562,77.1
2026-08-22 13:00:00,33.4,61,976.2,igi_airport,28.5562,77.1
2026-08-22 14:00:00,33.7,59,975.3,igi_airport,28.5562,77.1
2026-08-22 15:00:00,32.9,62,974.7,igi_airport,28.5562,77.1
2026-08-22 16:00:00,31.9,65,974.1,igi_airport,28.5562,77.1
2026-08-22 17:00:00,30.1,79,974.7,igi_airport,28.5562,77.1
2026-08-22 18:00:00,30.2,81,975.0,igi_airport,28.5562,77.1
2026-08-22 19:00:00,29.0,84,975.5,igi_airport,28.5562,77.1
2026-08-22 20:00:00,28.1,86,976.0,igi_airport,28.5562,77.1
2026-08-22 21:00:00,27.9,87,976.6,igi_airport,28.5562,77.1
2026-08-22 22:00:00,27.6,85,976.8,igi_airport,28.5562,77.1
2026-08-22 23:00:00,28.7,82,976.7,igi_airport,28.5562,77.1
2026-08-23 00:00:00,28.3,81,976.5,igi_airport,28.5562,77.1
2026-08-23 01:00:00,27.7,88,976.5,igi_airport,28.5562,77.1
2026-08-23 02:00:00,27.2,92,976.0,igi_airport,28.5562,77.1
2026-08-23 03:00:00,27.0,91,975.9,igi_airport,28.5562,77.1
2026-08-23 04:00:00,27.0,89,976.2,igi_airport,28.5562,77.1
2026-08-23 05:00:00,26.9,85,976.4,igi_airport,28.5562,77.1
2026-08-23 06:00:00,24.3,97,977.4,igi_airport,28.5562,77.1
2026-08-23 07:00:00,25.9,98,977.5,igi_airport,28.5562,77.1
2026-08-23 08:00:00,28.1,85,978.0,igi_airport,28.5562,77.1
2026-08-23 09:00:00,30.1,76,978.7,igi_airport,28.5562,77.1
2026-08-23 10:00:00,29.1,80,979.2,igi_airport,28.5562,77.1
2026-08-23 11:00:00,29.6,79,979.4,igi_airport,28.5562,77.1
2026-08-23 12:00:00,31.0,73,978.8,igi_airport,28.5562,77.1
2026-08-23 13:00:00,31.6,69,977.8,igi_airport,28.5562,77.1
2026-08-23 14:00:00,32.5,65,976.7,igi_airport,28.5562,77.1
2026-08-23 15:00:00,32.7,63,975.9,igi_airport,28.5562,77.1
2026-08-23 16:00:00,32.6,63,975.2,igi_airport,28.5562,77.1
2026-08-23 17:00:00,32.4,68,974.9,igi_airport,28.5562,77.1
2026-08-23 18:00:00,31.3,77,975.7,igi_airport,28.5562,77.1
2026-08-23 19:00:00,30.4,80,976.2,igi_airport,28.5562,77.1
2026-08-23 20:00:00,30.3,81,977.3,igi_airport,28.5562,77.1
2026-08-23 21:00:00,30.2,82,978.0,igi_airport,28.5562,77.1
2026-08-23 22:00:00,29.9,83,977.6,igi_airport,28.5562,77.1
2026-08-23 23:00:00,28.2,93,978.0,igi_airport,28.5562,77.1
2026-08-24 00:00:00,27.6,94,977.4,igi_airport,28.5562,77.1
2026-08-24 01:00:00,27.3,92,976.7,igi_airport,28.5562,77.1
2026-08-24 02:00:00,27.4,91,976.5,igi_airport,28.5562,77.1
2026-08-24 03:00:00,25.1,93,976.7,igi_airport,28.5562,77.1
2026-08-24 04:00:00,24.3,96,977.3,igi_airport,28.5562,77.1
2026-08-24 05:00:00,25.7,98,977.3,igi_airport,28.5562,77.1
2026-08-24 06:00:00,25.8,97,977.8,igi_airport,28.5562,77.1
2026-08-24 07:00:00,26.6,92,978.0,igi_airport,28.5562,77.1
2026-08-24 08:00:00,27.7,88,978.1,igi_airport,28.5562,77.1
2026-08-24 09:00:00,29.7,77,978.6,igi_airport,28.5562,77.1
2026-08-24 10:00:00,31.2,69,978.5,igi_airport,28.5562,77.1
2026-08-24 11:00:00,29.4,77,978.6,igi_airport,28.5562,77.1
2026-08-24 12:00:00,29.6,78,978.5,igi_airport,28.5562,77.1
2026-08-24 13:00:00,30.0,72,977.4,igi_airport,28.5562,77.1
2026-08-24 14:00:00,31.3,67,976.6,igi_airport,28.5562,77.1
2026-08-24 15:00:00,31.6,66,975.9,igi_airport,28.5562,77.1
2026-08-24 16:00:00,31.0,68,975.6,igi_airport,28.5562,77.1
2026-08-24 17:00:00,31.2,72,975.4,igi_airport,28.5562,77.1
2026-08-24 18:00:00,30.9,77,975.8,igi_airport,28.5562,77.1
2026-08-24 19:00:00,30.3,80,976.4,igi_airport,28.5562,77.1
2026-08-24 20:00:00,29.7,83,977.1,igi_airport,28.5562,77.1
2026-08-24 21:00:00,29.3,85,977.9,igi_airport,28.5562,77.1
2026-08-24 22:00:00,28.8,87,977.8,igi_airport,28.5562,77.1
2026-08-24 23:00:00,28.5,88,977.3,igi_airport,28.5562,77.1
2026-08-25 00:00:00,28.1,91,977.4,igi_airport,28.5562,77.1
2026-08-25 01:00:00,27.8,92,977.0,igi_airport,28.5562,77.1
2026-08-25 02:00:00,27.7,92,976.7,igi_airport,28.5562,77.1
2026-08-25 03:00:00,27.7,93,976.8,igi_airport,28.5562,77.1
2026-08-25 04:00:00,27.5,93,976.8,igi_airport,28.5562,77.1
2026-08-25 05:00:00,26.3,98,977.4,igi_airport,28.5562,77.1
2026-08-25 06:00:00,26.7,96,978.2,igi_airport,28.5562,77.1
2026-08-25 07:00:00,26.5,96,978.1,igi_airport,28.5562,77.1
2026-08-25 08:00:00,27.1,93,978.4,igi_airport,28.5562,77.1
2026-08-25 09:00:00,28.3,89,978.7,igi_airport,28.5562,77.1
2026-08-25 10:00:00,29.3,84,979.0,igi_airport,28.5562,77.1
2026-08-25 11:00:00,30.2,76,978.9,igi_airport,28.5562,77.1
2026-08-25 12:00:00,31.0,70,978.6,igi_airport,28.5562,77.1
2026-08-25 13:00:00,32.0,65,977.9,igi_airport,28.5562,77.1
2026-08-25 14:00:00,32.3,64,977.0,igi_airport,28.5562,77.1
2026-08-25 15:00:00,32.7,62,976.4,igi_airport,28.5562,77.1
2026-08-25 16:00:00,32.5,62,976.1,igi_airport,28.5562,77.1
2026-08-25 17:00:00,29.7,84,976.6,igi_airport,28.5562,77.1
2026-08-25 18:00:00,29.0,88,976.9,igi_airport,28.5562,77.1
2026-08-25 19:00:00,28.5,91,976.9,igi_airport,28.5562,77.1
2026-08-25 20:00:00,28.2,91,977.6,igi_airport,28.5562,77.1
2026-08-25 21:00:00,27.9,92,977.9,igi_airport,28.5562,77.1
2026-08-25 22:00:00,27.6,92,977.9,igi_airport,28.5562,77.1
2026-08-25 23:00:00,27.9,90,977.9,igi_airport,28.5562,77.1
2026-07-20 00:00:00,30.3,84,977.7,lodhi_road,28.5913,77.2273
2026-07-20 01:00:00,28.8,89,977.3,lodhi_road,28.5913,77.2273
2026-07-20 02:00:00,28.1,90,977.0,lodhi_road,28.5913,77.2273
2026-07-20 03:00:00,28.4,90,977.2,lodhi_road,28.5913,77.2273
2026-07-20 04:00:00,26.8,94,977.3,lodhi_road,28.5913,77.2273
2026-07-20 05:00:00,28.5,84,977.0,lodhi_road,28.5913,77.2273
2026-07-20 06:00:00,28.6,85,976.9,lodhi_road,28.5913,77.2273
2026-07-20 07:00:00,28.2,87,977.4,lodhi_road,28.5913,77.2273
2026-07-20 08:00:00,27.7,92,978.1,lodhi_road,28.5913,77.2273
2026-07-20 09:00:00,28.7,90,978.7,lodhi_road,28.5913,77.2273
2026-07-20 10:00:00,29.5,86,979.1,lodhi_road,28.5913,77.2273
2026-07-20 11:00:00,31.7,71,978.8,lodhi_road,28.5913,77.2273
2026-07-20 12:00:00,30.8,76,978.6,lodhi_road,28.5913,77.2273
2026-07-20 13:00:00,28.9,86,978.3,lodhi_road,28.5913,77.2273
2026-07-20 14:00:00,29.1,85,977.4,lodhi_road,28.5913,77.2273
2026-07-20 15:00:00,30.2,81,976.8,lodhi_road,28.5913,77.2273
2026-07-20 16:00:00,30.5,79,976.8,lodhi_road,28.5913,77.2273
2026-07-20 17:00:00,29.9,78,977.8,lodhi_road,28.5913,77.2273
2026-07-20 18:00:00,27.5,92,978.1,lodhi_road,28.5913,77.2273
2026-07-20 19:00:00,27.4,93,977.7,lodhi_road,28.5913,77.2273
2026-07-20 20:00:00,27.4,95,978.4,lodhi_road,28.5913,77.2273
2026-07-20 21:00:00,27.4,95,979.1,lodhi_road,28.5913,77.2273
2026-07-20 22:00:00,27.3,94,979.5,lodhi_road,28.5913,77.2273
2026-07-20 23:00:00,26.5,96,979.4,lodhi_road,28.5913,77.2273
2026-07-21 00:00:00,26.7,95,978.8,lodhi_road,28.5913,77.2273
2026-07-21 01:00:00,26.5,95,978.3,lodhi_road,28.5913,77.2273
2026-07-21 02:00:00,26.3,95,978.3,lodhi_road,28.5913,77.2273
2026-07-21 03:00:00,26.3,93,977.9,lodhi_road,28.5913,77.2273
2026-07-21 04:00:00,26.1,93,978.0,lodhi_road,28.5913,77.2273
2026-07-21 05:00:00,26.3,93,977.7,lodhi_road,28.5913,77.2273
2026-07-21 06:00:00,25.7,95,978.5,lodhi_road,28.5913,77.2273
2026-07-21 07:00:00,25.9,95,978.5,lodhi_road,28.5913,77.2273
2026-07-21 08:00:00,26.4,92,978.9,lodhi_road,28.5913,77.2273
2026-07-21 09:00:00,27.0,88,978.8,lodhi_road,28.5913,77.2273
2026-07-21 10:00:00,28.0,84,978.9,lodhi_road,28.5913,77.2273
2026-07-21 11:00:00,26.7,95,978.6,lodhi_road,28.5913,77.2273
2026-07-21 12:00:00,27.7,94,978.1,lodhi_road,28.5913,77.2273
2026-07-21 13:00:00,29.5,86,977.5,lodhi_road,28.5913,77.2273
2026-07-21 14:00:00,29.1,85,976.8,lodhi_road,28.5913,77.2273
2026-07-21 15:00:00,27.5,92,976.5,lodhi_road,28.5913,77.2273
2026-07-21 16:00:00,28.4,87,975.9,lodhi_road,28.5913,77.2273
2026-07-21 17:00:00,29.9,74,975.6,lodhi_road,28.5913,77.2273
2026-07-21 18:00:00,28.9,82,976.1,lodhi_road,28.5913,77.2273
2026-07-21 19:00:00,28.4,86,976.9,lodhi_road,28.5913,77.2273
2026-07-21 20:00:00,28.2,87,977.6,lodhi_road,28.5913,77.2273
2026-07-21 21:00:00,28.0,87,978.1,lodhi_road,28.5913,77.2273
2026-07-21 22:00:00,27.7,88,978.7,lodhi_road,28.5913,77.2273
2026-07-21 23:00:00,26.7,95,978.4,lodhi_road,28.5913,77.2273
2026-07-22 00:00:00,26.5,94,978.0,lodhi_road,28.5913,77.2273
2026-07-22 01:00:00,26.4,94,977.4,lodhi_road,28.5913,77.2273
2026-07-22 02:00:00,26.3,95,976.9,lodhi_road,28.5913,77.2273
2026-07-22 03:00:00,25.8,96,977.2,lodhi_road,28.5913,77.2273
2026-07-22 04:00:00,25.8,95,977.8,lodhi_road,28.5913,77.2273
2026-07-22 05:00:00,25.8,95,977.3,lodhi_road,28.5913,77.2273
2026-07-22 06:00:00,25.9,95,977.7,lodhi_road,28.5913,77.2273
2026-07-22 07:00:00,26.7,89,977.9,lodhi_road,28.5913,77.2273
2026-07-22 08:00:00,27.1,84,978.4,lodhi_road,28.5913,77.2273
2026-07-22 09:00:00,28.7,77,978.5,lodhi_road,28.5913,77.2273
2026-07-22 10:00:00,29.9,74,978.4,lodhi_road,28.5913,77.2273
2026-07-22 11:00:00,30.6,67,978.2,lodhi_road,28.5913,77.2273
2026-07-22 12:00:00,31.3,66,977.9,lodhi_road,28.5913,77.2273
2026-07-22 13:00:00,31.7,67,977.0,lodhi_road,28.5913,77.2273
2026-07-22 14:00:00,31.8,67,976.0,lodhi_road,28.5913,77.2273
2026-07-22 15:00:00,31.6,69,975.5,lodhi_road,28.5913,77.2273
2026-07-22 16:00:00,31.5,68,974.7,lodhi_road,28.5913,77.2273
2026-07-22 17:00:00,28.4,88,975.3,lodhi_road,28.5913,77.2273
2026-07-22 18:00:00,28.9,86,975.8,lodhi_road,28.5913,77.2273
2026-07-22 19:00:00,28.6,89,976.1,lodhi_road,28.5913,77.2273
2026-07-22 20:00:00,28.8,89,976.8,lodhi_road,28.5913,77.2273
2026-07-22 21:00:00,28.9,87,977.1,lodhi_road,28.5913,77.2273
2026-07-22 22:00:00,28.6,84,977.4,lodhi_road,28.5913,77.2273
2026-07-22 23:00:00,28.2,84,977.2,lodhi_road,28.5913,77.2273
2026-07-23 00:00:00,28.2,84,976.8,lodhi_road,28.5913,77.2273
2026-07-23 01:00:00,27.9,84,976.3,lodhi_road,28.5913,77.2273
2026-07-23 02:00:00,27.7,85,976.0,lodhi_road,28.5913,77.2273
2026-07-23 03:00:00,27.4,85,975.7,lodhi_road,28.5913,77.2273
2026-07-23 04:00:00,27.2,86,975.9,lodhi_road,28.5913,77.2273
2026-07-23 05:00:00,26.6,93,976.1,lodhi_road,28.5913,77.2273
2026-07-23 06:00:00,26.1,95,976.3,lodhi_road,28.5913,77.2273
2026-07-23 07:00:00,26.6,93,976.6,lodhi_road,28.5913,77.2273
2026-07-23 08:00:00,27.6,85,976.8,lodhi_road,28.5913,77.2273
2026-07-23 09:00:00,28.4,83,976.6,lodhi_road,28.5913,77.2273
2026-07-23 10:00:00,30.3,74,976.5,lodhi_road,28.5913,77.2273
2026-07-23 11:00:00,31.0,68,976.5,lodhi_road,28.5913,77.2273
2026-07-23 12:00:00,31.5,65,975.9,lodhi_road,28.5913,77.2273
2026-07-23 13:00:00,31.9,65,975.1,lodhi_road,28.5913,77.2273
2026-07-23 14:00:00,32.2,64,974.4,lodhi_road,28.5913,77.2273
2026-07-23 15:00:00,29.7,76,974.3,lodhi_road,28.5913,77.2273
2026-07-23 16:00:00,30.2,76,973.5,lodhi_road,28.5913,77.2273
2026-07-23 17:00:00,31.3,70,973.8,lodhi_road,28.5913,77.2273
2026-07-23 18:00:00,30.2,75,974.4,lodhi_road,28.5913,77.2273
2026-07-23 19:00:00,29.8,76,974.7,lodhi_road,28.5913,77.2273
2026-07-23 20:00:00,28.6,82,975.5,lodhi_road,28.5913,77.2273
2026-07-23 21:00:00,26.2,94,976.6,lodhi_road,28.5913,77.2273
2026-07-23 22:00:00,26.5,94,976.4,lodhi_road,28.5913,77.2273
2026-07-23 23:00:00,27.5,88,976.4,lodhi_road,28.5913,77.2273
2026-07-24 00:00:00,27.1,88,976.1,lodhi_road,28.5913,77.2273
2026-07-24 01:00:00,26.9,89,976.0,lodhi_road,28.5913,77.2273
2026-07-24 02:00:00,26.8,89,975.3,lodhi_road,28.5913,77.2273
2026-07-24 03:00:00,26.7,90,975.4,lodhi_road,28.5913,77.2273
2026-07-24 04:00:00,26.5,91,975.5,lodhi_road,28.5913,77.2273
2026-07-24 05:00:00,25.8,95,975.6,lodhi_road,28.5913,77.2273
2026-07-24 06:00:00,25.9,94,975.2,lodhi_road,28.5913,77.2273
2026-07-24 07:00:00,26.8,90,975.8,lodhi_road,28.5913,77.2273
2026-07-24 08:00:00,28.2,83,975.8,lodhi_road,28.5913,77.2273
2026-07-24 09:00:00,29.3,77,976.2,lodhi_road,28.5913,77.2273
2026-07-24 10:00:00,30.3,73,976.3,lodhi_road,28.5913,77.2273
2026-07-24 11:00:00,30.3,75,976.5,lodhi_road,28.5913,77.2273
2026-07-24 12:00:00,31.0,73,976.2,lodhi_road,28.5913,77.2273
2026-07-24 13:00:00,29.5,79,975.2,lodhi_road,28.5913,77.2273
2026-07-24 14:00:00,28.7,83,975.0,lodhi_road,28.5913,77.2273
2026-07-24 15:00:00,29.7,80,974.0,lodhi_road,28.5913,77.2273
2026-07-24 16:00:00,30.6,74,973.4,lodhi_road,28.5913,77.2273
2026-07-24 17:00:00,30.0,82,973.0,lodhi_road,28.5913,77.2273
2026-07-24 18:00:00,30.0,83,973.5,lodhi_road,28.5913,77.2273
2026-07-24 19:00:00,29.6,84,974.5,lodhi_road,28.5913,77.2273
2026-07-24 20:00:00,29.4,84,975.5,lodhi_road,28.5913,77.2273
2026-07-24 21:00:00,29.0,84,976.4,lodhi_road,28.5913,77.2273
2026-07-24 22:00:00,28.6,85,976.8,lodhi_road,28.5913,77.2273
2026-07-24 23:00:00,28.3,86,976.6,lodhi_road,28.5913,77.2273
2026-07-25 00:00:00,28.1,85,976.6,lodhi_road,28.5913,77.2273
2026-07-25 01:00:00,28.0,83,976.7,lodhi_road,28.5913,77.2273
2026-07-25 02:00:00,27.6,84,976.7,lodhi_road,28.5913,77.2273
2026-07-25 03:00:00,27.5,87,976.5,lodhi_road,28.5913,77.2273
2026-07-25 04:00:00,27.4,87,976.5,lodhi_road,28.5913,77.2273
2026-07-25 05:00:00,27.4,89,976.4,lodhi_road,28.5913,77.2273
2026-07-25 06:00:00,27.5,89,977.7,lodhi_road,28.5913,77.2273
2026-07-25 07:00:00,28.2,87,978.0,lodhi_road,28.5913,77.2273
2026-07-25 08:00:00,28.8,81,978.3,lodhi_road,28.5913,77.2273
2026-07-25 09:00:00,29.7,75,978.7,lodhi_road,28.5913,77.2273
2026-07-25 10:00:00,30.4,73,978.9,lodhi_road,28.5913,77.2273
2026-07-25 11:00:00,31.5,66,978.6,lodhi_road,28.5913,77.2273
2026-07-25 12:00:00,31.5,66,977.8,lodhi_road,28.5913,77.2273
2026-07-25 13:00:00,32.1,64,977.3,lodhi_road,28.5913,77.2273
2026-07-25 14:00:00,32.3,63,976.5,lodhi_road,28.5913,77.2273
2026-07-25 15:00:00,32.3,64,976.3,lodhi_road,28.5913,77.2273
2026-07-25 16:00:00,31.4,68,975.8,lodhi_road,28.5913,77.2273
2026-07-25 17:00:00,30.2,82,976.2,lodhi_road,28.5913,77.2273
2026-07-25 18:00:00,29.6,82,976.5,lodhi_road,28.5913,77.2273
2026-07-25 19:00:00,28.8,83,977.3,lodhi_road,28.5913,77.2273
2026-07-25 20:00:00,28.4,86,978.3,lodhi_road,28.5913,77.2273
2026-07-25 21:00:00,28.0,88,978.8,lodhi_road,28.5913,77.2273
2026-07-25 22:00:00,27.7,89,979.1,lodhi_road,28.5913,77.2273
2026-07-25 23:00:00,27.4,92,978.6,lodhi_road,28.5913,77.2273
2026-07-26 00:00:00,27.4,93,978.4,lodhi_road,28.5913,77.2273
2026-07-26 01:00:00,27.5,94,978.0,lodhi_road,28.5913,77.2273
2026-07-26 02:00:00,27.5,95,977.7,lodhi_road,28.5913,77.2273
2026-07-26 03:00:00,27.3,95,977.7,lodhi_road,28.5913,77.2273
2026-07-26 04:00:00,27.3,95,977.9,lodhi_road,28.5913,77.2273
2026-07-26 05:00:00,28.3,91,977.7,lodhi_road,28.5913,77.2273
2026-07-26 06:00:00,27.6,94,977.8,lodhi_road,28.5913,77.2273
2026-07-26 07:00:00,28.5,90,978.1,lodhi_road,28.5913,77.2273
2026-07-26 08:00:00,29.5,84,978.3,lodhi_road,28.5913,77.2273
2026-07-26 09:00:00,30.7,78,978.2,lodhi_road,28.5913,77.2273
2026-07-26 10:00:00,31.5,73,978.5,lodhi_road,28.5913,77.2273
2026-07-26 11:00:00,32.5,63,978.7,lodhi_road,28.5913,77.2273
2026-07-26 12:00:00,32.9,63,978.5,lodhi_road,28.5913,77.2273
2026-07-26 13:00:00,33.5,62,978.0,lodhi_road,28.5913,77.2273
2026-07-26 14:00:00,33.7,60,976.9,lodhi_road,28.5913,77.2273
2026-07-26 15:00:00,33.7,59,976.2,lodhi_road,28.5913,77.2273
2026-07-26 16:00:00,33.5,61,975.5,lodhi_road,28.5913,77.2273
2026-07-26 17:00:00,33.7,60,975.2,lodhi_road,28.5913,77.2273
2026-07-26 18:00:00,32.6,70,975.2,lodhi_road,28.5913,77.2273
2026-07-26 19:00:00,31.7,77,975.6,lodhi_road,28.5913,77.2273
2026-07-26 20:00:00,31.3,80,976.1,lodhi_road,28.5913,77.2273
2026-07-26 21:00:00,31.1,83,976.7,lodhi_road,28.5913,77.2273
2026-07-26 22:00:00,30.9,83,977.0,lodhi_road,28.5913,77.2273
2026-07-26 23:00:00,30.6,85,976.5,lodhi_road,28.5913,77.2273
2026-07-27 00:00:00,30.2,86,976.2,lodhi_road,28.5913,77.2273
2026-07-27 01:00:00,29.8,88,975.5,lodhi_road,28.5913,77.2273
2026-07-27 02:00:00,29.5,87,975.2,lodhi_road,28.5913,77.2273
2026-07-27 03:00:00,29.4,84,975.1,lodhi_road,28.5913,77.2273
2026-07-27 04:00:00,29.2,84,975.2,lodhi_road,28.5913,77.2273
2026-07-27 05:00:00,29.7,84,975.2,lodhi_road,28.5913,77.2273
2026-07-27 06:00:00,29.9,82,975.4,lodhi_road,28.5913,77.2273
2026-07-27 07:00:00,30.5,79,975.8,lodhi_road,28.5913,77.2273
2026-07-27 08:00:00,31.4,75,975.8,lodhi_road,28.5913,77.2273
2026-07-27 09:00:00,32.4,69,975.7,lodhi_road,28.5913,77.2273
2026-07-27 10:00:00,33.2,65,976.1,lodhi_road,28.5913,77.2273
2026-07-27 11:00:00,34.3,55,975.5,lodhi_road,28.5913,77.2273
2026-07-27 12:00:00,35.1,53,975.6,lodhi_road,28.5913,77.2273
2026-07-27 13:00:00,35.2,54,974.9,lodhi_road,28.5913,77.2273
2026-07-27 14:00:00,35.3,53,973.9,lodhi_road,28.5913,77.2273
2026-07-27 15:00:00,34.2,55,973.3,lodhi_road,28.5913,77.2273
2026-07-27 16:00:00,33.7,58,973.2,lodhi_road,28.5913,77.2273
2026-07-27 17:00:00,33.0,64,973.1,lodhi_road,28.5913,77.2273
2026-07-27 18:00:00,32.0,76,973.1,lodhi_road,28.5913,77.2273
2026-07-27 19:00:00,31.6,78,973.3,lodhi_road,28.5913,77.2273
2026-07-27 20:00:00,31.1,77,974.2,lodhi_road,28.5913,77.2273
2026-07-27 21:00:00,30.0,83,974.8,lodhi_road,28.5913,77.2273
2026-07-27 22:00:00,29.2,84,975.4,lodhi_road,28.5913,77.2273
2026-07-27 23:00:00,30.1,87,974.9,lodhi_road,28.5913,77.2273
2026-07-28 00:00:00,28.4,87,975.3,lodhi_road,28.5913,77.2273
2026-07-28 01:00:00,27.3,92,975.2,lodhi_road,28.5913,77.2273
2026-07-28 02:00:00,27.0,94,974.8,lodhi_road,28.5913,77.2273
2026-07-28 03:00:00,26.3,96,974.5,lodhi_road,28.5913,77.2273
2026-07-28 04:00:00,26.1,97,974.3,lodhi_road,28.5913,77.2273
2026-07-28 05:00:00,28.5,92,973.8,lodhi_road,28.5913,77.2273
2026-07-28 06:00:00,28.5,93,974.5,lodhi_road,28.5913,77.2273
2026-07-28 07:00:00,28.8,93,974.8,lodhi_road,28.5913,77.2273
2026-07-28 08:00:00,28.3,88,975.3,lodhi_road,28.5913,77.2273
2026-07-28 09:00:00,28.1,90,976.1,lodhi_road,28.5913,77.2273
2026-07-28 10:00:00,27.2,94,977.0,lodhi_road,28.5913,77.2273
2026-07-28 11:00:00,27.5,93,976.7,lodhi_road,28.5913,77.2273
2026-07-28 12:00:00,26.7,95,976.0,lodhi_road,28.5913,77.2273
2026-07-28 13:00:00,26.9,93,975.9,lodhi_road,28.5913,77.2273
2026-07-28 14:00:00,26.9,94,974.8,lodhi_road,28.5913,77.2273
2026-07-28 15:00:00,27.3,92,974.3,lodhi_road,28.5913,77.2273
2026-07-28 16:00:00,27.1,94,973.7,lodhi_road,28.5913,77.2273
2026-07-28 17:00:00,31.0,72,973.8,lodhi_road,28.5913,77.2273
2026-07-28 18:00:00,30.2,77,973.9,lodhi_road,28.5913,77.2273
2026-07-28 19:00:00,29.5,83,974.4,lodhi_road,28.5913,77.2273
2026-07-28 20:00:00,28.9,86,975.2,lodhi_road,28.5913,77.2273
2026-07-28 21:00:00,28.6,87,976.1,lodhi_road,28.5913,77.2273
2026-07-28 22:00:00,28.2,88,976.7,lodhi_road,28.5913,77.2273
2026-07-28 23:00:00,27.9,89,976.5,lodhi_road,28.5913,77.2273
2026-07-29 00:00:00,27.7,91,976.4,lodhi_road,28.5913,77.2273
2026-07-29 01:00:00,27.6,91,976.3,lodhi_road,28.5913,77.2273
2026-07-29 02:00:00,27.1,94,975.9,lodhi_road,28.5913,77.2273
2026-07-29 03:00:00,26.7,95,975.9,lodhi_road,28.5913,77.2273
2026-07-29 04:00:00,26.7,95,976.2,lodhi_road,28.5913,77.2273
2026-07-29 05:00:00,26.7,97,975.7,lodhi_road,28.5913,77.2273
2026-07-29 06:00:00,26.4,96,976.3,lodhi_road,28.5913,77.2273
2026-07-29 07:00:00,26.3,99,976.8,lodhi_road,28.5913,77.2273
2026-07-29 08:00:00,26.8,93,977.1,lodhi_road,28.5913,77.2273
2026-07-29 09:00:00,28.0,87,977.3,lodhi_road,28.5913,77.2273
2026-07-29 10:00:00,28.8,84,977.5,lodhi_road,28.5913,77.2273
2026-07-29 11:00:00,30.9,75,977.1,lodhi_road,28.5913,77.2273
2026-07-29 12:00:00,31.7,73,976.9,lodhi_road,28.5913,77.2273
2026-07-29 13:00:00,32.0,72,976.2,lodhi_road,28.5913,77.2273
2026-07-29 14:00:00,32.3,68,975.2,lodhi_road,28.5913,77.2273
2026-07-29 15:00:00,32.5,67,974.6,lodhi_road,28.5913,77.2273
2026-07-29 16:00:00,32.3,67,973.8,lodhi_road,28.5913,77.2273
2026-07-29 17:00:00,32.5,68,973.6,lodhi_road,28.5913,77.2273
2026-07-29 18:00:00,31.7,77,973.6,lodhi_road,28.5913,77.2273
2026-07-29 19:00:00,30.8,82,974.4,lodhi_road,28.5913,77.2273
2026-07-29 20:00:00,30.3,83,975.3,lodhi_road,28.5913,77.2273
2026-07-29 21:00:00,29.8,85,976.1,lodhi_road,28.5913,77.2273
2026-07-29 22:00:00,29.4,88,976.3,lodhi_road,28.5913,77.2273
2026-07-29 23:00:00,29.8,86,975.9,lodhi_road,28.5913,77.2273
2026-07-30 00:00:00,29.2,89,975.5,lodhi_road,28.5913,77.2273
2026-07-30 01:00:00,28.0,85,975.6,lodhi_road,28.5913,77.2273
2026-07-30 02:00:00,25.5,96,975.4,lodhi_road,28.5913,77.2273
2026-07-30 03:00:00,26.1,95,975.0,lodhi_road,28.5913,77.2273
2026-07-30 04:00:00,26.3,97,974.9,lodhi_road,28.5913,77.2273
2026-07-30 05:00:00,28.3,95,974.3,lodhi_road,28.5913,77.2273
2026-07-30 06:00:00,28.4,95,974.7,lodhi_road,28.5913,77.2273
2026-07-30 07:00:00,28.4,89,975.6,lodhi_road,28.5913,77.2273
2026-07-30 08:00:00,29.2,85,976.1,lodhi_road,28.5913,77.2273
2026-07-30 09:00:00,30.4,78,976.3,lodhi_road,28.5913,77.2273
2026-07-30 10:00:00,31.6,72,976.7,lodhi_road,28.5913,77.2273
2026-07-30 11:00:00,32.8,64,976.5,lodhi_road,28.5913,77.2273
2026-07-30 12:00:00,32.9,63,976.1,lodhi_road,28.5913,77.2273
2026-07-30 13:00:00,32.0,67,975.9,lodhi_road,28.5913,77.2273
2026-07-30 14:00:00,32.8,64,974.9,lodhi_road,28.5913,77.2273
2026-07-30 15:00:00,33.1,62,974.0,lodhi_road,28.5913,77.2273
2026-07-30 16:00:00,33.2,61,973.5,lodhi_road,28.5913,77.2273
2026-07-30 17:00:00,31.5,73,973.3,lodhi_road,28.5913,77.2273
2026-07-30 18:00:00,29.0,84,973.8,lodhi_road,28.5913,77.2273
2026-07-30 19:00:00,28.5,86,974.6,lodhi_road,28.5913,77.2273
2026-07-30 20:00:00,28.5,88,975.3,lodhi_road,28.5913,77.2273
2026-07-30 21:00:00,28.4,90,976.1,lodhi_road,28.5913,77.2273
2026-07-30 22:00:00,28.3,91,976.4,lodhi_road,28.5913,77.2273
2026-07-30 23:00:00,28.8,90,976.1,lodhi_road,28.5913,77.2273
2026-07-31 00:00:00,28.6,89,975.6,lodhi_road,28.5913,77.2273
2026-07-31 01:00:00,28.4,89,975.6,lodhi_road,28.5913,77.2273
2026-07-31 02:00:00,28.3,88,975.5,lodhi_road,28.5913,77.2273
2026-07-31 03:00:00,28.1,87,975.4,lodhi_road,28.5913,77.2273
2026-07-31 04:00:00,27.9,87,975.7,lodhi_road,28.5913,77.2273
2026-07-31 05:00:00,28.1,84,975.4,lodhi_road,28.5913,77.2273
2026-07-31 06:00:00,27.9,85,975.9,lodhi_road,28.5913,77.2273
2026-07-31 07:00:00,28.6,82,976.4,lodhi_road,28.5913,77.2273
2026-07-31 08:00:00,28.9,80,976.7,lodhi_road,28.5913,77.2273
2026-07-31 09:00:00,29.5,77,977.0,lodhi_road,28.5913,77.2273
2026-07-31 10:00:00,29.8,75,977.1,lodhi_road,28.5913,77.2273
2026-07-31 11:00:00,30.5,72,977.4,lodhi_road,28.5913,77.2273
2026-07-31 12:00:00,31.4,68,976.6,lodhi_road,28.5913,77.2273
2026-07-31 13:00:00,32.0,64,975.9,lodhi_road,28.5913,77.2273
2026-07-31 14:00:00,32.5,63,975.0,lodhi_road,28.5913,77.2273
2026-07-31 15:00:00,32.4,63,974.2,lodhi_road,28.5913,77.2273
2026-07-31 16:00:00,29.4,78,973.5,lodhi_road,28.5913,77.2273
2026-07-31 17:00:00,31.4,73,973.6,lodhi_road,28.5913,77.2273
2026-07-31 18:00:00,30.9,75,974.1,lodhi_road,28.5913,77.2273
2026-07-31 19:00:00,30.0,80,974.8,lodhi_road,28.5913,77.2273
2026-07-31 20:00:00,29.6,83,975.4,lodhi_road,28.5913,77.2273
2026-07-31 21:00:00,29.1,84,976.3,lodhi_road,28.5913,77.2273
2026-07-31 22:00:00,28.8,85,976.6,lodhi_road,28.5913,77.2273
2026-07-31 23:00:00,28.0,87,976.1,lodhi_road,28.5913,77.2273
2026-08-01 00:00:00,27.9,88,976.2,lodhi_road,28.5913,77.2273
2026-08-01 01:00:00,27.1,94,976.1,lodhi_road,28.5913,77.2273
2026-08-01 02:00:00,27.1,92,975.5,lodhi_road,28.5913,77.2273
2026-08-01 03:00:00,27.1,91,975.5,lodhi_road,28.5913,77.2273
2026-08-01 04:00:00,27.2,91,975.7,lodhi_road,28.5913,77.2273
2026-08-01 05:00:00,26.7,95,975.6,lodhi_road,28.5913,77.2273
2026-08-01 06:00:00,27.0,93,976.0,lodhi_road,28.5913,77.2273
2026-08-01 07:00:00,27.1,90,976.5,lodhi_road,28.5913,77.2273
2026-08-01 08:00:00,27.8,87,976.6,lodhi_road,28.5913,77.2273
2026-08-01 09:00:00,29.4,78,976.4,lodhi_road,28.5913,77.2273
2026-08-01 10:00:00,30.6,73,976.4,lodhi_road,28.5913,77.2273
2026-08-01 11:00:00,31.5,70,976.3,lodhi_road,28.5913,77.2273
2026-08-01 12:00:00,32.1,69,975.6,lodhi_road,28.5913,77.2273
2026-08-01 13:00:00,32.4,66,975.2,lodhi_road,28.5913,77.2273
2026-08-01 14:00:00,32.0,64,974.4,lodhi_road,28.5913,77.2273
2026-08-01 15:00:00,31.2,71,973.6,lodhi_road,28.5913,77.2273
2026-08-01 16:00:00,31.4,74,973.2,lodhi_road,28.5913,77.2273
2026-08-01 17:00:00,30.5,78,973.7,lodhi_road,28.5913,77.2273
2026-08-01 18:00:00,30.3,81,974.1,lodhi_road,28.5913,77.2273
2026-08-01 19:00:00,29.7,84,974.5,lodhi_road,28.5913,77.2273
2026-08-01 20:00:00,29.4,86,975.2,lodhi_road,28.5913,77.2273
2026-08-01 21:00:00,29.3,87,976.0,lodhi_road,28.5913,77.2273
2026-08-01 22:00:00,29.2,87,976.4,lodhi_road,28.5913,77.2273
2026-08-01 23:00:00,27.2,89,976.4,lodhi_road,28.5913,77.2273
2026-08-02 00:00:00,26.7,90,976.0,lodhi_road,28.5913,77.2273
2026-08-02 01:00:00,26.7,92,976.4,lodhi_road,28.5913,77.2273
2026-08-02 02:00:00,26.9,93,976.1,lodhi_road,28.5913,77.2273
2026-08-02 03:00:00,26.7,94,975.5,lodhi_road,28.5913,77.2273
2026-08-02 04:00:00,26.8,94,976.2,lodhi_road,28.5913,77.2273
2026-08-02 05:00:00,27.1,95,976.1,lodhi_road,28.5913,77.2273
2026-08-02 06:00:00,26.6,96,976.9,lodhi_road,28.5913,77.2273
2026-08-02 07:00:00,26.9,95,977.1,lodhi_road,28.5913,77.2273
2026-08-02 08:00:00,28.5,88,977.3,lodhi_road,28.5913,77.2273
2026-08-02 09:00:00,30.2,79,977.2,lodhi_road,28.5913,77.2273
2026-08-02 10:00:00,31.6,71,977.1,lodhi_road,28.5913,77.2273
2026-08-02 11:00:00,32.8,64,977.0,lodhi_road,28.5913,77.2273
2026-08-02 12:00:00,33.7,59,976.6,lodhi_road,28.5913,77.2273
2026-08-02 13:00:00,32.9,61,976.4,lodhi_road,28.5913,77.2273
2026-08-02 14:00:00,32.2,68,975.5,lodhi_road,28.5913,77.2273
2026-08-02 15:00:00,32.6,67,974.9,lodhi_road,28.5913,77.2273
2026-08-02 16:00:00,32.4,67,974.5,lodhi_road,28.5913,77.2273
2026-08-02 17:00:00,27.6,93,975.1,lodhi_road,28.5913,77.2273
2026-08-02 18:00:00,28.3,91,975.8,lodhi_road,28.5913,77.2273
2026-08-02 19:00:00,27.5,93,975.6,lodhi_road,28.5913,77.2273
2026-08-02 20:00:00,27.7,94,976.4,lodhi_road,28.5913,77.2273
2026-08-02 21:00:00,27.8,94,977.5,lodhi_road,28.5913,77.2273
2026-08-02 22:00:00,27.9,94,977.8,lodhi_road,28.5913,77.2273
2026-08-02 23:00:00,28.6,94,977.1,lodhi_road,28.5913,77.2273
2026-08-03 00:00:00,28.5,94,976.9,lodhi_road,28.5913,77.2273
2026-08-03 01:00:00,28.4,94,976.8,lodhi_road,28.5913,77.2273
2026-08-03 02:00:00,27.9,93,976.5,lodhi_road,28.5913,77.2273
2026-08-03 03:00:00,27.4,94,976.2,lodhi_road,28.5913,77.2273
2026-08-03 04:00:00,27.2,95,976.3,lodhi_road,28.5913,77.2273
2026-08-03 05:00:00,27.4,94,976.1,lodhi_road,28.5913,77.2273
2026-08-03 06:00:00,27.7,96,976.7,lodhi_road,28.5913,77.2273
2026-08-03 07:00:00,27.8,94,976.8,lodhi_road,28.5913,77.2273
2026-08-03 08:00:00,28.4,88,977.8,lodhi_road,28.5913,77.2273
2026-08-03 09:00:00,29.5,83,978.1,lodhi_road,28.5913,77.2273
2026-08-03 10:00:00,30.4,81,978.2,lodhi_road,28.5913,77.2273
2026-08-03 11:00:00,31.3,73,977.8,lodhi_road,28.5913,77.2273
2026-08-03 12:00:00,32.6,69,977.7,lodhi_road,28.5913,77.2273
2026-08-03 13:00:00,33.4,67,977.2,lodhi_road,28.5913,77.2273
2026-08-03 14:00:00,30.7,75,976.7,lodhi_road,28.5913,77.2273
2026-08-03 15:00:00,30.9,79,976.4,lodhi_road,28.5913,77.2273
2026-08-03 16:00:00,30.1,80,975.8,lodhi_road,28.5913,77.2273
2026-08-03 17:00:00,32.3,75,975.2,lodhi_road,28.5913,77.2273
2026-08-03 18:00:00,29.8,84,975.3,lodhi_road,28.5913,77.2273
2026-08-03 19:00:00,27.7,94,976.5,lodhi_road,28.5913,77.2273
2026-08-03 20:00:00,27.3,95,977.5,lodhi_road,28.5913,77.2273
2026-08-03 21:00:00,27.3,94,978.5,lodhi_road,28.5913,77.2273
2026-08-03 22:00:00,27.1,95,978.4,lodhi_road,28.5913,77.2273
2026-08-03 23:00:00,26.9,98,978.5,lodhi_road,28.5913,77.2273
2026-08-04 00:00:00,26.9,97,977.9,lodhi_road,28.5913,77.2273
2026-08-04 01:00:00,26.7,98,977.5,lodhi_road,28.5913,77.2273
2026-08-04 02:00:00,26.5,98,977.3,lodhi_road,28.5913,77.2273
2026-08-04 03:00:00,26.6,98,977.7,lodhi_road,28.5913,77.2273
2026-08-04 04:00:00,26.6,98,977.6,lodhi_road,28.5913,77.2273
2026-08-04 05:00:00,26.6,97,977.1,lodhi_road,28.5913,77.2273
2026-08-04 06:00:00,26.3,98,978.0,lodhi_road,28.5913,77.2273
2026-08-04 07:00:00,26.7,95,978.0,lodhi_road,28.5913,77.2273
2026-08-04 08:00:00,27.3,93,978.7,lodhi_road,28.5913,77.2273
2026-08-04 09:00:00,28.5,86,979.0,lodhi_road,28.5913,77.2273
2026-08-04 10:00:00,29.5,83,979.5,lodhi_road,28.5913,77.2273
2026-08-04 11:00:00,27.8,93,979.4,lodhi_road,28.5913,77.2273
2026-08-04 12:00:00,27.8,93,978.9,lodhi_road,28.5913,77.2273
2026-08-04 13:00:00,28.4,89,978.5,lodhi_road,28.5913,77.2273
2026-08-04 14:00:00,28.5,86,977.9,lodhi_road,28.5913,77.2273
2026-08-04 15:00:00,29.3,83,977.3,lodhi_road,28.5913,77.2273
2026-08-04 16:00:00,29.4,83,976.4,lodhi_road,28.5913,77.2273
2026-08-04 17:00:00,27.3,95,976.7,lodhi_road,28.5913,77.2273
2026-08-04 18:00:00,27.3,94,976.7,lodhi_road,28.5913,77.2273
2026-08-04 19:00:00,27.2,95,977.0,lodhi_road,28.5913,77.2273
2026-08-04 20:00:00,27.1,97,977.7,lodhi_road,28.5913,77.2273
2026-08-04 21:00:00,27.1,96,978.5,lodhi_road,28.5913,77.2273
2026-08-04 22:00:00,26.8,97,978.5,lodhi_road,28.5913,77.2273
2026-08-04 23:00:00,27.4,97,977.8,lodhi_road,28.5913,77.2273
2026-08-05 00:00:00,27.4,97,977.0,lodhi_road,28.5913,77.2273
2026-08-05 01:00:00,27.3,97,976.8,lodhi_road,28.5913,77.2273
2026-08-05 02:00:00,27.2,93,976.5,lodhi_road,28.5913,77.2273
2026-08-05 03:00:00,26.9,95,976.4,lodhi_road,28.5913,77.2273
2026-08-05 04:00:00,26.9,93,976.3,lodhi_road,28.5913,77.2273
2026-08-05 05:00:00,26.5,97,976.4,lodhi_road,28.5913,77.2273
2026-08-05 06:00:00,26.2,97,976.6,lodhi_road,28.5913,77.2273
2026-08-05 07:00:00,26.9,95,976.7,lodhi_road,28.5913,77.2273
2026-08-05 08:00:00,28.1,89,976.8,lodhi_road,28.5913,77.2273
2026-08-05 09:00:00,29.9,78,976.8,lodhi_road,28.5913,77.2273
2026-08-05 10:00:00,31.1,70,976.7,lodhi_road,28.5913,77.2273
2026-08-05 11:00:00,31.3,71,976.8,lodhi_road,28.5913,77.2273
2026-08-05 12:00:00,30.7,72,975.6,lodhi_road,28.5913,77.2273
2026-08-05 13:00:00,31.5,67,975.3,lodhi_road,28.5913,77.2273
2026-08-05 14:00:00,31.8,65,974.3,lodhi_road,28.5913,77.2273
2026-08-05 15:00:00,32.5,63,974.0,lodhi_road,28.5913,77.2273
2026-08-05 16:00:00,32.4,63,973.5,lodhi_road,28.5913,77.2273
2026-08-05 17:00:00,29.9,82,973.8,lodhi_road,28.5913,77.2273
2026-08-05 18:00:00,28.5,88,974.2,lodhi_road,28.5913,77.2273
2026-08-05 19:00:00,28.3,88,975.2,lodhi_road,28.5913,77.2273
2026-08-05 20:00:00,28.1,90,975.8,lodhi_road,28.5913,77.2273
2026-08-05 21:00:00,27.8,92,976.3,lodhi_road,28.5913,77.2273
2026-08-05 22:00:00,27.7,94,976.3,lodhi_road,28.5913,77.2273
2026-08-05 23:00:00,27.3,99,975.9,lodhi_road,28.5913,77.2273
2026-08-06 00:00:00,27.8,98,975.5,lodhi_road,28.5913,77.2273
2026-08-06 01:00:00,27.3,90,975.4,lodhi_road,28.5913,77.2273
2026-08-06 02:00:00,27.0,96,975.0,lodhi_road,28.5913,77.2273
2026-08-06 03:00:00,27.0,97,974.8,lodhi_road,28.5913,77.2273
2026-08-06 04:00:00,26.9,96,975.3,lodhi_road,28.5913,77.2273
2026-08-06 05:00:00,27.1,95,974.7,lodhi_road,28.5913,77.2273
2026-08-06 06:00:00,27.3,93,975.8,lodhi_road,28.5913,77.2273
2026-08-06 07:00:00,27.5,90,976.4,lodhi_road,28.5913,77.2273
2026-08-06 08:00:00,27.4,91,977.2,lodhi_road,28.5913,77.2273
2026-08-06 09:00:00,27.1,90,977.9,lodhi_road,28.5913,77.2273
2026-08-06 10:00:00,26.9,89,977.8,lodhi_road,28.5913,77.2273
2026-08-06 11:00:00,27.0,84,977.8,lodhi_road,28.5913,77.2273
2026-08-06 12:00:00,27.7,80,977.4,lodhi_road,28.5913,77.2273
2026-08-06 13:00:00,27.4,82,976.8,lodhi_road,28.5913,77.2273
2026-08-06 14:00:00,27.2,83,976.1,lodhi_road,28.5913,77.2273
2026-08-06 15:00:00,27.0,84,975.9,lodhi_road,28.5913,77.2273
2026-08-06 16:00:00,27.5,82,975.5,lodhi_road,28.5913,77.2273
2026-08-06 17:00:00,27.7,87,975.2,lodhi_road,28.5913,77.2273
2026-08-06 18:00:00,27.4,90,975.4,lodhi_road,28.5913,77.2273
2026-08-06 19:00:00,27.2,91,975.9,lodhi_road,28.5913,77.2273
2026-08-06 20:00:00,27.0,93,976.3,lodhi_road,28.5913,77.2273
2026-08-06 21:00:00,26.9,93,976.9,lodhi_road,28.5913,77.2273
2026-08-06 22:00:00,26.9,93,976.9,lodhi_road,28.5913,77.2273
2026-08-06 23:00:00,26.7,93,976.8,lodhi_road,28.5913,77.2273
2026-08-07 00:00:00,26.0,97,976.5,lodhi_road,28.5913,77.2273
2026-08-07 01:00:00,25.8,97,976.3,lodhi_road,28.5913,77.2273
2026-08-07 02:00:00,25.7,99,975.9,lodhi_road,28.5913,77.2273
2026-08-07 03:00:00,25.8,98,975.7,lodhi_road,28.5913,77.2273
2026-08-07 04:00:00,25.8,96,975.8,lodhi_road,28.5913,77.2273
2026-08-07 05:00:00,26.1,97,975.4,lodhi_road,28.5913,77.2273
2026-08-07 06:00:00,25.6,93,975.8,lodhi_road,28.5913,77.2273
2026-08-07 07:00:00,26.0,96,976.2,lodhi_road,28.5913,77.2273
2026-08-07 08:00:00,26.4,96,976.5,lodhi_road,28.5913,77.2273
2026-08-07 09:00:00,26.5,95,976.7,lodhi_road,28.5913,77.2273
2026-08-07 10:00:00,26.9,93,976.9,lodhi_road,28.5913,77.2273
2026-08-07 11:00:00,27.8,89,976.7,lodhi_road,28.5913,77.2273
2026-08-07 12:00:00,26.1,96,976.1,lodhi_road,28.5913,77.2273
2026-08-07 13:00:00,26.9,95,975.4,lodhi_road,28.5913,77.2273
2026-08-07 14:00:00,27.8,92,974.9,lodhi_road,28.5913,77.2273
2026-08-07 15:00:00,29.1,80,974.5,lodhi_road,28.5913,77.2273
2026-08-07 16:00:00,28.7,81,974.3,lodhi_road,28.5913,77.2273
2026-08-07 17:00:00,27.0,93,974.6,lodhi_road,28.5913,77.2273
2026-08-07 18:00:00,26.7,95,974.6,lodhi_road,28.5913,77.2273
2026-08-07 19:00:00,26.3,95,975.5,lodhi_road,28.5913,77.2273
2026-08-07 20:00:00,26.5,93,976.2,lodhi_road,28.5913,77.2273
2026-08-07 21:00:00,25.6,97,976.9,lodhi_road,28.5913,77.2273
2026-08-07 22:00:00,25.4,97,977.1,lodhi_road,28.5913,77.2273
2026-08-07 23:00:00,25.6,97,977.1,lodhi_road,28.5913,77.2273
2026-08-08 00:00:00,25.9,96,976.5,lodhi_road,28.5913,77.2273
2026-08-08 01:00:00,25.9,96,976.0,lodhi_road,28.5913,77.2273
2026-08-08 02:00:00,25.1,97,976.0,lodhi_road,28.5913,77.2273
2026-08-08 03:00:00,24.7,99,976.0,lodhi_road,28.5913,77.2273
2026-08-08 04:00:00,24.6,99,976.0,lodhi_road,28.5913,77.2273
2026-08-08 05:00:00,25.6,97,975.8,lodhi_road,28.5913,77.2273
2026-08-08 06:00:00,25.6,96,976.4,lodhi_road,28.5913,77.2273
2026-08-08 07:00:00,25.7,96,976.8,lodhi_road,28.5913,77.2273
2026-08-08 08:00:00,27.0,93,977.4,lodhi_road,28.5913,77.2273
2026-08-08 09:00:00,29.2,87,977.7,lodhi_road,28.5913,77.2273
2026-08-08 10:00:00,30.7,78,977.7,lodhi_road,28.5913,77.2273
2026-08-08 11:00:00,29.6,78,978.2,lodhi_road,28.5913,77.2273
2026-08-08 12:00:00,31.0,74,978.0,lodhi_road,28.5913,77.2273
2026-08-08 13:00:00,30.2,75,977.4,lodhi_road,28.5913,77.2273
2026-08-08 14:00:00,30.6,76,976.4,lodhi_road,28.5913,77.2273
2026-08-08 15:00:00,32.1,68,975.9,lodhi_road,28.5913,77.2273
2026-08-08 16:00:00,31.2,72,975.3,lodhi_road,28.5913,77.2273
2026-08-08 17:00:00,30.9,75,976.2,lodhi_road,28.5913,77.2273
2026-08-08 18:00:00,30.0,80,976.2,lodhi_road,28.5913,77.2273
2026-08-08 19:00:00,29.2,84,976.7,lodhi_road,28.5913,77.2273
2026-08-08 20:00:00,28.9,87,977.6,lodhi_road,28.5913,77.2273
2026-08-08 21:00:00,28.7,88,978.4,lodhi_road,28.5913,77.2273
2026-08-08 22:00:00,28.5,89,978.9,lodhi_road,28.5913,77.2273
2026-08-08 23:00:00,29.1,88,978.7,lodhi_road,28.5913,77.2273
2026-08-09 00:00:00,28.6,89,978.6,lodhi_road,28.5913,77.2273
2026-08-09 01:00:00,28.3,90,978.3,lodhi_road,28.5913,77.2273
2026-08-09 02:00:00,28.2,88,978.2,lodhi_road,28.5913,77.2273
2026-08-09 03:00:00,26.7,95,978.3,lodhi_road,28.5913,77.2273
2026-08-09 04:00:00,26.2,94,978.3,lodhi_road,28.5913,77.2273
2026-08-09 05:00:00,25.1,99,978.4,lodhi_road,28.5913,77.2273
2026-08-09 06:00:00,25.7,96,978.6,lodhi_road,28.5913,77.2273
2026-08-09 07:00:00,27.0,94,979.1,lodhi_road,28.5913,77.2273
2026-08-09 08:00:00,28.9,88,979.4,lodhi_road,28.5913,77.2273
2026-08-09 09:00:00,30.5,79,979.6,lodhi_road,28.5913,77.2273
2026-08-09 10:00:00,31.4,75,979.9,lodhi_road,28.5913,77.2273
2026-08-09 11:00:00,31.2,73,979.2,lodhi_road,28.5913,77.2273
2026-08-09 12:00:00,32.5,67,978.8,lodhi_road,28.5913,77.2273
2026-08-09 13:00:00,33.2,64,978.1,lodhi_road,28.5913,77.2273
2026-08-09 14:00:00,33.7,63,977.2,lodhi_road,28.5913,77.2273
2026-08-09 15:00:00,33.8,62,976.5,lodhi_road,28.5913,77.2273
2026-08-09 16:00:00,33.6,62,975.9,lodhi_road,28.5913,77.2273
2026-08-09 17:00:00,32.9,65,975.8,lodhi_road,28.5913,77.2273
2026-08-09 18:00:00,31.5,76,976.3,lodhi_road,28.5913,77.2273
2026-08-09 19:00:00,30.6,81,976.9,lodhi_road,28.5913,77.2273
2026-08-09 20:00:00,30.1,83,977.2,lodhi_road,28.5913,77.2273
2026-08-09 21:00:00,29.8,84,978.2,lodhi_road,28.5913,77.2273
2026-08-09 22:00:00,29.5,83,978.4,lodhi_road,28.5913,77.2273
2026-08-09 23:00:00,29.9,83,978.0,lodhi_road,28.5913,77.2273
2026-08-10 00:00:00,28.8,86,977.7,lodhi_road,28.5913,77.2273
2026-08-10 01:00:00,27.4,89,977.6,lodhi_road,28.5913,77.2273
2026-08-10 02:00:00,26.5,94,977.1,lodhi_road,28.5913,77.2273
2026-08-10 03:00:00,26.8,94,976.7,lodhi_road,28.5913,77.2273
2026-08-10 04:00:00,27.1,94,977.2,lodhi_road,28.5913,77.2273
2026-08-10 05:00:00,27.7,90,977.0,lodhi_road,28.5913,77.2273
2026-08-10 06:00:00,26.8,92,977.8,lodhi_road,28.5913,77.2273
2026-08-10 07:00:00,27.1,92,977.9,lodhi_road,28.5913,77.2273
2026-08-10 08:00:00,28.2,87,978.2,lodhi_road,28.5913,77.2273
2026-08-10 09:00:00,29.6,82,978.5,lodhi_road,28.5913,77.2273
2026-08-10 10:00:00,30.9,77,978.6,lodhi_road,28.5913,77.2273
2026-08-10 11:00:00,32.9,66,978.1,lodhi_road,28.5913,77.2273
2026-08-10 12:00:00,33.2,64,977.7,lodhi_road,28.5913,77.2273
2026-08-10 13:00:00,31.9,70,977.5,lodhi_road,28.5913,77.2273
2026-08-10 14:00:00,27.7,93,976.9,lodhi_road,28.5913,77.2273
2026-08-10 15:00:00,28.8,86,976.6,lodhi_road,28.5913,77.2273
2026-08-10 16:00:00,28.9,86,975.9,lodhi_road,28.5913,77.2273
2026-08-10 17:00:00,29.4,88,976.1,lodhi_road,28.5913,77.2273
2026-08-10 18:00:00,29.2,89,976.4,lodhi_road,28.5913,77.2273
2026-08-10 19:00:00,28.7,90,976.7,lodhi_road,28.5913,77.2273
2026-08-10 20:00:00,28.5,91,977.7,lodhi_road,28.5913,77.2273
2026-08-10 21:00:00,28.3,92,978.3,lodhi_road,28.5913,77.2273
2026-08-10 22:00:00,28.1,93,978.0,lodhi_road,28.5913,77.2273
2026-08-10 23:00:00,27.8,98,977.1,lodhi_road,28.5913,77.2273
2026-08-11 00:00:00,27.7,94,977.0,lodhi_road,28.5913,77.2273
2026-08-11 01:00:00,27.3,96,977.0,lodhi_road,28.5913,77.2273
2026-08-11 02:00:00,27.2,96,977.0,lodhi_road,28.5913,77.2273
2026-08-11 03:00:00,27.1,96,976.7,lodhi_road,28.5913,77.2273
2026-08-11 04:00:00,27.0,91,977.1,lodhi_road,28.5913,77.2273
2026-08-11 05:00:00,26.7,95,977.3,lodhi_road,28.5913,77.2273
2026-08-11 06:00:00,26.8,95,977.6,lodhi_road,28.5913,77.2273
2026-08-11 07:00:00,27.6,89,978.2,lodhi_road,28.5913,77.2273
2026-08-11 08:00:00,28.6,85,978.6,lodhi_road,28.5913,77.2273
2026-08-11 09:00:00,29.5,82,978.8,lodhi_road,28.5913,77.2273
2026-08-11 10:00:00,30.2,81,979.1,lodhi_road,28.5913,77.2273
2026-08-11 11:00:00,30.4,81,978.9,lodhi_road,28.5913,77.2273
2026-08-11 12:00:00,28.6,88,978.5,lodhi_road,28.5913,77.2273
2026-08-11 13:00:00,27.9,92,978.1,lodhi_road,28.5913,77.2273
2026-08-11 14:00:00,28.5,91,977.3,lodhi_road,28.5913,77.2273
2026-08-11 15:00:00,29.9,83,976.1,lodhi_road,28.5913,77.2273
2026-08-11 16:00:00,30.4,79,975.9,lodhi_road,28.5913,77.2273
2026-08-11 17:00:00,30.1,79,976.3,lodhi_road,28.5913,77.2273
2026-08-11 18:00:00,29.8,82,976.2,lodhi_road,28.5913,77.2273
2026-08-11 19:00:00,29.1,88,976.8,lodhi_road,28.5913,77.2273
2026-08-11 20:00:00,28.8,90,977.6,lodhi_road,28.5913,77.2273
2026-08-11 21:00:00,28.5,92,978.5,lodhi_road,28.5913,77.2273
2026-08-11 22:00:00,28.1,94,978.6,lodhi_road,28.5913,77.2273
2026-08-11 23:00:00,28.4,90,978.2,lodhi_road,28.5913,77.2273
2026-08-12 00:00:00,28.1,92,978.0,lodhi_road,28.5913,77.2273
2026-08-12 01:00:00,28.1,92,978.0,lodhi_road,28.5913,77.2273
2026-08-12 02:00:00,27.7,94,978.0,lodhi_road,28.5913,77.2273
2026-08-12 03:00:00,27.4,93,978.1,lodhi_road,28.5913,77.2273
2026-08-12 04:00:00,27.2,94,978.2,lodhi_road,28.5913,77.2273
2026-08-12 05:00:00,27.5,97,978.0,lodhi_road,28.5913,77.2273
2026-08-12 06:00:00,27.6,95,978.3,lodhi_road,28.5913,77.2273
2026-08-12 07:00:00,28.6,92,978.6,lodhi_road,28.5913,77.2273
2026-08-12 08:00:00,29.9,83,979.1,lodhi_road,28.5913,77.2273
2026-08-12 09:00:00,31.0,75,979.2,lodhi_road,28.5913,77.2273
2026-08-12 10:00:00,31.8,71,979.2,lodhi_road,28.5913,77.2273
2026-08-12 11:00:00,32.9,65,978.9,lodhi_road,28.5913,77.2273
2026-08-12 12:00:00,33.4,64,978.4,lodhi_road,28.5913,77.2273
2026-08-12 13:00:00,33.9,62,977.5,lodhi_road,28.5913,77.2273
2026-08-12 14:00:00,34.2,61,976.9,lodhi_road,28.5913,77.2273
2026-08-12 15:00:00,34.4,60,976.7,lodhi_road,28.5913,77.2273
2026-08-12 16:00:00,34.2,61,976.0,lodhi_road,28.5913,77.2273
2026-08-12 17:00:00,33.5,67,976.3,lodhi_road,28.5913,77.2273
2026-08-12 18:00:00,29.6,88,977.3,lodhi_road,28.5913,77.2273
2026-08-12 19:00:00,28.4,93,978.4,lodhi_road,28.5913,77.2273
2026-08-12 20:00:00,27.9,92,978.5,lodhi_road,28.5913,77.2273
2026-08-12 21:00:00,28.0,93,979.5,lodhi_road,28.5913,77.2273
2026-08-12 22:00:00,27.9,94,979.9,lodhi_road,28.5913,77.2273
2026-08-12 23:00:00,29.5,87,979.7,lodhi_road,28.5913,77.2273
2026-08-13 00:00:00,28.9,89,979.9,lodhi_road,28.5913,77.2273
2026-08-13 01:00:00,28.7,89,979.1,lodhi_road,28.5913,77.2273
2026-08-13 02:00:00,28.4,89,978.6,lodhi_road,28.5913,77.2273
2026-08-13 03:00:00,28.1,91,978.6,lodhi_road,28.5913,77.2273
2026-08-13 04:00:00,27.7,94,978.3,lodhi_road,28.5913,77.2273
2026-08-13 05:00:00,26.7,97,978.3,lodhi_road,28.5913,77.2273
2026-08-13 06:00:00,26.4,98,978.8,lodhi_road,28.5913,77.2273
2026-08-13 07:00:00,27.8,95,978.8,lodhi_road,28.5913,77.2273
2026-08-13 08:00:00,29.9,83,978.7,lodhi_road,28.5913,77.2273
2026-08-13 09:00:00,31.6,76,978.9,lodhi_road,28.5913,77.2273
2026-08-13 10:00:00,32.7,70,979.2,lodhi_road,28.5913,77.2273
2026-08-13 11:00:00,33.2,66,979.2,lodhi_road,28.5913,77.2273
2026-08-13 12:00:00,33.6,65,978.8,lodhi_road,28.5913,77.2273
2026-08-13 13:00:00,31.5,73,978.1,lodhi_road,28.5913,77.2273
2026-08-13 14:00:00,32.6,71,977.4,lodhi_road,28.5913,77.2273
2026-08-13 15:00:00,33.3,67,976.7,lodhi_road,28.5913,77.2273
2026-08-13 16:00:00,33.2,67,976.0,lodhi_road,28.5913,77.2273
2026-08-13 17:00:00,30.9,86,976.4,lodhi_road,28.5913,77.2273
2026-08-13 18:00:00,30.8,84,976.7,lodhi_road,28.5913,77.2273
2026-08-13 19:00:00,30.2,88,977.2,lodhi_road,28.5913,77.2273
2026-08-13 20:00:00,30.0,90,977.9,lodhi_road,28.5913,77.2273
2026-08-13 21:00:00,30.1,88,978.5,lodhi_road,28.5913,77.2273
2026-08-13 22:00:00,29.9,86,978.5,lodhi_road,28.5913,77.2273
2026-08-13 23:00:00,30.2,88,977.9,lodhi_road,28.5913,77.2273
2026-08-14 00:00:00,29.7,89,977.6,lodhi_road,28.5913,77.2273
2026-08-14 01:00:00,29.3,89,977.4,lodhi_road,28.5913,77.2273
2026-08-14 02:00:00,28.9,90,977.2,lodhi_road,28.5913,77.2273
2026-08-14 03:00:00,28.7,90,976.9,lodhi_road,28.5913,77.2273
2026-08-14 04:00:00,28.4,91,977.1,lodhi_road,28.5913,77.2273
2026-08-14 05:00:00,27.1,97,977.1,lodhi_road,28.5913,77.2273
2026-08-14 06:00:00,27.0,97,978.1,lodhi_road,28.5913,77.2273
2026-08-14 07:00:00,27.6,94,978.7,lodhi_road,28.5913,77.2273
2026-08-14 08:00:00,28.4,90,979.4,lodhi_road,28.5913,77.2273
2026-08-14 09:00:00,28.7,88,979.3,lodhi_road,28.5913,77.2273
2026-08-14 10:00:00,30.0,80,979.4,lodhi_road,28.5913,77.2273
2026-08-14 11:00:00,30.2,80,979.9,lodhi_road,28.5913,77.2273
2026-08-14 12:00:00,30.6,81,980.2,lodhi_road,28.5913,77.2273
2026-08-14 13:00:00,30.9,80,979.4,lodhi_road,28.5913,77.2273
2026-08-14 14:00:00,30.3,81,979.2,lodhi_road,28.5913,77.2273
2026-08-14 15:00:00,27.6,92,978.9,lodhi_road,28.5913,77.2273
2026-08-14 16:00:00,28.0,91,977.8,lodhi_road,28.5913,77.2273
2026-08-14 17:00:00,30.1,79,977.6,lodhi_road,28.5913,77.2273
2026-08-14 18:00:00,29.5,82,977.8,lodhi_road,28.5913,77.2273
2026-08-14 19:00:00,28.8,87,978.3,lodhi_road,28.5913,77.2273
2026-08-14 20:00:00,28.4,89,978.8,lodhi_road,28.5913,77.2273
2026-08-14 21:00:00,28.0,91,979.5,lodhi_road,28.5913,77.2273
2026-08-14 22:00:00,27.8,92,979.4,lodhi_road,28.5913,77.2273
2026-08-14 23:00:00,28.0,89,978.9,lodhi_road,28.5913,77.2273
2026-08-15 00:00:00,27.7,92,978.9,lodhi_road,28.5913,77.2273
2026-08-15 01:00:00,27.4,93,978.8,lodhi_road,28.5913,77.2273
2026-08-15 02:00:00,27.2,95,978.8,lodhi_road,28.5913,77.2273
2026-08-15 03:00:00,27.1,95,978.4,lodhi_road,28.5913,77.2273
2026-08-15 04:00:00,27.0,95,978.7,lodhi_road,28.5913,77.2273
2026-08-15 05:00:00,26.5,97,979.0,lodhi_road,28.5913,77.2273
2026-08-15 06:00:00,26.6,97,979.4,lodhi_road,28.5913,77.2273
2026-08-15 07:00:00,26.8,98,979.7,lodhi_road,28.5913,77.2273
2026-08-15 08:00:00,27.5,95,980.2,lodhi_road,28.5913,77.2273
2026-08-15 09:00:00,28.3,90,980.4,lodhi_road,28.5913,77.2273
2026-08-15 10:00:00,29.7,84,980.4,lodhi_road,28.5913,77.2273
2026-08-15 11:00:00,31.8,73,980.2,lodhi_road,28.5913,77.2273
2026-08-15 12:00:00,31.9,74,979.3,lodhi_road,28.5913,77.2273
2026-08-15 13:00:00,31.1,81,979.0,lodhi_road,28.5913,77.2273
2026-08-15 14:00:00,32.2,73,978.0,lodhi_road,28.5913,77.2273
2026-08-15 15:00:00,32.5,68,977.0,lodhi_road,28.5913,77.2273
2026-08-15 16:00:00,32.4,67,976.4,lodhi_road,28.5913,77.2273
2026-08-15 17:00:00,31.6,74,976.3,lodhi_road,28.5913,77.2273
2026-08-15 18:00:00,31.2,79,976.5,lodhi_road,28.5913,77.2273
2026-08-15 19:00:00,30.5,84,977.1,lodhi_road,28.5913,77.2273
2026-08-15 20:00:00,30.0,87,977.7,lodhi_road,28.5913,77.2273
2026-08-15 21:00:00,29.7,87,978.1,lodhi_road,28.5913,77.2273
2026-08-15 22:00:00,29.2,88,978.3,lodhi_road,28.5913,77.2273
2026-08-15 23:00:00,29.0,86,977.9,lodhi_road,28.5913,77.2273
2026-08-16 00:00:00,28.7,89,977.8,lodhi_road,28.5913,77.2273
2026-08-16 01:00:00,28.6,89,977.3,lodhi_road,28.5913,77.2273
2026-08-16 02:00:00,28.4,88,976.9,lodhi_road,28.5913,77.2273
2026-08-16 03:00:00,26.2,94,976.7,lodhi_road,28.5913,77.2273
2026-08-16 04:00:00,26.4,95,976.6,lodhi_road,28.5913,77.2273
2026-08-16 05:00:00,27.9,87,976.4,lodhi_road,28.5913,77.2273
2026-08-16 06:00:00,27.9,85,977.2,lodhi_road,28.5913,77.2273
2026-08-16 07:00:00,28.3,84,977.6,lodhi_road,28.5913,77.2273
2026-08-16 08:00:00,29.4,79,977.9,lodhi_road,28.5913,77.2273
2026-08-16 09:00:00,30.5,74,978.0,lodhi_road,28.5913,77.2273
2026-08-16 10:00:00,31.9,69,978.0,lodhi_road,28.5913,77.2273
2026-08-16 11:00:00,32.8,64,977.9,lodhi_road,28.5913,77.2273
2026-08-16 12:00:00,33.1,64,977.4,lodhi_road,28.5913,77.2273
2026-08-16 13:00:00,33.3,64,977.3,lodhi_road,28.5913,77.2273
2026-08-16 14:00:00,33.1,65,976.4,lodhi_road,28.5913,77.2273
2026-08-16 15:00:00,33.3,64,975.6,lodhi_road,28.5913,77.2273
2026-08-16 16:00:00,33.1,64,975.3,lodhi_road,28.5913,77.2273
2026-08-16 17:00:00,31.9,74,976.2,lodhi_road,28.5913,77.2273
2026-08-16 18:00:00,31.0,79,976.3,lodhi_road,28.5913,77.2273
2026-08-16 19:00:00,30.3,83,976.8,lodhi_road,28.5913,77.2273
2026-08-16 20:00:00,29.6,87,977.6,lodhi_road,28.5913,77.2273
2026-08-16 21:00:00,29.2,88,978.1,lodhi_road,28.5913,77.2273
2026-08-16 22:00:00,29.0,88,978.3,lodhi_road,28.5913,77.2273
2026-08-16 23:00:00,29.1,86,977.6,lodhi_road,28.5913,77.2273
2026-08-17 00:00:00,28.5,86,977.4,lodhi_road,28.5913,77.2273
2026-08-17 01:00:00,28.3,86,977.4,lodhi_road,28.5913,77.2273
2026-08-17 02:00:00,27.9,88,976.9,lodhi_road,28.5913,77.2273
2026-08-17 03:00:00,27.8,86,976.8,lodhi_road,28.5913,77.2273
2026-08-17 04:00:00,27.5,83,976.8,lodhi_road,28.5913,77.2273
2026-08-17 05:00:00,28.4,79,977.2,lodhi_road,28.5913,77.2273
2026-08-17 06:00:00,28.0,80,977.8,lodhi_road,28.5913,77.2273
2026-08-17 07:00:00,28.6,79,978.4,lodhi_road,28.5913,77.2273
2026-08-17 08:00:00,29.5,76,978.8,lodhi_road,28.5913,77.2273
2026-08-17 09:00:00,30.3,74,979.1,lodhi_road,28.5913,77.2273
2026-08-17 10:00:00,31.3,71,979.5,lodhi_road,28.5913,77.2273
2026-08-17 11:00:00,32.5,65,979.3,lodhi_road,28.5913,77.2273
2026-08-17 12:00:00,33.0,64,978.6,lodhi_road,28.5913,77.2273
2026-08-17 13:00:00,31.6,68,978.1,lodhi_road,28.5913,77.2273
2026-08-17 14:00:00,30.3,75,977.6,lodhi_road,28.5913,77.2273
2026-08-17 15:00:00,31.0,75,977.1,lodhi_road,28.5913,77.2273
2026-08-17 16:00:00,30.7,78,976.5,lodhi_road,28.5913,77.2273
2026-08-17 17:00:00,27.4,94,977.5,lodhi_road,28.5913,77.2273
2026-08-17 18:00:00,27.3,93,977.2,lodhi_road,28.5913,77.2273
2026-08-17 19:00:00,27.5,92,977.7,lodhi_road,28.5913,77.2273
2026-08-17 20:00:00,27.7,91,978.4,lodhi_road,28.5913,77.2273
2026-08-17 21:00:00,27.9,90,978.9,lodhi_road,28.5913,77.2273
2026-08-17 22:00:00,28.1,87,979.3,lodhi_road,28.5913,77.2273
2026-08-17 23:00:00,28.7,87,979.1,lodhi_road,28.5913,77.2273
2026-08-18 00:00:00,28.2,88,978.9,lodhi_road,28.5913,77.2273
2026-08-18 01:00:00,28.0,86,978.6,lodhi_road,28.5913,77.2273
2026-08-18 02:00:00,27.8,83,978.3,lodhi_road,28.5913,77.2273
2026-08-18 03:00:00,27.5,83,978.2,lodhi_road,28.5913,77.2273
2026-08-18 04:00:00,27.2,84,978.4,lodhi_road,28.5913,77.2273
2026-08-18 05:00:00,28.0,79,978.1,lodhi_road,28.5913,77.2273
2026-08-18 06:00:00,27.7,81,978.7,lodhi_road,28.5913,77.2273
2026-08-18 07:00:00,28.5,77,979.5,lodhi_road,28.5913,77.2273
2026-08-18 08:00:00,29.3,75,979.7,lodhi_road,28.5913,77.2273
2026-08-18 09:00:00,30.4,72,980.2,lodhi_road,28.5913,77.2273
2026-08-18 10:00:00,31.3,68,980.3,lodhi_road,28.5913,77.2273
2026-08-18 11:00:00,32.3,63,980.6,lodhi_road,28.5913,77.2273
2026-08-18 12:00:00,32.9,61,980.2,lodhi_road,28.5913,77.2273
2026-08-18 13:00:00,33.1,60,979.5,lodhi_road,28.5913,77.2273
2026-08-18 14:00:00,33.0,62,978.8,lodhi_road,28.5913,77.2273
2026-08-18 15:00:00,33.0,62,978.0,lodhi_road,28.5913,77.2273
2026-08-18 16:00:00,32.5,64,977.5,lodhi_road,28.5913,77.2273
2026-08-18 17:00:00,32.3,65,977.7,lodhi_road,28.5913,77.2273
2026-08-18 18:00:00,31.7,68,978.4,lodhi_road,28.5913,77.2273
2026-08-18 19:00:00,29.9,78,979.2,lodhi_road,28.5913,77.2273
2026-08-18 20:00:00,28.1,82,980.2,lodhi_road,28.5913,77.2273
2026-08-18 21:00:00,25.5,94,980.4,lodhi_road,28.5913,77.2273
2026-08-18 22:00:00,25.9,91,980.3,lodhi_road,28.5913,77.2273
2026-08-18 23:00:00,27.3,91,979.9,lodhi_road,28.5913,77.2273
2026-08-19 00:00:00,27.4,89,979.7,lodhi_road,28.5913,77.2273
2026-08-19 01:00:00,27.1,91,979.1,lodhi_road,28.5913,77.2273
2026-08-19 02:00:00,27.0,90,979.1,lodhi_road,28.5913,77.2273
2026-08-19 03:00:00,27.0,90,978.8,lodhi_road,28.5913,77.2273
2026-08-19 04:00:00,26.9,91,979.3,lodhi_road,28.5913,77.2273
2026-08-19 05:00:00,27.8,88,978.8,lodhi_road,28.5913,77.2273
2026-08-19 06:00:00,27.8,85,979.5,lodhi_road,28.5913,77.2273
2026-08-19 07:00:00,28.5,82,980.2,lodhi_road,28.5913,77.2273
2026-08-19 08:00:00,29.5,77,980.8,lodhi_road,28.5913,77.2273
2026-08-19 09:00:00,30.5,73,981.2,lodhi_road,28.5913,77.2273
2026-08-19 10:00:00,31.4,68,980.9,lodhi_road,28.5913,77.2273
2026-08-19 11:00:00,32.5,61,981.1,lodhi_road,28.5913,77.2273
2026-08-19 12:00:00,32.5,60,980.4,lodhi_road,28.5913,77.2273
2026-08-19 13:00:00,32.8,59,980.0,lodhi_road,28.5913,77.2273
2026-08-19 14:00:00,33.0,58,979.3,lodhi_road,28.5913,77.2273
2026-08-19 15:00:00,33.2,58,978.6,lodhi_road,28.5913,77.2273
2026-08-19 16:00:00,33.0,57,978.1,lodhi_road,28.5913,77.2273
2026-08-19 17:00:00,28.9,87,979.4,lodhi_road,28.5913,77.2273
2026-08-19 18:00:00,28.3,93,979.2,lodhi_road,28.5913,77.2273
2026-08-19 19:00:00,28.0,94,979.5,lodhi_road,28.5913,77.2273
2026-08-19 20:00:00,27.8,96,980.3,lodhi_road,28.5913,77.2273
2026-08-19 21:00:00,27.6,95,980.8,lodhi_road,28.5913,77.2273
2026-08-19 22:00:00,27.7,94,980.6,lodhi_road,28.5913,77.2273
2026-08-19 23:00:00,28.8,95,980.4,lodhi_road,28.5913,77.2273
2026-08-20 00:00:00,28.1,94,980.2,lodhi_road,28.5913,77.2273
2026-08-20 01:00:00,27.7,94,980.4,lodhi_road,28.5913,77.2273
2026-08-20 02:00:00,26.9,97,980.0,lodhi_road,28.5913,77.2273
2026-08-20 03:00:00,27.0,97,979.9,lodhi_road,28.5913,77.2273
2026-08-20 04:00:00,27.0,96,979.9,lodhi_road,28.5913,77.2273
2026-08-20 05:00:00,26.9,96,980.0,lodhi_road,28.5913,77.2273
2026-08-20 06:00:00,26.8,95,980.2,lodhi_road,28.5913,77.2273
2026-08-20 07:00:00,27.2,92,981.1,lodhi_road,28.5913,77.2273
2026-08-20 08:00:00,27.3,89,981.5,lodhi_road,28.5913,77.2273
2026-08-20 09:00:00,27.9,84,982.0,lodhi_road,28.5913,77.2273
2026-08-20 10:00:00,28.6,81,982.1,lodhi_road,28.5913,77.2273
2026-08-20 11:00:00,30.9,71,981.6,lodhi_road,28.5913,77.2273
2026-08-20 12:00:00,31.8,67,980.9,lodhi_road,28.5913,77.2273
2026-08-20 13:00:00,32.7,63,980.3,lodhi_road,28.5913,77.2273
2026-08-20 14:00:00,33.0,61,979.1,lodhi_road,28.5913,77.2273
2026-08-20 15:00:00,33.2,61,978.5,lodhi_road,28.5913,77.2273
2026-08-20 16:00:00,33.0,61,977.9,lodhi_road,28.5913,77.2273
2026-08-20 17:00:00,28.8,93,978.4,lodhi_road,28.5913,77.2273
2026-08-20 18:00:00,28.4,94,978.9,lodhi_road,28.5913,77.2273
2026-08-20 19:00:00,28.0,95,979.0,lodhi_road,28.5913,77.2273
2026-08-20 20:00:00,27.9,95,979.5,lodhi_road,28.5913,77.2273
2026-08-20 21:00:00,27.8,92,980.0,lodhi_road,28.5913,77.2273
2026-08-20 22:00:00,27.5,92,979.9,lodhi_road,28.5913,77.2273
2026-08-20 23:00:00,29.3,94,979.5,lodhi_road,28.5913,77.2273
2026-08-21 00:00:00,28.6,94,979.6,lodhi_road,28.5913,77.2273
2026-08-21 01:00:00,28.4,92,979.1,lodhi_road,28.5913,77.2273
2026-08-21 02:00:00,28.1,90,978.7,lodhi_road,28.5913,77.2273
2026-08-21 03:00:00,27.9,91,978.6,lodhi_road,28.5913,77.2273
2026-08-21 04:00:00,27.6,94,978.7,lodhi_road,28.5913,77.2273
2026-08-21 05:00:00,27.2,97,979.0,lodhi_road,28.5913,77.2273
2026-08-21 06:00:00,27.1,92,979.0,lodhi_road,28.5913,77.2273
2026-08-21 07:00:00,27.7,86,979.9,lodhi_road,28.5913,77.2273
2026-08-21 08:00:00,29.1,80,980.6,lodhi_road,28.5913,77.2273
2026-08-21 09:00:00,30.5,71,980.4,lodhi_road,28.5913,77.2273
2026-08-21 10:00:00,31.8,67,980.6,lodhi_road,28.5913,77.2273
2026-08-21 11:00:00,33.1,61,980.4,lodhi_road,28.5913,77.2273
2026-08-21 12:00:00,33.6,59,979.6,lodhi_road,28.5913,77.2273
2026-08-21 13:00:00,33.6,59,978.8,lodhi_road,28.5913,77.2273
2026-08-21 14:00:00,33.6,58,977.8,lodhi_road,28.5913,77.2273
2026-08-21 15:00:00,33.5,57,977.3,lodhi_road,28.5913,77.2273
2026-08-21 16:00:00,32.5,62,976.8,lodhi_road,28.5913,77.2273
2026-08-21 17:00:00,32.5,67,976.7,lodhi_road,28.5913,77.2273
2026-08-21 18:00:00,31.6,74,976.9,lodhi_road,28.5913,77.2273
2026-08-21 19:00:00,30.5,78,977.5,lodhi_road,28.5913,77.2273
2026-08-21 20:00:00,30.0,80,978.0,lodhi_road,28.5913,77.2273
2026-08-21 21:00:00,29.6,83,978.5,lodhi_road,28.5913,77.2273
2026-08-21 22:00:00,29.3,84,978.6,lodhi_road,28.5913,77.2273
2026-08-21 23:00:00,27.8,90,978.5,lodhi_road,28.5913,77.2273
2026-08-22 00:00:00,27.7,92,978.2,lodhi_road,28.5913,77.2273
2026-08-22 01:00:00,27.1,92,978.2,lodhi_road,28.5913,77.2273
2026-08-22 02:00:00,25.5,94,978.8,lodhi_road,28.5913,77.2273
2026-08-22 03:00:00,25.0,99,977.7,lodhi_road,28.5913,77.2273
2026-08-22 04:00:00,25.2,98,977.9,lodhi_road,28.5913,77.2273
2026-08-22 05:00:00,26.0,94,978.6,lodhi_road,28.5913,77.2273
2026-08-22 06:00:00,26.7,93,979.0,lodhi_road,28.5913,77.2273
2026-08-22 07:00:00,27.7,92,979.8,lodhi_road,28.5913,77.2273
2026-08-22 08:00:00,29.1,82,980.0,lodhi_road,28.5913,77.2273
2026-08-22 09:00:00,30.5,72,980.2,lodhi_road,28.5913,77.2273
2026-08-22 10:00:00,31.6,67,980.3,lodhi_road,28.5913,77.2273
2026-08-22 11:00:00,32.0,65,980.4,lodhi_road,28.5913,77.2273
2026-08-22 12:00:00,32.6,62,979.6,lodhi_road,28.5913,77.2273
2026-08-22 13:00:00,33.0,62,978.6,lodhi_road,28.5913,77.2273
2026-08-22 14:00:00,33.3,61,977.8,lodhi_road,28.5913,77.2273
2026-08-22 15:00:00,32.8,63,977.1,lodhi_road,28.5913,77.2273
2026-08-22 16:00:00,31.0,68,976.6,lodhi_road,28.5913,77.2273
2026-08-22 17:00:00,29.8,80,977.4,lodhi_road,28.5913,77.2273
2026-08-22 18:00:00,30.1,83,977.5,lodhi_road,28.5913,77.2273
2026-08-22 19:00:00,28.5,89,978.1,lodhi_road,28.5913,77.2273
2026-08-22 20:00:00,27.9,89,978.5,lodhi_road,28.5913,77.2273
2026-08-22 21:00:00,27.6,89,979.1,lodhi_road,28.5913,77.2273
2026-08-22 22:00:00,27.3,87,979.3,lodhi_road,28.5913,77.2273
2026-08-22 23:00:00,28.5,85,979.3,lodhi_road,28.5913,77.2273
2026-08-23 00:00:00,28.0,85,979.1,lodhi_road,28.5913,77.2273
2026-08-23 01:00:00,27.7,89,979.1,lodhi_road,28.5913,77.2273
2026-08-23 02:00:00,27.3,92,978.6,lodhi_road,28.5913,77.2273
2026-08-23 03:00:00,27.0,92,978.4,lodhi_road,28.5913,77.2273
2026-08-23 04:00:00,26.8,91,978.7,lodhi_road,28.5913,77.2273
2026-08-23 05:00:00,26.8,86,979.1,lodhi_road,28.5913,77.2273
2026-08-23 06:00:00,24.7,98,979.9,lodhi_road,28.5913,77.2273
2026-08-23 07:00:00,26.2,97,980.0,lodhi_road,28.5913,77.2273
2026-08-23 08:00:00,28.2,85,980.6,lodhi_road,28.5913,77.2273
2026-08-23 09:00:00,29.6,77,981.3,lodhi_road,28.5913,77.2273
2026-08-23 10:00:00,29.5,78,981.7,lodhi_road,28.5913,77.2273
2026-08-23 11:00:00,29.8,77,981.9,lodhi_road,28.5913,77.2273
2026-08-23 12:00:00,30.8,73,981.2,lodhi_road,28.5913,77.2273
2026-08-23 13:00:00,31.7,69,980.2,lodhi_road,28.5913,77.2273
2026-08-23 14:00:00,32.2,66,979.1,lodhi_road,28.5913,77.2273
2026-08-23 15:00:00,32.7,64,978.4,lodhi_road,28.5913,77.2273
2026-08-23 16:00:00,32.5,65,977.7,lodhi_road,28.5913,77.2273
2026-08-23 17:00:00,32.4,68,977.4,lodhi_road,28.5913,77.2273
2026-08-23 18:00:00,31.4,77,978.1,lodhi_road,28.5913,77.2273
2026-08-23 19:00:00,30.5,80,978.7,lodhi_road,28.5913,77.2273
2026-08-23 20:00:00,30.2,82,979.8,lodhi_road,28.5913,77.2273
2026-08-23 21:00:00,30.1,84,980.5,lodhi_road,28.5913,77.2273
2026-08-23 22:00:00,29.7,85,980.1,lodhi_road,28.5913,77.2273
2026-08-23 23:00:00,28.3,89,980.5,lodhi_road,28.5913,77.2273
2026-08-24 00:00:00,27.7,93,980.0,lodhi_road,28.5913,77.2273
2026-08-24 01:00:00,27.4,93,979.3,lodhi_road,28.5913,77.2273
2026-08-24 02:00:00,27.4,92,979.1,lodhi_road,28.5913,77.2273
2026-08-24 03:00:00,25.9,93,979.2,lodhi_road,28.5913,77.2273
2026-08-24 04:00:00,24.6,98,980.0,lodhi_road,28.5913,77.2273
2026-08-24 05:00:00,26.0,97,979.9,lodhi_road,28.5913,77.2273
2026-08-24 06:00:00,25.7,98,980.5,lodhi_road,28.5913,77.2273
2026-08-24 07:00:00,26.5,93,980.7,lodhi_road,28.5913,77.2273
2026-08-24 08:00:00,27.6,89,980.6,lodhi_road,28.5913,77.2273
2026-08-24 09:00:00,29.1,82,981.0,lodhi_road,28.5913,77.2273
2026-08-24 10:00:00,30.8,74,981.0,lodhi_road,28.5913,77.2273
2026-08-24 11:00:00,29.5,77,981.2,lodhi_road,28.5913,77.2273
2026-08-24 12:00:00,29.3,77,980.9,lodhi_road,28.5913,77.2273
2026-08-24 13:00:00,30.2,72,979.9,lodhi_road,28.5913,77.2273
2026-08-24 14:00:00,31.5,65,979.1,lodhi_road,28.5913,77.2273
2026-08-24 15:00:00,31.7,65,978.3,lodhi_road,28.5913,77.2273
2026-08-24 16:00:00,31.4,67,978.1,lodhi_road,28.5913,77.2273
2026-08-24 17:00:00,31.1,73,977.8,lodhi_road,28.5913,77.2273
2026-08-24 18:00:00,30.6,80,978.3,lodhi_road,28.5913,77.2273
2026-08-24 19:00:00,30.3,81,978.9,lodhi_road,28.5913,77.2273
2026-08-24 20:00:00,29.8,83,979.7,lodhi_road,28.5913,77.2273
2026-08-24 21:00:00,29.2,85,980.5,lodhi_road,28.5913,77.2273
2026-08-24 22:00:00,28.7,88,980.4,lodhi_road,28.5913,77.2273
2026-08-24 23:00:00,28.5,89,979.8,lodhi_road,28.5913,77.2273
2026-08-25 00:00:00,28.2,91,979.9,lodhi_road,28.5913,77.2273
2026-08-25 01:00:00,28.0,92,979.5,lodhi_road,28.5913,77.2273
2026-08-25 02:00:00,27.9,92,979.3,lodhi_road,28.5913,77.2273
2026-08-25 03:00:00,27.8,92,979.4,lodhi_road,28.5913,77.2273
2026-08-25 04:00:00,27.6,93,979.4,lodhi_road,28.5913,77.2273
2026-08-25 05:00:00,26.2,97,980.0,lodhi_road,28.5913,77.2273
2026-08-25 06:00:00,26.5,97,980.8,lodhi_road,28.5913,77.2273
2026-08-25 07:00:00,26.6,97,980.7,lodhi_road,28.5913,77.2273
2026-08-25 08:00:00,27.2,93,981.0,lodhi_road,28.5913,77.2273
2026-08-25 09:00:00,28.5,88,981.3,lodhi_road,28.5913,77.2273
2026-08-25 10:00:00,29.6,82,981.6,lodhi_road,28.5913,77.2273
2026-08-25 11:00:00,30.9,70,981.5,lodhi_road,28.5913,77.2273
2026-08-25 12:00:00,31.3,67,981.1,lodhi_road,28.5913,77.2273
2026-08-25 13:00:00,32.2,63,980.4,lodhi_road,28.5913,77.2273
2026-08-25 14:00:00,32.3,63,979.5,lodhi_road,28.5913,77.2273
2026-08-25 15:00:00,32.6,62,978.9,lodhi_road,28.5913,77.2273
2026-08-25 16:00:00,32.4,63,978.6,lodhi_road,28.5913,77.2273
2026-08-25 17:00:00,29.0,89,979.2,lodhi_road,28.5913,77.2273
2026-08-25 18:00:00,28.9,89,979.5,lodhi_road,28.5913,77.2273
2026-08-25 19:00:00,28.4,94,979.4,lodhi_road,28.5913,77.2273
2026-08-25 20:00:00,28.3,93,980.2,lodhi_road,28.5913,77.2273
2026-08-25 21:00:00,27.9,94,980.6,lodhi_road,28.5913,77.2273
2026-08-25 22:00:00,27.6,92,980.4,lodhi_road,28.5913,77.2273
2026-08-25 23:00:00,27.9,91,980.4,lodhi_road,28.5913,77.2273
2026-07-20 00:00:00,28.7,89,977.3,red_fort,28.6562,77.241
2026-07-20 01:00:00,27.8,89,977.0,red_fort,28.6562,77.241
2026-07-20 02:00:00,27.6,88,976.6,red_fort,28.6562,77.241
2026-07-20 03:00:00,27.7,89,976.7,red_fort,28.6562,77.241
2026-07-20 04:00:00,27.2,94,976.9,red_fort,28.6562,77.241
2026-07-20 05:00:00,29.5,77,976.5,red_fort,28.6562,77.241
2026-07-20 06:00:00,29.4,78,976.4,red_fort,28.6562,77.241
2026-07-20 07:00:00,28.7,83,977.2,red_fort,28.6562,77.241
2026-07-20 08:00:00,27.5,92,977.5,red_fort,28.6562,77.241
2026-07-20 09:00:00,28.6,89,978.3,red_fort,28.6562,77.241
2026-07-20 10:00:00,28.3,89,978.6,red_fort,28.6562,77.241
2026-07-20 11:00:00,32.2,70,978.4,red_fort,28.6562,77.241
2026-07-20 12:00:00,30.0,79,978.4,red_fort,28.6562,77.241
2026-07-20 13:00:00,30.6,77,977.7,red_fort,28.6562,77.241
2026-07-20 14:00:00,30.0,80,977.1,red_fort,28.6562,77.241
2026-07-20 15:00:00,30.6,79,976.4,red_fort,28.6562,77.241
2026-07-20 16:00:00,31.1,77,976.2,red_fort,28.6562,77.241
2026-07-20 17:00:00,30.0,79,977.4,red_fort,28.6562,77.241
2026-07-20 18:00:00,27.2,93,977.5,red_fort,28.6562,77.241
2026-07-20 19:00:00,27.2,95,977.3,red_fort,28.6562,77.241
2026-07-20 20:00:00,27.5,94,978.0,red_fort,28.6562,77.241
2026-07-20 21:00:00,27.7,94,978.7,red_fort,28.6562,77.241
2026-07-20 22:00:00,27.7,91,979.1,red_fort,28.6562,77.241
2026-07-20 23:00:00,27.0,95,979.0,red_fort,28.6562,77.241
2026-07-21 00:00:00,27.1,91,978.4,red_fort,28.6562,77.241
2026-07-21 01:00:00,26.7,93,977.9,red_fort,28.6562,77.241
2026-07-21 02:00:00,26.6,92,977.9,red_fort,28.6562,77.241
2026-07-21 03:00:00,26.4,93,977.5,red_fort,28.6562,77.241
2026-07-21 04:00:00,26.1,93,977.6,red_fort,28.6562,77.241
2026-07-21 05:00:00,26.2,93,977.4,red_fort,28.6562,77.241
2026-07-21 06:00:00,26.1,92,978.1,red_fort,28.6562,77.241
2026-07-21 07:00:00,26.1,93,978.1,red_fort,28.6562,77.241
2026-07-21 08:00:00,26.6,91,978.5,red_fort,28.6562,77.241
2026-07-21 09:00:00,27.5,85,978.4,red_fort,28.6562,77.241
2026-07-21 10:00:00,28.5,80,978.5,red_fort,28.6562,77.241
2026-07-21 11:00:00,27.5,91,978.3,red_fort,28.6562,77.241
2026-07-21 12:00:00,28.7,89,977.8,red_fort,28.6562,77.241
2026-07-21 13:00:00,30.3,80,977.0,red_fort,28.6562,77.241
2026-07-21 14:00:00,28.7,83,976.5,red_fort,28.6562,77.241
2026-07-21 15:00:00,28.4,87,976.1,red_fort,28.6562,77.241
2026-07-21 16:00:00,29.2,83,975.6,red_fort,28.6562,77.241
2026-07-21 17:00:00,29.7,80,975.2,red_fort,28.6562,77.241
2026-07-21 18:00:00,29.5,77,975.7,red_fort,28.6562,77.241
2026-07-21 19:00:00,28.8,84,976.5,red_fort,28.6562,77.241
2026-07-21 20:00:00,28.4,85,977.2,red_fort,28.6562,77.241
2026-07-21 21:00:00,28.1,87,977.8,red_fort,28.6562,77.241
2026-07-21 22:00:00,27.7,87,978.4,red_fort,28.6562,77.241
2026-07-21 23:00:00,27.1,93,978.1,red_fort,28.6562,77.241
2026-07-22 00:00:00,26.8,92,977.6,red_fort,28.6562,77.241
2026-07-22 01:00:00,26.5,94,977.1,red_fort,28.6562,77.241
2026-07-22 02:00:00,26.7,95,976.6,red_fort,28.6562,77.241
2026-07-22 03:00:00,25.9,96,976.8,red_fort,28.6562,77.241
2026-07-22 04:00:00,25.6,96,977.4,red_fort,28.6562,77.241
2026-07-22 05:00:00,26.2,94,976.9,red_fort,28.6562,77.241
2026-07-22 06:00:00,26.1,95,977.4,red_fort,28.6562,77.241
2026-07-22 07:00:00,26.8,90,977.6,red_fort,28.6562,77.241
2026-07-22 08:00:00,27.2,86,978.1,red_fort,28.6562,77.241
2026-07-22 09:00:00,29.0,76,978.1,red_fort,28.6562,77.241
2026-07-22 10:00:00,30.0,73,978.1,red_fort,28.6562,77.241
2026-07-22 11:00:00,30.9,66,977.8,red_fort,28.6562,77.241
2026-07-22 12:00:00,31.5,66,977.6,red_fort,28.6562,77.241
2026-07-22 13:00:00,31.6,67,976.7,red_fort,28.6562,77.241
2026-07-22 14:00:00,32.0,66,975.7,red_fort,28.6562,77.241
2026-07-22 15:00:00,32.0,66,975.1,red_fort,28.6562,77.241
2026-07-22 16:00:00,31.7,66,974.3,red_fort,28.6562,77.241
2026-07-22 17:00:00,28.3,88,974.9,red_fort,28.6562,77.241
2026-07-22 18:00:00,28.9,87,975.3,red_fort,28.6562,77.241
2026-07-22 19:00:00,28.8,90,975.8,red_fort,28.6562,77.241
2026-07-22 20:00:00,29.1,90,976.4,red_fort,28.6562,77.241
2026-07-22 21:00:00,29.1,84,976.8,red_fort,28.6562,77.241
2026-07-22 22:00:00,28.6,83,977.0,red_fort,28.6562,77.241
2026-07-22 23:00:00,28.5,83,976.7,red_fort,28.6562,77.241
2026-07-23 00:00:00,28.4,83,976.5,red_fort,28.6562,77.241
2026-07-23 01:00:00,28.0,84,975.9,red_fort,28.6562,77.241
2026-07-23 02:00:00,27.8,85,975.6,red_fort,28.6562,77.241
2026-07-23 03:00:00,27.5,85,975.4,red_fort,28.6562,77.241
2026-07-23 04:00:00,27.3,85,975.6,red_fort,28.6562,77.241
2026-07-23 05:00:00,26.9,92,975.7,red_fort,28.6562,77.241
2026-07-23 06:00:00,26.6,92,976.0,red_fort,28.6562,77.241
2026-07-23 07:00:00,26.8,88,976.1,red_fort,28.6562,77.241
2026-07-23 08:00:00,28.0,81,976.5,red_fort,28.6562,77.241
2026-07-23 09:00:00,29.0,79,976.2,red_fort,28.6562,77.241
2026-07-23 10:00:00,30.6,73,976.1,red_fort,28.6562,77.241
2026-07-23 11:00:00,31.2,66,976.2,red_fort,28.6562,77.241
2026-07-23 12:00:00,31.9,63,975.5,red_fort,28.6562,77.241
2026-07-23 13:00:00,32.3,62,974.7,red_fort,28.6562,77.241
2026-07-23 14:00:00,32.5,62,974.0,red_fort,28.6562,77.241
2026-07-23 15:00:00,30.4,74,973.8,red_fort,28.6562,77.241
2026-07-23 16:00:00,31.0,74,973.2,red_fort,28.6562,77.241
2026-07-23 17:00:00,31.9,65,973.3,red_fort,28.6562,77.241
2026-07-23 18:00:00,30.8,70,974.0,red_fort,28.6562,77.241
2026-07-23 19:00:00,30.2,74,974.4,red_fort,28.6562,77.241
2026-07-23 20:00:00,29.6,78,975.1,red_fort,28.6562,77.241
2026-07-23 21:00:00,26.6,93,976.3,red_fort,28.6562,77.241
2026-07-23 22:00:00,26.9,91,976.1,red_fort,28.6562,77.241
2026-07-23 23:00:00,27.6,87,976.1,red_fort,28.6562,77.241
2026-07-24 00:00:00,27.2,87,975.8,red_fort,28.6562,77.241
2026-07-24 01:00:00,27.1,88,975.6,red_fort,28.6562,77.241
2026-07-24 02:00:00,27.0,89,975.0,red_fort,28.6562,77.241
2026-07-24 03:00:00,26.8,90,975.1,red_fort,28.6562,77.241
2026-07-24 04:00:00,26.6,90,975.1,red_fort,28.6562,77.241
2026-07-24 05:00:00,25.8,94,975.3,red_fort,28.6562,77.241
2026-07-24 06:00:00,26.0,94,974.9,red_fort,28.6562,77.241
2026-07-24 07:00:00,26.9,90,975.4,red_fort,28.6562,77.241
2026-07-24 08:00:00,28.4,82,975.4,red_fort,28.6562,77.241
2026-07-24 09:00:00,29.6,75,975.8,red_fort,28.6562,77.241
2026-07-24 10:00:00,30.4,72,975.9,red_fort,28.6562,77.241
2026-07-24 11:00:00,31.0,73,976.2,red_fort,28.6562,77.241
2026-07-24 12:00:00,31.6,70,975.8,red_fort,28.6562,77.241
2026-07-24 13:00:00,31.5,70,974.7,red_fort,28.6562,77.241
2026-07-24 14:00:00,29.0,80,974.7,red_fort,28.6562,77.241
2026-07-24 15:00:00,29.5,81,973.6,red_fort,28.6562,77.241
2026-07-24 16:00:00,30.7,73,973.0,red_fort,28.6562,77.241
2026-07-24 17:00:00,30.4,80,972.6,red_fort,28.6562,77.241
2026-07-24 18:00:00,30.4,81,973.2,red_fort,28.6562,77.241
2026-07-24 19:00:00,29.9,83,974.1,red_fort,28.6562,77.241
2026-07-24 20:00:00,29.5,83,975.2,red_fort,28.6562,77.241
2026-07-24 21:00:00,29.0,83,976.1,red_fort,28.6562,77.241
2026-07-24 22:00:00,28.8,83,976.5,red_fort,28.6562,77.241
2026-07-24 23:00:00,28.6,85,976.3,red_fort,28.6562,77.241
2026-07-25 00:00:00,28.5,83,976.2,red_fort,28.6562,77.241
2026-07-25 01:00:00,28.2,83,976.4,red_fort,28.6562,77.241
2026-07-25 02:00:00,27.9,86,976.4,red_fort,28.6562,77.241
2026-07-25 03:00:00,27.8,88,976.2,red_fort,28.6562,77.241
2026-07-25 04:00:00,27.6,89,976.2,red_fort,28.6562,77.241
2026-07-25 05:00:00,27.2,92,976.1,red_fort,28.6562,77.241
2026-07-25 06:00:00,27.5,91,977.2,red_fort,28.6562,77.241
2026-07-25 07:00:00,28.7,81,977.7,red_fort,28.6562,77.241
2026-07-25 08:00:00,28.6,82,977.9,red_fort,28.6562,77.241
2026-07-25 09:00:00,29.5,81,978.3,red_fort,28.6562,77.241
2026-07-25 10:00:00,30.0,77,978.5,red_fort,28.6562,77.241
2026-07-25 11:00:00,31.5,67,978.2,red_fort,28.6562,77.241
2026-07-25 12:00:00,31.5,66,977.5,red_fort,28.6562,77.241
2026-07-25 13:00:00,32.4,63,977.0,red_fort,28.6562,77.241
2026-07-25 14:00:00,32.6,61,976.2,red_fort,28.6562,77.241
2026-07-25 15:00:00,32.5,62,975.9,red_fort,28.6562,77.241
2026-07-25 16:00:00,31.2,70,975.4,red_fort,28.6562,77.241
2026-07-25 17:00:00,30.0,75,975.6,red_fort,28.6562,77.241
2026-07-25 18:00:00,29.4,83,976.2,red_fort,28.6562,77.241
2026-07-25 19:00:00,28.8,86,976.9,red_fort,28.6562,77.241
2026-07-25 20:00:00,28.3,88,977.9,red_fort,28.6562,77.241
2026-07-25 21:00:00,27.9,89,978.5,red_fort,28.6562,77.241
2026-07-25 22:00:00,27.7,89,978.8,red_fort,28.6562,77.241
2026-07-25 23:00:00,27.3,94,978.1,red_fort,28.6562,77.241
2026-07-26 00:00:00,27.4,96,978.0,red_fort,28.6562,77.241
2026-07-26 01:00:00,27.6,95,977.6,red_fort,28.6562,77.241
2026-07-26 02:00:00,27.5,95,977.3,red_fort,28.6562,77.241
2026-07-26 03:00:00,27.4,95,977.3,red_fort,28.6562,77.241
2026-07-26 04:00:00,27.3,95,977.4,red_fort,28.6562,77.241
2026-07-26 05:00:00,28.1,95,977.2,red_fort,28.6562,77.241
2026-07-26 06:00:00,28.0,93,977.4,red_fort,28.6562,77.241
2026-07-26 07:00:00,28.7,87,977.8,red_fort,28.6562,77.241
2026-07-26 08:00:00,29.1,87,978.0,red_fort,28.6562,77.241
2026-07-26 09:00:00,30.5,80,977.8,red_fort,28.6562,77.241
2026-07-26 10:00:00,31.5,74,978.2,red_fort,28.6562,77.241
2026-07-26 11:00:00,32.5,71,978.2,red_fort,28.6562,77.241
2026-07-26 12:00:00,33.0,69,978.0,red_fort,28.6562,77.241
2026-07-26 13:00:00,33.6,68,977.5,red_fort,28.6562,77.241
2026-07-26 14:00:00,33.4,68,976.5,red_fort,28.6562,77.241
2026-07-26 15:00:00,33.5,68,975.8,red_fort,28.6562,77.241
2026-07-26 16:00:00,33.2,70,975.1,red_fort,28.6562,77.241
2026-07-26 17:00:00,33.3,64,974.8,red_fort,28.6562,77.241
2026-07-26 18:00:00,32.7,69,974.8,red_fort,28.6562,77.241
2026-07-26 19:00:00,31.8,78,975.2,red_fort,28.6562,77.241
2026-07-26 20:00:00,31.5,81,975.6,red_fort,28.6562,77.241
2026-07-26 21:00:00,31.4,82,976.2,red_fort,28.6562,77.241
2026-07-26 22:00:00,31.0,83,976.6,red_fort,28.6562,77.241
2026-07-26 23:00:00,30.8,86,976.0,red_fort,28.6562,77.241
2026-07-27 00:00:00,30.3,86,975.8,red_fort,28.6562,77.241
2026-07-27 01:00:00,29.9,89,975.1,red_fort,28.6562,77.241
2026-07-27 02:00:00,29.7,90,974.7,red_fort,28.6562,77.241
2026-07-27 03:00:00,29.6,89,974.7,red_fort,28.6562,77.241
2026-07-27 04:00:00,29.4,89,974.8,red_fort,28.6562,77.241
2026-07-27 05:00:00,29.3,90,974.8,red_fort,28.6562,77.241
2026-07-27 06:00:00,29.3,90,974.9,red_fort,28.6562,77.241
2026-07-27 07:00:00,30.2,85,975.2,red_fort,28.6562,77.241
2026-07-27 08:00:00,31.6,75,975.4,red_fort,28.6562,77.241
2026-07-27 09:00:00,32.6,69,975.3,red_fort,28.6562,77.241
2026-07-27 10:00:00,33.4,65,975.6,red_fort,28.6562,77.241
2026-07-27 11:00:00,34.5,52,975.1,red_fort,28.6562,77.241
2026-07-27 12:00:00,35.3,50,975.1,red_fort,28.6562,77.241
2026-07-27 13:00:00,35.7,50,974.4,red_fort,28.6562,77.241
2026-07-27 14:00:00,35.4,52,973.5,red_fort,28.6562,77.241
2026-07-27 15:00:00,33.6,56,972.8,red_fort,28.6562,77.241
2026-07-27 16:00:00,34.0,56,972.8,red_fort,28.6562,77.241
2026-07-27 17:00:00,33.4,58,972.8,red_fort,28.6562,77.241
2026-07-27 18:00:00,32.6,65,972.7,red_fort,28.6562,77.241
2026-07-27 19:00:00,31.8,71,972.9,red_fort,28.6562,77.241
2026-07-27 20:00:00,30.8,79,973.7,red_fort,28.6562,77.241
2026-07-27 21:00:00,29.7,84,974.3,red_fort,28.6562,77.241
2026-07-27 22:00:00,29.3,84,975.0,red_fort,28.6562,77.241
2026-07-27 23:00:00,30.3,85,974.5,red_fort,28.6562,77.241
2026-07-28 00:00:00,28.6,89,974.8,red_fort,28.6562,77.241
2026-07-28 01:00:00,26.9,95,974.9,red_fort,28.6562,77.241
2026-07-28 02:00:00,26.7,95,974.5,red_fort,28.6562,77.241
2026-07-28 03:00:00,26.0,96,974.0,red_fort,28.6562,77.241
2026-07-28 04:00:00,25.9,97,973.9,red_fort,28.6562,77.241
2026-07-28 05:00:00,28.8,92,973.5,red_fort,28.6562,77.241
2026-07-28 06:00:00,28.6,93,974.0,red_fort,28.6562,77.241
2026-07-28 07:00:00,28.9,90,974.3,red_fort,28.6562,77.241
2026-07-28 08:00:00,27.9,88,975.0,red_fort,28.6562,77.241
2026-07-28 09:00:00,27.6,91,975.6,red_fort,28.6562,77.241
2026-07-28 10:00:00,27.2,93,976.5,red_fort,28.6562,77.241
2026-07-28 11:00:00,27.3,93,976.3,red_fort,28.6562,77.241
2026-07-28 12:00:00,27.1,94,975.6,red_fort,28.6562,77.241
2026-07-28 13:00:00,26.9,93,975.5,red_fort,28.6562,77.241
2026-07-28 14:00:00,27.4,90,974.5,red_fort,28.6562,77.241
2026-07-28 15:00:00,27.9,85,973.8,red_fort,28.6562,77.241
2026-07-28 16:00:00,27.7,86,973.3,red_fort,28.6562,77.241
2026-07-28 17:00:00,30.5,74,973.4,red_fort,28.6562,77.241
2026-07-28 18:00:00,29.9,77,973.6,red_fort,28.6562,77.241
2026-07-28 19:00:00,29.0,83,974.1,red_fort,28.6562,77.241
2026-07-28 20:00:00,28.5,85,974.8,red_fort,28.6562,77.241
2026-07-28 21:00:00,28.3,87,975.7,red_fort,28.6562,77.241
2026-07-28 22:00:00,28.0,89,976.2,red_fort,28.6562,77.241
2026-07-28 23:00:00,27.6,90,976.0,red_fort,28.6562,77.241
2026-07-29 00:00:00,27.4,92,976.0,red_fort,28.6562,77.241
2026-07-29 01:00:00,26.9,96,976.0,red_fort,28.6562,77.241
2026-07-29 02:00:00,26.7,97,975.5,red_fort,28.6562,77.241
2026-07-29 03:00:00,26.6,97,975.4,red_fort,28.6562,77.241
2026-07-29 04:00:00,26.6,98,975.7,red_fort,28.6562,77.241
2026-07-29 05:00:00,27.0,96,975.3,red_fort,28.6562,77.241
2026-07-29 06:00:00,26.3,98,975.9,red_fort,28.6562,77.241
2026-07-29 07:00:00,26.5,99,976.4,red_fort,28.6562,77.241
2026-07-29 08:00:00,27.0,95,976.6,red_fort,28.6562,77.241
2026-07-29 09:00:00,28.3,85,976.9,red_fort,28.6562,77.241
2026-07-29 10:00:00,28.9,82,977.0,red_fort,28.6562,77.241
2026-07-29 11:00:00,30.5,76,976.5,red_fort,28.6562,77.241
2026-07-29 12:00:00,31.9,71,976.3,red_fort,28.6562,77.241
2026-07-29 13:00:00,32.3,69,975.7,red_fort,28.6562,77.241
2026-07-29 14:00:00,32.6,68,974.7,red_fort,28.6562,77.241
2026-07-29 15:00:00,32.1,70,974.2,red_fort,28.6562,77.241
2026-07-29 16:00:00,31.1,78,973.5,red_fort,28.6562,77.241
2026-07-29 17:00:00,33.0,64,973.2,red_fort,28.6562,77.241
2026-07-29 18:00:00,32.2,69,973.2,red_fort,28.6562,77.241
2026-07-29 19:00:00,31.1,78,973.9,red_fort,28.6562,77.241
2026-07-29 20:00:00,30.5,82,974.8,red_fort,28.6562,77.241
2026-07-29 21:00:00,30.0,84,975.7,red_fort,28.6562,77.241
2026-07-29 22:00:00,29.5,88,975.9,red_fort,28.6562,77.241
2026-07-29 23:00:00,29.9,85,975.5,red_fort,28.6562,77.241
2026-07-30 00:00:00,29.2,89,975.2,red_fort,28.6562,77.241
2026-07-30 01:00:00,28.9,88,975.0,red_fort,28.6562,77.241
2026-07-30 02:00:00,25.9,96,975.0,red_fort,28.6562,77.241
2026-07-30 03:00:00,26.1,97,974.5,red_fort,28.6562,77.241
2026-07-30 04:00:00,26.4,99,974.4,red_fort,28.6562,77.241
2026-07-30 05:00:00,28.9,92,973.9,red_fort,28.6562,77.241
2026-07-30 06:00:00,28.6,94,974.2,red_fort,28.6562,77.241
2026-07-30 07:00:00,28.8,85,975.1,red_fort,28.6562,77.241
2026-07-30 08:00:00,29.3,83,975.6,red_fort,28.6562,77.241
2026-07-30 09:00:00,30.9,75,975.9,red_fort,28.6562,77.241
2026-07-30 10:00:00,32.1,70,976.3,red_fort,28.6562,77.241
2026-07-30 11:00:00,32.6,67,976.1,red_fort,28.6562,77.241
2026-07-30 12:00:00,32.8,65,975.7,red_fort,28.6562,77.241
2026-07-30 13:00:00,33.0,66,975.4,red_fort,28.6562,77.241
2026-07-30 14:00:00,33.2,66,974.5,red_fort,28.6562,77.241
2026-07-30 15:00:00,33.5,63,973.6,red_fort,28.6562,77.241
2026-07-30 16:00:00,33.7,57,973.1,red_fort,28.6562,77.241
2026-07-30 17:00:00,31.3,74,973.0,red_fort,28.6562,77.241
2026-07-30 18:00:00,28.8,84,973.5,red_fort,28.6562,77.241
2026-07-30 19:00:00,28.8,86,974.2,red_fort,28.6562,77.241
2026-07-30 20:00:00,28.7,90,974.9,red_fort,28.6562,77.241
2026-07-30 21:00:00,28.4,91,975.7,red_fort,28.6562,77.241
2026-07-30 22:00:00,28.4,90,976.0,red_fort,28.6562,77.241
2026-07-30 23:00:00,29.1,89,975.7,red_fort,28.6562,77.241
2026-07-31 00:00:00,28.8,90,975.3,red_fort,28.6562,77.241
2026-07-31 01:00:00,28.7,88,975.2,red_fort,28.6562,77.241
2026-07-31 02:00:00,28.5,87,975.2,red_fort,28.6562,77.241
2026-07-31 03:00:00,28.3,87,975.1,red_fort,28.6562,77.241
2026-07-31 04:00:00,28.0,86,975.4,red_fort,28.6562,77.241
2026-07-31 05:00:00,28.3,83,975.1,red_fort,28.6562,77.241
2026-07-31 06:00:00,28.1,84,975.6,red_fort,28.6562,77.241
2026-07-31 07:00:00,28.7,81,976.1,red_fort,28.6562,77.241
2026-07-31 08:00:00,29.0,79,976.4,red_fort,28.6562,77.241
2026-07-31 09:00:00,29.7,75,976.7,red_fort,28.6562,77.241
2026-07-31 10:00:00,30.2,72,976.8,red_fort,28.6562,77.241
2026-07-31 11:00:00,30.9,70,977.0,red_fort,28.6562,77.241
2026-07-31 12:00:00,31.3,66,976.4,red_fort,28.6562,77.241
2026-07-31 13:00:00,31.6,67,975.6,red_fort,28.6562,77.241
2026-07-31 14:00:00,32.4,67,974.7,red_fort,28.6562,77.241
2026-07-31 15:00:00,32.6,66,973.7,red_fort,28.6562,77.241
2026-07-31 16:00:00,31.8,69,973.2,red_fort,28.6562,77.241
2026-07-31 17:00:00,31.8,69,973.2,red_fort,28.6562,77.241
2026-07-31 18:00:00,31.2,73,973.8,red_fort,28.6562,77.241
2026-07-31 19:00:00,30.3,79,974.4,red_fort,28.6562,77.241
2026-07-31 20:00:00,29.9,82,975.1,red_fort,28.6562,77.241
2026-07-31 21:00:00,29.7,82,975.9,red_fort,28.6562,77.241
2026-07-31 22:00:00,29.2,84,976.3,red_fort,28.6562,77.241
2026-07-31 23:00:00,28.4,86,975.8,red_fort,28.6562,77.241
2026-08-01 00:00:00,28.7,86,975.7,red_fort,28.6562,77.241
2026-08-01 01:00:00,27.8,90,975.7,red_fort,28.6562,77.241
2026-08-01 02:00:00,27.7,87,975.2,red_fort,28.6562,77.241
2026-08-01 03:00:00,27.6,88,975.2,red_fort,28.6562,77.241
2026-08-01 04:00:00,27.6,89,975.3,red_fort,28.6562,77.241
2026-08-01 05:00:00,27.0,93,975.3,red_fort,28.6562,77.241
2026-08-01 06:00:00,26.8,92,975.8,red_fort,28.6562,77.241
2026-08-01 07:00:00,27.1,88,976.2,red_fort,28.6562,77.241
2026-08-01 08:00:00,27.9,83,976.1,red_fort,28.6562,77.241
2026-08-01 09:00:00,29.7,76,976.1,red_fort,28.6562,77.241
2026-08-01 10:00:00,31.0,70,976.1,red_fort,28.6562,77.241
2026-08-01 11:00:00,32.0,66,975.9,red_fort,28.6562,77.241
2026-08-01 12:00:00,32.6,66,975.2,red_fort,28.6562,77.241
2026-08-01 13:00:00,32.4,67,974.7,red_fort,28.6562,77.241
2026-08-01 14:00:00,31.1,73,974.1,red_fort,28.6562,77.241
2026-08-01 15:00:00,31.3,74,973.3,red_fort,28.6562,77.241
2026-08-01 16:00:00,31.8,71,972.8,red_fort,28.6562,77.241
2026-08-01 17:00:00,30.4,80,973.3,red_fort,28.6562,77.241
2026-08-01 18:00:00,30.7,78,973.7,red_fort,28.6562,77.241
2026-08-01 19:00:00,30.2,82,974.1,red_fort,28.6562,77.241
2026-08-01 20:00:00,29.9,84,974.8,red_fort,28.6562,77.241
2026-08-01 21:00:00,29.6,85,975.7,red_fort,28.6562,77.241
2026-08-01 22:00:00,29.4,85,976.0,red_fort,28.6562,77.241
2026-08-01 23:00:00,26.7,90,976.0,red_fort,28.6562,77.241
2026-08-02 00:00:00,26.9,91,975.6,red_fort,28.6562,77.241
2026-08-02 01:00:00,27.0,92,976.0,red_fort,28.6562,77.241
2026-08-02 02:00:00,27.0,93,975.8,red_fort,28.6562,77.241
2026-08-02 03:00:00,26.9,94,975.2,red_fort,28.6562,77.241
2026-08-02 04:00:00,26.9,94,975.8,red_fort,28.6562,77.241
2026-08-02 05:00:00,27.1,96,975.9,red_fort,28.6562,77.241
2026-08-02 06:00:00,26.5,96,976.5,red_fort,28.6562,77.241
2026-08-02 07:00:00,27.1,94,976.7,red_fort,28.6562,77.241
2026-08-02 08:00:00,28.8,85,976.9,red_fort,28.6562,77.241
2026-08-02 09:00:00,30.6,76,976.8,red_fort,28.6562,77.241
2026-08-02 10:00:00,32.0,68,976.7,red_fort,28.6562,77.241
2026-08-02 11:00:00,33.7,59,976.7,red_fort,28.6562,77.241
2026-08-02 12:00:00,33.4,61,976.4,red_fort,28.6562,77.241
2026-08-02 13:00:00,32.4,65,976.2,red_fort,28.6562,77.241
2026-08-02 14:00:00,32.5,68,975.2,red_fort,28.6562,77.241
2026-08-02 15:00:00,33.0,65,974.5,red_fort,28.6562,77.241
2026-08-02 16:00:00,33.0,64,974.1,red_fort,28.6562,77.241
2026-08-02 17:00:00,29.2,84,975.0,red_fort,28.6562,77.241
2026-08-02 18:00:00,27.9,90,975.5,red_fort,28.6562,77.241
2026-08-02 19:00:00,27.5,94,975.1,red_fort,28.6562,77.241
2026-08-02 20:00:00,27.7,95,976.0,red_fort,28.6562,77.241
2026-08-02 21:00:00,27.9,96,977.1,red_fort,28.6562,77.241
2026-08-02 22:00:00,27.9,97,977.4,red_fort,28.6562,77.241
2026-08-02 23:00:00,28.8,96,976.8,red_fort,28.6562,77.241
2026-08-03 00:00:00,28.5,97,976.5,red_fort,28.6562,77.241
2026-08-03 01:00:00,28.3,96,976.5,red_fort,28.6562,77.241
2026-08-03 02:00:00,27.7,94,976.1,red_fort,28.6562,77.241
2026-08-03 03:00:00,27.4,94,975.8,red_fort,28.6562,77.241
2026-08-03 04:00:00,27.3,95,975.9,red_fort,28.6562,77.241
2026-08-03 05:00:00,27.7,95,975.7,red_fort,28.6562,77.241
2026-08-03 06:00:00,27.1,97,976.3,red_fort,28.6562,77.241
2026-08-03 07:00:00,27.7,93,976.5,red_fort,28.6562,77.241
2026-08-03 08:00:00,28.7,87,977.4,red_fort,28.6562,77.241
2026-08-03 09:00:00,29.6,81,977.6,red_fort,28.6562,77.241
2026-08-03 10:00:00,30.8,77,977.8,red_fort,28.6562,77.241
2026-08-03 11:00:00,31.7,71,977.5,red_fort,28.6562,77.241
2026-08-03 12:00:00,33.3,65,977.2,red_fort,28.6562,77.241
2026-08-03 13:00:00,34.1,62,977.0,red_fort,28.6562,77.241
2026-08-03 14:00:00,31.9,68,976.1,red_fort,28.6562,77.241
2026-08-03 15:00:00,31.6,74,976.2,red_fort,28.6562,77.241
2026-08-03 16:00:00,31.3,74,975.4,red_fort,28.6562,77.241
2026-08-03 17:00:00,33.3,67,974.8,red_fort,28.6562,77.241
2026-08-03 18:00:00,30.6,75,974.7,red_fort,28.6562,77.241
2026-08-03 19:00:00,27.4,93,976.5,red_fort,28.6562,77.241
2026-08-03 20:00:00,27.4,95,977.1,red_fort,28.6562,77.241
2026-08-03 21:00:00,27.4,94,977.9,red_fort,28.6562,77.241
2026-08-03 22:00:00,27.2,94,978.1,red_fort,28.6562,77.241
2026-08-03 23:00:00,26.7,97,977.9,red_fort,28.6562,77.241
2026-08-04 00:00:00,27.1,96,977.5,red_fort,28.6562,77.241
2026-08-04 01:00:00,27.0,97,977.1,red_fort,28.6562,77.241
2026-08-04 02:00:00,26.7,98,977.0,red_fort,28.6562,77.241
2026-08-04 03:00:00,26.7,97,977.3,red_fort,28.6562,77.241
2026-08-04 04:00:00,26.7,97,977.2,red_fort,28.6562,77.241
2026-08-04 05:00:00,27.0,96,976.6,red_fort,28.6562,77.241
2026-08-04 06:00:00,26.6,97,977.5,red_fort,28.6562,77.241
2026-08-04 07:00:00,27.1,93,977.7,red_fort,28.6562,77.241
2026-08-04 08:00:00,28.0,88,978.2,red_fort,28.6562,77.241
2026-08-04 09:00:00,29.7,79,978.5,red_fort,28.6562,77.241
2026-08-04 10:00:00,30.6,77,979.1,red_fort,28.6562,77.241
2026-08-04 11:00:00,28.9,85,978.9,red_fort,28.6562,77.241
2026-08-04 12:00:00,28.2,91,978.5,red_fort,28.6562,77.241
2026-08-04 13:00:00,28.8,85,978.1,red_fort,28.6562,77.241
2026-08-04 14:00:00,29.1,84,977.5,red_fort,28.6562,77.241
2026-08-04 15:00:00,29.5,82,976.8,red_fort,28.6562,77.241
2026-08-04 16:00:00,29.1,83,975.9,red_fort,28.6562,77.241
2026-08-04 17:00:00,27.5,92,976.3,red_fort,28.6562,77.241
2026-08-04 18:00:00,27.3,94,976.3,red_fort,28.6562,77.241
2026-08-04 19:00:00,27.2,95,976.6,red_fort,28.6562,77.241
2026-08-04 20:00:00,27.3,96,977.3,red_fort,28.6562,77.241
2026-08-04 21:00:00,27.3,96,978.0,red_fort,28.6562,77.241
2026-08-04 22:00:00,27.1,96,978.1,red_fort,28.6562,77.241
2026-08-04 23:00:00,27.7,96,977.3,red_fort,28.6562,77.241
2026-08-05 00:00:00,27.5,97,976.7,red_fort,28.6562,77.241
2026-08-05 01:00:00,27.4,99,976.4,red_fort,28.6562,77.241
2026-08-05 02:00:00,27.4,93,976.0,red_fort,28.6562,77.241
2026-08-05 03:00:00,27.0,92,976.0,red_fort,28.6562,77.241
2026-08-05 04:00:00,26.4,96,975.9,red_fort,28.6562,77.241
2026-08-05 05:00:00,26.1,95,975.8,red_fort,28.6562,77.241
2026-08-05 06:00:00,25.7,95,976.2,red_fort,28.6562,77.241
2026-08-05 07:00:00,26.8,94,976.2,red_fort,28.6562,77.241
2026-08-05 08:00:00,28.5,85,976.3,red_fort,28.6562,77.241
2026-08-05 09:00:00,30.0,77,976.4,red_fort,28.6562,77.241
2026-08-05 10:00:00,31.3,69,976.2,red_fort,28.6562,77.241
2026-08-05 11:00:00,31.6,71,976.3,red_fort,28.6562,77.241
2026-08-05 12:00:00,31.1,72,975.1,red_fort,28.6562,77.241
2026-08-05 13:00:00,31.9,69,974.8,red_fort,28.6562,77.241
2026-08-05 14:00:00,31.8,68,973.8,red_fort,28.6562,77.241
2026-08-05 15:00:00,33.0,62,973.4,red_fort,28.6562,77.241
2026-08-05 16:00:00,32.7,63,973.1,red_fort,28.6562,77.241
2026-08-05 17:00:00,28.3,94,973.2,red_fort,28.6562,77.241
2026-08-05 18:00:00,28.4,88,973.7,red_fort,28.6562,77.241
2026-08-05 19:00:00,28.1,90,974.6,red_fort,28.6562,77.241
2026-08-05 20:00:00,27.6,92,975.3,red_fort,28.6562,77.241
2026-08-05 21:00:00,27.8,93,975.9,red_fort,28.6562,77.241
2026-08-05 22:00:00,27.8,95,975.9,red_fort,28.6562,77.241
2026-08-05 23:00:00,27.3,100,975.5,red_fort,28.6562,77.241
2026-08-06 00:00:00,27.3,96,975.0,red_fort,28.6562,77.241
2026-08-06 01:00:00,26.4,95,975.0,red_fort,28.6562,77.241
2026-08-06 02:00:00,26.5,96,974.4,red_fort,28.6562,77.241
2026-08-06 03:00:00,26.8,95,974.4,red_fort,28.6562,77.241
2026-08-06 04:00:00,26.9,97,974.8,red_fort,28.6562,77.241
2026-08-06 05:00:00,27.4,95,974.3,red_fort,28.6562,77.241
2026-08-06 06:00:00,27.5,94,975.3,red_fort,28.6562,77.241
2026-08-06 07:00:00,27.7,92,976.1,red_fort,28.6562,77.241
2026-08-06 08:00:00,27.3,90,976.8,red_fort,28.6562,77.241
2026-08-06 09:00:00,27.0,88,977.3,red_fort,28.6562,77.241
2026-08-06 10:00:00,26.7,87,977.4,red_fort,28.6562,77.241
2026-08-06 11:00:00,26.8,85,977.3,red_fort,28.6562,77.241
2026-08-06 12:00:00,28.0,80,976.9,red_fort,28.6562,77.241
2026-08-06 13:00:00,27.5,84,976.4,red_fort,28.6562,77.241
2026-08-06 14:00:00,27.3,85,975.6,red_fort,28.6562,77.241
2026-08-06 15:00:00,27.2,87,975.4,red_fort,28.6562,77.241
2026-08-06 16:00:00,27.8,84,975.0,red_fort,28.6562,77.241
2026-08-06 17:00:00,27.7,90,974.7,red_fort,28.6562,77.241
2026-08-06 18:00:00,27.5,91,974.8,red_fort,28.6562,77.241
2026-08-06 19:00:00,27.3,92,975.4,red_fort,28.6562,77.241
2026-08-06 20:00:00,27.1,93,975.9,red_fort,28.6562,77.241
2026-08-06 21:00:00,27.0,94,976.4,red_fort,28.6562,77.241
2026-08-06 22:00:00,26.9,94,976.4,red_fort,28.6562,77.241
2026-08-06 23:00:00,26.7,93,976.6,red_fort,28.6562,77.241
2026-08-07 00:00:00,26.0,97,976.1,red_fort,28.6562,77.241
2026-08-07 01:00:00,26.0,97,975.8,red_fort,28.6562,77.241
2026-08-07 02:00:00,26.0,98,975.5,red_fort,28.6562,77.241
2026-08-07 03:00:00,25.9,99,975.3,red_fort,28.6562,77.241
2026-08-07 04:00:00,25.9,95,975.3,red_fort,28.6562,77.241
2026-08-07 05:00:00,26.3,97,974.9,red_fort,28.6562,77.241
2026-08-07 06:00:00,26.2,98,975.1,red_fort,28.6562,77.241
2026-08-07 07:00:00,25.9,96,975.9,red_fort,28.6562,77.241
2026-08-07 08:00:00,26.5,94,976.0,red_fort,28.6562,77.241
2026-08-07 09:00:00,26.6,92,976.3,red_fort,28.6562,77.241
2026-08-07 10:00:00,27.0,92,976.5,red_fort,28.6562,77.241
2026-08-07 11:00:00,27.3,90,976.2,red_fort,28.6562,77.241
2026-08-07 12:00:00,26.4,96,975.7,red_fort,28.6562,77.241
2026-08-07 13:00:00,27.2,95,975.1,red_fort,28.6562,77.241
2026-08-07 14:00:00,28.4,89,974.5,red_fort,28.6562,77.241
2026-08-07 15:00:00,29.5,82,974.0,red_fort,28.6562,77.241
2026-08-07 16:00:00,28.6,79,973.9,red_fort,28.6562,77.241
2026-08-07 17:00:00,27.2,92,974.2,red_fort,28.6562,77.241
2026-08-07 18:00:00,27.0,93,974.2,red_fort,28.6562,77.241
2026-08-07 19:00:00,26.7,95,975.1,red_fort,28.6562,77.241
2026-08-07 20:00:00,26.4,95,975.8,red_fort,28.6562,77.241
2026-08-07 21:00:00,25.7,97,976.4,red_fort,28.6562,77.241
2026-08-07 22:00:00,25.7,96,976.7,red_fort,28.6562,77.241
2026-08-07 23:00:00,25.9,97,976.6,red_fort,28.6562,77.241
2026-08-08 00:00:00,26.0,98,976.1,red_fort,28.6562,77.241
2026-08-08 01:00:00,25.8,96,975.7,red_fort,28.6562,77.241
2026-08-08 02:00:00,25.3,96,975.5,red_fort,28.6562,77.241
2026-08-08 03:00:00,24.9,99,975.5,red_fort,28.6562,77.241
2026-08-08 04:00:00,24.8,99,975.6,red_fort,28.6562,77.241
2026-08-08 05:00:00,25.5,96,975.4,red_fort,28.6562,77.241
2026-08-08 06:00:00,25.6,96,976.1,red_fort,28.6562,77.241
2026-08-08 07:00:00,26.0,95,976.3,red_fort,28.6562,77.241
2026-08-08 08:00:00,27.3,93,977.0,red_fort,28.6562,77.241
2026-08-08 09:00:00,29.6,85,977.2,red_fort,28.6562,77.241
2026-08-08 10:00:00,31.1,77,977.4,red_fort,28.6562,77.241
2026-08-08 11:00:00,29.6,80,977.8,red_fort,28.6562,77.241
2026-08-08 12:00:00,31.2,74,977.6,red_fort,28.6562,77.241
2026-08-08 13:00:00,30.8,73,976.9,red_fort,28.6562,77.241
2026-08-08 14:00:00,30.7,76,976.0,red_fort,28.6562,77.241
2026-08-08 15:00:00,32.3,66,975.5,red_fort,28.6562,77.241
2026-08-08 16:00:00,32.2,66,974.9,red_fort,28.6562,77.241
2026-08-08 17:00:00,31.1,73,975.7,red_fort,28.6562,77.241
2026-08-08 18:00:00,30.3,78,975.9,red_fort,28.6562,77.241
2026-08-08 19:00:00,29.4,82,976.2,red_fort,28.6562,77.241
2026-08-08 20:00:00,29.1,85,977.2,red_fort,28.6562,77.241
2026-08-08 21:00:00,28.9,87,978.0,red_fort,28.6562,77.241
2026-08-08 22:00:00,28.6,87,978.5,red_fort,28.6562,77.241
2026-08-08 23:00:00,29.1,89,978.3,red_fort,28.6562,77.241
2026-08-09 00:00:00,28.5,90,978.1,red_fort,28.6562,77.241
2026-08-09 01:00:00,28.2,90,977.8,red_fort,28.6562,77.241
2026-08-09 02:00:00,27.2,92,977.9,red_fort,28.6562,77.241
2026-08-09 03:00:00,26.9,94,977.9,red_fort,28.6562,77.241
2026-08-09 04:00:00,26.6,95,978.0,red_fort,28.6562,77.241
2026-08-09 05:00:00,25.3,97,977.9,red_fort,28.6562,77.241
2026-08-09 06:00:00,26.0,96,978.2,red_fort,28.6562,77.241
2026-08-09 07:00:00,27.3,93,978.7,red_fort,28.6562,77.241
2026-08-09 08:00:00,29.2,85,979.0,red_fort,28.6562,77.241
2026-08-09 09:00:00,30.8,79,979.1,red_fort,28.6562,77.241
2026-08-09 10:00:00,31.7,74,979.5,red_fort,28.6562,77.241
2026-08-09 11:00:00,32.6,68,978.8,red_fort,28.6562,77.241
2026-08-09 12:00:00,32.9,66,978.3,red_fort,28.6562,77.241
2026-08-09 13:00:00,33.6,62,977.7,red_fort,28.6562,77.241
2026-08-09 14:00:00,33.9,61,976.8,red_fort,28.6562,77.241
2026-08-09 15:00:00,34.1,61,976.1,red_fort,28.6562,77.241
2026-08-09 16:00:00,33.8,61,975.5,red_fort,28.6562,77.241
2026-08-09 17:00:00,34.0,60,975.2,red_fort,28.6562,77.241
2026-08-09 18:00:00,32.0,71,976.0,red_fort,28.6562,77.241
2026-08-09 19:00:00,30.9,80,976.5,red_fort,28.6562,77.241
2026-08-09 20:00:00,30.4,82,976.7,red_fort,28.6562,77.241
2026-08-09 21:00:00,30.0,83,977.8,red_fort,28.6562,77.241
2026-08-09 22:00:00,29.6,85,978.1,red_fort,28.6562,77.241
2026-08-09 23:00:00,30.3,80,977.5,red_fort,28.6562,77.241
2026-08-10 00:00:00,29.3,85,977.3,red_fort,28.6562,77.241
2026-08-10 01:00:00,27.4,92,977.2,red_fort,28.6562,77.241
2026-08-10 02:00:00,27.1,92,976.8,red_fort,28.6562,77.241
2026-08-10 03:00:00,27.4,93,976.4,red_fort,28.6562,77.241
2026-08-10 04:00:00,27.7,93,976.8,red_fort,28.6562,77.241
2026-08-10 05:00:00,27.8,90,976.6,red_fort,28.6562,77.241
2026-08-10 06:00:00,27.4,91,977.5,red_fort,28.6562,77.241
2026-08-10 07:00:00,27.5,89,977.6,red_fort,28.6562,77.241
2026-08-10 08:00:00,28.5,85,977.8,red_fort,28.6562,77.241
2026-08-10 09:00:00,29.7,80,978.0,red_fort,28.6562,77.241
2026-08-10 10:00:00,31.1,74,978.2,red_fort,28.6562,77.241
2026-08-10 11:00:00,33.0,64,977.6,red_fort,28.6562,77.241
2026-08-10 12:00:00,33.0,66,977.4,red_fort,28.6562,77.241
2026-08-10 13:00:00,29.5,81,977.4,red_fort,28.6562,77.241
2026-08-10 14:00:00,28.4,89,976.4,red_fort,28.6562,77.241
2026-08-10 15:00:00,29.2,86,976.0,red_fort,28.6562,77.241
2026-08-10 16:00:00,29.6,83,975.4,red_fort,28.6562,77.241
2026-08-10 17:00:00,29.9,82,975.7,red_fort,28.6562,77.241
2026-08-10 18:00:00,29.4,85,976.0,red_fort,28.6562,77.241
2026-08-10 19:00:00,28.9,88,976.4,red_fort,28.6562,77.241
2026-08-10 20:00:00,28.6,90,977.2,red_fort,28.6562,77.241
2026-08-10 21:00:00,28.6,91,977.8,red_fort,28.6562,77.241
2026-08-10 22:00:00,28.5,92,977.7,red_fort,28.6562,77.241
2026-08-10 23:00:00,27.9,95,976.8,red_fort,28.6562,77.241
2026-08-11 00:00:00,27.7,95,976.7,red_fort,28.6562,77.241
2026-08-11 01:00:00,27.5,94,976.6,red_fort,28.6562,77.241
2026-08-11 02:00:00,27.3,95,976.7,red_fort,28.6562,77.241
2026-08-11 03:00:00,27.1,96,976.3,red_fort,28.6562,77.241
2026-08-11 04:00:00,27.3,90,976.7,red_fort,28.6562,77.241
2026-08-11 05:00:00,26.8,94,977.0,red_fort,28.6562,77.241
2026-08-11 06:00:00,27.0,93,977.1,red_fort,28.6562,77.241
2026-08-11 07:00:00,27.6,90,977.9,red_fort,28.6562,77.241
2026-08-11 08:00:00,28.5,87,978.2,red_fort,28.6562,77.241
2026-08-11 09:00:00,29.0,85,978.6,red_fort,28.6562,77.241
2026-08-11 10:00:00,30.1,81,978.7,red_fort,28.6562,77.241
2026-08-11 11:00:00,30.0,81,978.4,red_fort,28.6562,77.241
2026-08-11 12:00:00,28.2,88,978.3,red_fort,28.6562,77.241
2026-08-11 13:00:00,28.3,92,977.7,red_fort,28.6562,77.241
2026-08-11 14:00:00,29.2,89,976.9,red_fort,28.6562,77.241
2026-08-11 15:00:00,30.3,83,975.7,red_fort,28.6562,77.241
2026-08-11 16:00:00,30.5,79,975.5,red_fort,28.6562,77.241
2026-08-11 17:00:00,30.4,79,975.8,red_fort,28.6562,77.241
2026-08-11 18:00:00,30.2,80,975.7,red_fort,28.6562,77.241
2026-08-11 19:00:00,29.3,87,976.2,red_fort,28.6562,77.241
2026-08-11 20:00:00,28.9,89,977.2,red_fort,28.6562,77.241
2026-08-11 21:00:00,28.7,89,978.0,red_fort,28.6562,77.241
2026-08-11 22:00:00,28.3,90,978.1,red_fort,28.6562,77.241
2026-08-11 23:00:00,28.7,87,977.8,red_fort,28.6562,77.241
2026-08-12 00:00:00,28.4,88,977.6,red_fort,28.6562,77.241
2026-08-12 01:00:00,28.3,89,977.6,red_fort,28.6562,77.241
2026-08-12 02:00:00,27.8,91,977.6,red_fort,28.6562,77.241
2026-08-12 03:00:00,27.4,93,977.7,red_fort,28.6562,77.241
2026-08-12 04:00:00,27.1,95,977.7,red_fort,28.6562,77.241
2026-08-12 05:00:00,27.5,97,977.6,red_fort,28.6562,77.241
2026-08-12 06:00:00,27.4,97,977.9,red_fort,28.6562,77.241
2026-08-12 07:00:00,28.5,92,978.1,red_fort,28.6562,77.241
2026-08-12 08:00:00,30.0,82,978.6,red_fort,28.6562,77.241
2026-08-12 09:00:00,31.2,74,978.7,red_fort,28.6562,77.241
2026-08-12 10:00:00,32.1,69,978.7,red_fort,28.6562,77.241
2026-08-12 11:00:00,33.0,64,978.4,red_fort,28.6562,77.241
2026-08-12 12:00:00,33.6,63,977.9,red_fort,28.6562,77.241
2026-08-12 13:00:00,34.1,60,977.0,red_fort,28.6562,77.241
2026-08-12 14:00:00,34.5,59,976.5,red_fort,28.6562,77.241
2026-08-12 15:00:00,34.7,59,976.2,red_fort,28.6562,77.241
2026-08-12 16:00:00,34.4,60,975.5,red_fort,28.6562,77.241
2026-08-12 17:00:00,34.3,61,975.8,red_fort,28.6562,77.241
2026-08-12 18:00:00,31.9,73,976.6,red_fort,28.6562,77.241
2026-08-12 19:00:00,30.0,83,977.7,red_fort,28.6562,77.241
2026-08-12 20:00:00,28.7,87,978.1,red_fort,28.6562,77.241
2026-08-12 21:00:00,28.6,91,979.1,red_fort,28.6562,77.241
2026-08-12 22:00:00,28.5,92,979.4,red_fort,28.6562,77.241
2026-08-12 23:00:00,30.0,84,979.3,red_fort,28.6562,77.241
2026-08-13 00:00:00,29.3,87,979.4,red_fort,28.6562,77.241
2026-08-13 01:00:00,29.0,88,978.7,red_fort,28.6562,77.241
2026-08-13 02:00:00,28.8,88,978.1,red_fort,28.6562,77.241
2026-08-13 03:00:00,28.5,89,978.1,red_fort,28.6562,77.241
2026-08-13 04:00:00,28.1,92,977.8,red_fort,28.6562,77.241
2026-08-13 05:00:00,27.3,95,977.8,red_fort,28.6562,77.241
2026-08-13 06:00:00,26.9,94,978.2,red_fort,28.6562,77.241
2026-08-13 07:00:00,28.1,90,978.4,red_fort,28.6562,77.241
2026-08-13 08:00:00,30.1,80,978.4,red_fort,28.6562,77.241
2026-08-13 09:00:00,31.6,75,978.5,red_fort,28.6562,77.241
2026-08-13 10:00:00,32.6,71,978.7,red_fort,28.6562,77.241
2026-08-13 11:00:00,33.3,67,978.8,red_fort,28.6562,77.241
2026-08-13 12:00:00,34.2,64,978.2,red_fort,28.6562,77.241
2026-08-13 13:00:00,33.5,63,977.4,red_fort,28.6562,77.241
2026-08-13 14:00:00,32.8,68,977.0,red_fort,28.6562,77.241
2026-08-13 15:00:00,33.7,66,976.2,red_fort,28.6562,77.241
2026-08-13 16:00:00,33.5,67,975.6,red_fort,28.6562,77.241
2026-08-13 17:00:00,30.2,87,976.1,red_fort,28.6562,77.241
2026-08-13 18:00:00,30.3,85,976.1,red_fort,28.6562,77.241
2026-08-13 19:00:00,29.9,89,976.7,red_fort,28.6562,77.241
2026-08-13 20:00:00,30.0,89,977.4,red_fort,28.6562,77.241
2026-08-13 21:00:00,30.1,88,978.1,red_fort,28.6562,77.241
2026-08-13 22:00:00,29.9,88,978.0,red_fort,28.6562,77.241
2026-08-13 23:00:00,30.5,88,977.4,red_fort,28.6562,77.241
2026-08-14 00:00:00,30.0,88,977.2,red_fort,28.6562,77.241
2026-08-14 01:00:00,29.6,89,976.9,red_fort,28.6562,77.241
2026-08-14 02:00:00,29.4,89,976.7,red_fort,28.6562,77.241
2026-08-14 03:00:00,29.2,89,976.5,red_fort,28.6562,77.241
2026-08-14 04:00:00,28.9,90,976.6,red_fort,28.6562,77.241
2026-08-14 05:00:00,27.5,96,976.7,red_fort,28.6562,77.241
2026-08-14 06:00:00,26.8,98,977.7,red_fort,28.6562,77.241
2026-08-14 07:00:00,27.2,96,978.1,red_fort,28.6562,77.241
2026-08-14 08:00:00,28.2,91,978.9,red_fort,28.6562,77.241
2026-08-14 09:00:00,28.8,85,978.9,red_fort,28.6562,77.241
2026-08-14 10:00:00,29.8,81,978.9,red_fort,28.6562,77.241
2026-08-14 11:00:00,30.4,79,979.5,red_fort,28.6562,77.241
2026-08-14 12:00:00,30.6,80,979.8,red_fort,28.6562,77.241
2026-08-14 13:00:00,31.2,78,979.1,red_fort,28.6562,77.241
2026-08-14 14:00:00,30.3,80,978.9,red_fort,28.6562,77.241
2026-08-14 15:00:00,29.1,85,978.3,red_fort,28.6562,77.241
2026-08-14 16:00:00,29.4,84,977.3,red_fort,28.6562,77.241
2026-08-14 17:00:00,29.9,80,977.1,red_fort,28.6562,77.241
2026-08-14 18:00:00,29.3,83,977.4,red_fort,28.6562,77.241
2026-08-14 19:00:00,28.7,87,978.0,red_fort,28.6562,77.241
2026-08-14 20:00:00,28.3,89,978.3,red_fort,28.6562,77.241
2026-08-14 21:00:00,28.2,89,979.0,red_fort,28.6562,77.241
2026-08-14 22:00:00,28.1,90,978.9,red_fort,28.6562,77.241
2026-08-14 23:00:00,28.3,88,978.5,red_fort,28.6562,77.241
2026-08-15 00:00:00,28.0,90,978.5,red_fort,28.6562,77.241
2026-08-15 01:00:00,27.7,92,978.3,red_fort,28.6562,77.241
2026-08-15 02:00:00,27.5,93,978.4,red_fort,28.6562,77.241
2026-08-15 03:00:00,27.3,93,978.0,red_fort,28.6562,77.241
2026-08-15 04:00:00,27.2,94,978.3,red_fort,28.6562,77.241
2026-08-15 05:00:00,26.7,95,978.8,red_fort,28.6562,77.241
2026-08-15 06:00:00,26.5,99,979.1,red_fort,28.6562,77.241
2026-08-15 07:00:00,26.5,98,979.3,red_fort,28.6562,77.241
2026-08-15 08:00:00,27.5,93,979.8,red_fort,28.6562,77.241
2026-08-15 09:00:00,28.0,89,979.9,red_fort,28.6562,77.241
2026-08-15 10:00:00,29.6,82,980.0,red_fort,28.6562,77.241
2026-08-15 11:00:00,32.3,71,979.7,red_fort,28.6562,77.241
2026-08-15 12:00:00,31.8,70,978.9,red_fort,28.6562,77.241
2026-08-15 13:00:00,30.6,80,978.6,red_fort,28.6562,77.241
2026-08-15 14:00:00,32.3,71,977.5,red_fort,28.6562,77.241
2026-08-15 15:00:00,32.7,64,976.6,red_fort,28.6562,77.241
2026-08-15 16:00:00,32.5,67,975.9,red_fort,28.6562,77.241
2026-08-15 17:00:00,31.9,73,975.7,red_fort,28.6562,77.241
2026-08-15 18:00:00,31.3,78,976.0,red_fort,28.6562,77.241
2026-08-15 19:00:00,30.7,82,976.5,red_fort,28.6562,77.241
2026-08-15 20:00:00,30.3,85,977.2,red_fort,28.6562,77.241
2026-08-15 21:00:00,30.0,87,977.7,red_fort,28.6562,77.241
2026-08-15 22:00:00,29.7,88,977.8,red_fort,28.6562,77.241
2026-08-15 23:00:00,29.6,83,977.4,red_fort,28.6562,77.241
2026-08-16 00:00:00,29.1,86,977.3,red_fort,28.6562,77.241
2026-08-16 01:00:00,28.8,88,976.8,red_fort,28.6562,77.241
2026-08-16 02:00:00,28.6,88,976.6,red_fort,28.6562,77.241
2026-08-16 03:00:00,26.1,93,976.1,red_fort,28.6562,77.241
2026-08-16 04:00:00,26.4,92,976.2,red_fort,28.6562,77.241
2026-08-16 05:00:00,28.0,86,975.7,red_fort,28.6562,77.241
2026-08-16 06:00:00,27.7,85,976.6,red_fort,28.6562,77.241
2026-08-16 07:00:00,28.7,80,977.0,red_fort,28.6562,77.241
2026-08-16 08:00:00,29.5,78,977.4,red_fort,28.6562,77.241
2026-08-16 09:00:00,30.2,76,977.6,red_fort,28.6562,77.241
2026-08-16 10:00:00,31.9,70,977.6,red_fort,28.6562,77.241
2026-08-16 11:00:00,32.6,67,977.4,red_fort,28.6562,77.241
2026-08-16 12:00:00,33.3,65,976.9,red_fort,28.6562,77.241
2026-08-16 13:00:00,33.5,65,976.8,red_fort,28.6562,77.241
2026-08-16 14:00:00,33.6,65,975.7,red_fort,28.6562,77.241
2026-08-16 15:00:00,33.5,64,975.0,red_fort,28.6562,77.241
2026-08-16 16:00:00,33.2,65,974.9,red_fort,28.6562,77.241
2026-08-16 17:00:00,31.6,74,975.6,red_fort,28.6562,77.241
2026-08-16 18:00:00,31.2,78,975.8,red_fort,28.6562,77.241
2026-08-16 19:00:00,30.6,81,976.3,red_fort,28.6562,77.241
2026-08-16 20:00:00,29.9,84,977.1,red_fort,28.6562,77.241
2026-08-16 21:00:00,29.5,87,977.6,red_fort,28.6562,77.241
2026-08-16 22:00:00,29.1,88,977.8,red_fort,28.6562,77.241
2026-08-16 23:00:00,29.5,84,977.1,red_fort,28.6562,77.241
2026-08-17 00:00:00,29.0,84,977.0,red_fort,28.6562,77.241
2026-08-17 01:00:00,28.5,87,977.0,red_fort,28.6562,77.241
2026-08-17 02:00:00,28.2,87,976.4,red_fort,28.6562,77.241
2026-08-17 03:00:00,28.2,85,976.4,red_fort,28.6562,77.241
2026-08-17 04:00:00,28.0,84,976.3,red_fort,28.6562,77.241
2026-08-17 05:00:00,28.4,82,976.8,red_fort,28.6562,77.241
2026-08-17 06:00:00,28.0,84,977.2,red_fort,28.6562,77.241
2026-08-17 07:00:00,28.8,79,977.9,red_fort,28.6562,77.241
2026-08-17 08:00:00,29.4,76,978.4,red_fort,28.6562,77.241
2026-08-17 09:00:00,30.3,74,978.6,red_fort,28.6562,77.241
2026-08-17 10:00:00,31.4,71,978.9,red_fort,28.6562,77.241
2026-08-17 11:00:00,32.7,65,978.8,red_fort,28.6562,77.241
2026-08-17 12:00:00,33.2,64,978.1,red_fort,28.6562,77.241
2026-08-17 13:00:00,32.0,67,977.5,red_fort,28.6562,77.241
2026-08-17 14:00:00,31.3,71,977.0,red_fort,28.6562,77.241
2026-08-17 15:00:00,31.9,70,976.6,red_fort,28.6562,77.241
2026-08-17 16:00:00,31.8,73,975.9,red_fort,28.6562,77.241
2026-08-17 17:00:00,29.7,78,976.9,red_fort,28.6562,77.241
2026-08-17 18:00:00,27.1,95,976.5,red_fort,28.6562,77.241
2026-08-17 19:00:00,27.5,95,977.2,red_fort,28.6562,77.241
2026-08-17 20:00:00,27.8,90,977.9,red_fort,28.6562,77.241
2026-08-17 21:00:00,28.1,89,978.4,red_fort,28.6562,77.241
2026-08-17 22:00:00,28.1,89,978.8,red_fort,28.6562,77.241
2026-08-17 23:00:00,28.7,87,978.6,red_fort,28.6562,77.241
2026-08-18 00:00:00,28.4,88,978.5,red_fort,28.6562,77.241
2026-08-18 01:00:00,28.1,90,978.2,red_fort,28.6562,77.241
2026-08-18 02:00:00,27.9,90,978.0,red_fort,28.6562,77.241
2026-08-18 03:00:00,27.6,92,977.9,red_fort,28.6562,77.241
2026-08-18 04:00:00,27.6,88,977.9,red_fort,28.6562,77.241
2026-08-18 05:00:00,27.7,86,977.8,red_fort,28.6562,77.241
2026-08-18 06:00:00,27.4,89,978.3,red_fort,28.6562,77.241
2026-08-18 07:00:00,28.3,84,979.0,red_fort,28.6562,77.241
2026-08-18 08:00:00,29.4,75,979.2,red_fort,28.6562,77.241
2026-08-18 09:00:00,30.6,71,979.8,red_fort,28.6562,77.241
2026-08-18 10:00:00,31.6,68,979.8,red_fort,28.6562,77.241
2026-08-18 11:00:00,32.5,63,980.1,red_fort,28.6562,77.241
2026-08-18 12:00:00,33.1,60,979.7,red_fort,28.6562,77.241
2026-08-18 13:00:00,33.5,59,979.1,red_fort,28.6562,77.241
2026-08-18 14:00:00,33.3,60,978.3,red_fort,28.6562,77.241
2026-08-18 15:00:00,33.1,62,977.5,red_fort,28.6562,77.241
2026-08-18 16:00:00,31.4,69,977.0,red_fort,28.6562,77.241
2026-08-18 17:00:00,33.0,60,977.2,red_fort,28.6562,77.241
2026-08-18 18:00:00,30.6,74,978.1,red_fort,28.6562,77.241
2026-08-18 19:00:00,29.2,84,978.8,red_fort,28.6562,77.241
2026-08-18 20:00:00,28.5,89,979.5,red_fort,28.6562,77.241
2026-08-18 21:00:00,26.7,88,980.1,red_fort,28.6562,77.241
2026-08-18 22:00:00,26.5,87,979.9,red_fort,28.6562,77.241
2026-08-18 23:00:00,27.6,87,979.6,red_fort,28.6562,77.241
2026-08-19 00:00:00,27.5,88,979.2,red_fort,28.6562,77.241
2026-08-19 01:00:00,27.4,89,978.7,red_fort,28.6562,77.241
2026-08-19 02:00:00,27.1,92,978.7,red_fort,28.6562,77.241
2026-08-19 03:00:00,27.0,93,978.4,red_fort,28.6562,77.241
2026-08-19 04:00:00,26.8,95,978.9,red_fort,28.6562,77.241
2026-08-19 05:00:00,28.2,93,978.2,red_fort,28.6562,77.241
2026-08-19 06:00:00,28.2,90,979.1,red_fort,28.6562,77.241
2026-08-19 07:00:00,28.7,87,979.8,red_fort,28.6562,77.241
2026-08-19 08:00:00,29.7,81,980.4,red_fort,28.6562,77.241
2026-08-19 09:00:00,30.7,74,980.7,red_fort,28.6562,77.241
2026-08-19 10:00:00,31.6,69,980.5,red_fort,28.6562,77.241
2026-08-19 11:00:00,31.7,64,980.7,red_fort,28.6562,77.241
2026-08-19 12:00:00,31.9,65,980.0,red_fort,28.6562,77.241
2026-08-19 13:00:00,32.6,63,979.5,red_fort,28.6562,77.241
2026-08-19 14:00:00,32.9,63,978.9,red_fort,28.6562,77.241
2026-08-19 15:00:00,33.0,61,978.1,red_fort,28.6562,77.241
2026-08-19 16:00:00,33.1,59,977.6,red_fort,28.6562,77.241
2026-08-19 17:00:00,28.4,87,979.1,red_fort,28.6562,77.241
2026-08-19 18:00:00,28.0,92,978.7,red_fort,28.6562,77.241
2026-08-19 19:00:00,28.4,91,979.1,red_fort,28.6562,77.241
2026-08-19 20:00:00,28.3,92,979.9,red_fort,28.6562,77.241
2026-08-19 21:00:00,28.0,93,980.4,red_fort,28.6562,77.241
2026-08-19 22:00:00,27.8,94,980.2,red_fort,28.6562,77.241
2026-08-19 23:00:00,29.2,92,980.0,red_fort,28.6562,77.241
2026-08-20 00:00:00,28.7,94,979.8,red_fort,28.6562,77.241
2026-08-20 01:00:00,28.2,92,980.0,red_fort,28.6562,77.241
2026-08-20 02:00:00,27.3,95,979.5,red_fort,28.6562,77.241
2026-08-20 03:00:00,27.1,96,979.5,red_fort,28.6562,77.241
2026-08-20 04:00:00,27.0,95,979.5,red_fort,28.6562,77.241
2026-08-20 05:00:00,27.0,96,979.5,red_fort,28.6562,77.241
2026-08-20 06:00:00,27.2,95,979.8,red_fort,28.6562,77.241
2026-08-20 07:00:00,27.7,95,980.6,red_fort,28.6562,77.241
2026-08-20 08:00:00,27.8,91,981.0,red_fort,28.6562,77.241
2026-08-20 09:00:00,28.9,81,981.6,red_fort,28.6562,77.241
2026-08-20 10:00:00,30.0,75,981.7,red_fort,28.6562,77.241
2026-08-20 11:00:00,30.8,69,981.1,red_fort,28.6562,77.241
2026-08-20 12:00:00,32.1,66,980.5,red_fort,28.6562,77.241
2026-08-20 13:00:00,32.9,62,979.7,red_fort,28.6562,77.241
2026-08-20 14:00:00,33.3,60,978.6,red_fort,28.6562,77.241
2026-08-20 15:00:00,33.5,60,978.0,red_fort,28.6562,77.241
2026-08-20 16:00:00,33.3,60,977.4,red_fort,28.6562,77.241
2026-08-20 17:00:00,29.2,91,978.0,red_fort,28.6562,77.241
2026-08-20 18:00:00,28.8,94,978.4,red_fort,28.6562,77.241
2026-08-20 19:00:00,28.3,95,978.6,red_fort,28.6562,77.241
2026-08-20 20:00:00,28.1,97,979.1,red_fort,28.6562,77.241
2026-08-20 21:00:00,28.1,97,979.5,red_fort,28.6562,77.241
2026-08-20 22:00:00,28.1,92,979.6,red_fort,28.6562,77.241
2026-08-20 23:00:00,29.8,91,979.0,red_fort,28.6562,77.241
2026-08-21 00:00:00,29.0,90,979.1,red_fort,28.6562,77.241
2026-08-21 01:00:00,28.7,88,978.6,red_fort,28.6562,77.241
2026-08-21 02:00:00,28.3,89,978.3,red_fort,28.6562,77.241
2026-08-21 03:00:00,28.2,91,978.2,red_fort,28.6562,77.241
2026-08-21 04:00:00,27.9,92,978.2,red_fort,28.6562,77.241
2026-08-21 05:00:00,27.2,95,978.4,red_fort,28.6562,77.241
2026-08-21 06:00:00,27.0,92,978.5,red_fort,28.6562,77.241
2026-08-21 07:00:00,27.7,87,979.3,red_fort,28.6562,77.241
2026-08-21 08:00:00,29.2,79,980.0,red_fort,28.6562,77.241
2026-08-21 09:00:00,30.7,71,979.9,red_fort,28.6562,77.241
2026-08-21 10:00:00,32.0,67,980.1,red_fort,28.6562,77.241
2026-08-21 11:00:00,33.2,62,979.9,red_fort,28.6562,77.241
2026-08-21 12:00:00,33.8,59,979.1,red_fort,28.6562,77.241
2026-08-21 13:00:00,33.8,58,978.4,red_fort,28.6562,77.241
2026-08-21 14:00:00,33.9,57,977.4,red_fort,28.6562,77.241
2026-08-21 15:00:00,34.0,54,976.8,red_fort,28.6562,77.241
2026-08-21 16:00:00,32.8,60,976.2,red_fort,28.6562,77.241
2026-08-21 17:00:00,32.2,67,976.3,red_fort,28.6562,77.241
2026-08-21 18:00:00,32.0,72,976.5,red_fort,28.6562,77.241
2026-08-21 19:00:00,31.3,77,977.1,red_fort,28.6562,77.241
2026-08-21 20:00:00,30.6,80,977.5,red_fort,28.6562,77.241
2026-08-21 21:00:00,30.2,83,978.1,red_fort,28.6562,77.241
2026-08-21 22:00:00,29.8,85,978.1,red_fort,28.6562,77.241
2026-08-21 23:00:00,29.0,82,978.1,red_fort,28.6562,77.241
2026-08-22 00:00:00,28.4,85,977.6,red_fort,28.6562,77.241
2026-08-22 01:00:00,27.9,87,977.6,red_fort,28.6562,77.241
2026-08-22 02:00:00,26.0,97,978.4,red_fort,28.6562,77.241
2026-08-22 03:00:00,25.3,99,977.3,red_fort,28.6562,77.241
2026-08-22 04:00:00,25.6,99,977.5,red_fort,28.6562,77.241
2026-08-22 05:00:00,26.9,93,978.2,red_fort,28.6562,77.241
2026-08-22 06:00:00,27.0,93,978.6,red_fort,28.6562,77.241
2026-08-22 07:00:00,27.9,90,979.3,red_fort,28.6562,77.241
2026-08-22 08:00:00,29.3,82,979.5,red_fort,28.6562,77.241
2026-08-22 09:00:00,30.8,71,979.6,red_fort,28.6562,77.241
2026-08-22 10:00:00,32.1,65,979.8,red_fort,28.6562,77.241
2026-08-22 11:00:00,31.8,65,980.0,red_fort,28.6562,77.241
2026-08-22 12:00:00,32.4,62,979.0,red_fort,28.6562,77.241
2026-08-22 13:00:00,33.0,60,978.2,red_fort,28.6562,77.241
2026-08-22 14:00:00,33.4,60,977.3,red_fort,28.6562,77.241
2026-08-22 15:00:00,33.2,61,976.6,red_fort,28.6562,77.241
2026-08-22 16:00:00,29.5,76,976.6,red_fort,28.6562,77.241
2026-08-22 17:00:00,31.7,68,976.8,red_fort,28.6562,77.241
2026-08-22 18:00:00,30.9,73,977.2,red_fort,28.6562,77.241
2026-08-22 19:00:00,29.4,83,977.5,red_fort,28.6562,77.241
2026-08-22 20:00:00,28.5,85,978.1,red_fort,28.6562,77.241
2026-08-22 21:00:00,28.2,85,978.6,red_fort,28.6562,77.241
2026-08-22 22:00:00,27.9,87,978.9,red_fort,28.6562,77.241
2026-08-22 23:00:00,29.1,86,979.0,red_fort,28.6562,77.241
2026-08-23 00:00:00,28.3,86,978.7,red_fort,28.6562,77.241
2026-08-23 01:00:00,28.1,86,978.6,red_fort,28.6562,77.241
2026-08-23 02:00:00,27.7,89,978.1,red_fort,28.6562,77.241
2026-08-23 03:00:00,27.4,90,978.0,red_fort,28.6562,77.241
2026-08-23 04:00:00,26.8,91,978.5,red_fort,28.6562,77.241
2026-08-23 05:00:00,26.5,93,978.9,red_fort,28.6562,77.241
2026-08-23 06:00:00,25.4,98,979.5,red_fort,28.6562,77.241
2026-08-23 07:00:00,26.4,95,979.6,red_fort,28.6562,77.241
2026-08-23 08:00:00,28.4,84,980.2,red_fort,28.6562,77.241
2026-08-23 09:00:00,29.8,73,980.9,red_fort,28.6562,77.241
2026-08-23 10:00:00,30.2,74,981.2,red_fort,28.6562,77.241
2026-08-23 11:00:00,30.8,71,981.3,red_fort,28.6562,77.241
2026-08-23 12:00:00,31.0,71,980.6,red_fort,28.6562,77.241
2026-08-23 13:00:00,32.4,65,979.6,red_fort,28.6562,77.241
2026-08-23 14:00:00,33.0,63,978.6,red_fort,28.6562,77.241
2026-08-23 15:00:00,33.1,62,977.9,red_fort,28.6562,77.241
2026-08-23 16:00:00,32.8,63,977.2,red_fort,28.6562,77.241
2026-08-23 17:00:00,32.9,64,976.9,red_fort,28.6562,77.241
2026-08-23 18:00:00,31.9,71,977.7,red_fort,28.6562,77.241
2026-08-23 19:00:00,31.2,77,978.3,red_fort,28.6562,77.241
2026-08-23 20:00:00,30.9,80,979.4,red_fort,28.6562,77.241
2026-08-23 21:00:00,30.2,83,980.1,red_fort,28.6562,77.241
2026-08-23 22:00:00,29.4,86,979.7,red_fort,28.6562,77.241
2026-08-23 23:00:00,28.7,88,980.0,red_fort,28.6562,77.241
2026-08-24 00:00:00,27.9,93,979.5,red_fort,28.6562,77.241
2026-08-24 01:00:00,27.9,93,978.9,red_fort,28.6562,77.241
2026-08-24 02:00:00,27.8,92,978.8,red_fort,28.6562,77.241
2026-08-24 03:00:00,27.5,90,978.7,red_fort,28.6562,77.241
2026-08-24 04:00:00,25.7,95,979.7,red_fort,28.6562,77.241
2026-08-24 05:00:00,26.7,90,979.4,red_fort,28.6562,77.241
2026-08-24 06:00:00,25.8,96,979.9,red_fort,28.6562,77.241
2026-08-24 07:00:00,26.2,95,980.2,red_fort,28.6562,77.241
2026-08-24 08:00:00,27.2,91,980.2,red_fort,28.6562,77.241
2026-08-24 09:00:00,28.6,85,980.4,red_fort,28.6562,77.241
2026-08-24 10:00:00,30.7,75,980.5,red_fort,28.6562,77.241
2026-08-24 11:00:00,29.9,74,980.8,red_fort,28.6562,77.241
2026-08-24 12:00:00,30.2,71,980.4,red_fort,28.6562,77.241
2026-08-24 13:00:00,30.8,69,979.6,red_fort,28.6562,77.241
2026-08-24 14:00:00,31.7,65,978.6,red_fort,28.6562,77.241
2026-08-24 15:00:00,32.1,63,977.8,red_fort,28.6562,77.241
2026-08-24 16:00:00,32.0,64,977.6,red_fort,28.6562,77.241
2026-08-24 17:00:00,31.5,70,977.4,red_fort,28.6562,77.241
2026-08-24 18:00:00,31.1,76,977.8,red_fort,28.6562,77.241
2026-08-24 19:00:00,30.7,78,978.5,red_fort,28.6562,77.241
2026-08-24 20:00:00,30.2,82,979.3,red_fort,28.6562,77.241
2026-08-24 21:00:00,29.4,85,980.1,red_fort,28.6562,77.241
2026-08-24 22:00:00,28.8,88,979.9,red_fort,28.6562,77.241
2026-08-24 23:00:00,28.8,88,979.4,red_fort,28.6562,77.241
2026-08-25 00:00:00,28.4,91,979.4,red_fort,28.6562,77.241
2026-08-25 01:00:00,28.1,92,979.1,red_fort,28.6562,77.241
2026-08-25 02:00:00,28.1,93,978.9,red_fort,28.6562,77.241
2026-08-25 03:00:00,28.0,93,979.0,red_fort,28.6562,77.241
2026-08-25 04:00:00,27.9,94,979.1,red_fort,28.6562,77.241
2026-08-25 05:00:00,26.1,97,979.5,red_fort,28.6562,77.241
2026-08-25 06:00:00,26.4,97,980.2,red_fort,28.6562,77.241
2026-08-25 07:00:00,26.8,97,980.1,red_fort,28.6562,77.241
2026-08-25 08:00:00,27.4,93,980.6,red_fort,28.6562,77.241
2026-08-25 09:00:00,28.9,86,980.9,red_fort,28.6562,77.241
2026-08-25 10:00:00,30.2,79,981.2,red_fort,28.6562,77.241
2026-08-25 11:00:00,31.5,66,981.0,red_fort,28.6562,77.241
2026-08-25 12:00:00,31.8,64,980.6,red_fort,28.6562,77.241
2026-08-25 13:00:00,32.4,63,979.9,red_fort,28.6562,77.241
2026-08-25 14:00:00,32.6,62,979.0,red_fort,28.6562,77.241
2026-08-25 15:00:00,32.7,62,978.5,red_fort,28.6562,77.241
2026-08-25 16:00:00,32.6,63,978.1,red_fort,28.6562,77.241
2026-08-25 17:00:00,28.4,92,978.6,red_fort,28.6562,77.241
2026-08-25 18:00:00,28.8,90,978.9,red_fort,28.6562,77.241
2026-08-25 19:00:00,28.7,91,979.0,red_fort,28.6562,77.241
2026-08-25 20:00:00,28.8,91,979.8,red_fort,28.6562,77.241
2026-08-25 21:00:00,28.5,93,980.1,red_fort,28.6562,77.241
2026-08-25 22:00:00,28.1,93,980.0,red_fort,28.6562,77.241
2026-08-25 23:00:00,28.3,91,980.0,red_fort,28.6562,77.241
2026-07-20 00:00:00,30.1,85,973.9,qutab_minar,28.5245,77.1855
2026-07-20 01:00:00,28.3,91,973.3,qutab_minar,28.5245,77.1855
2026-07-20 02:00:00,27.8,93,973.0,qutab_minar,28.5245,77.1855
2026-07-20 03:00:00,28.2,94,973.1,qutab_minar,28.5245,77.1855
2026-07-20 04:00:00,26.7,96,973.3,qutab_minar,28.5245,77.1855
2026-07-20 05:00:00,28.1,86,972.9,qutab_minar,28.5245,77.1855
2026-07-20 06:00:00,28.3,87,972.9,qutab_minar,28.5245,77.1855
2026-07-20 07:00:00,28.3,88,973.3,qutab_minar,28.5245,77.1855
2026-07-20 08:00:00,28.1,91,974.3,qutab_minar,28.5245,77.1855
2026-07-20 09:00:00,28.4,91,974.6,qutab_minar,28.5245,77.1855
2026-07-20 10:00:00,29.2,86,975.0,qutab_minar,28.5245,77.1855
2026-07-20 11:00:00,31.6,71,974.9,qutab_minar,28.5245,77.1855
2026-07-20 12:00:00,31.9,72,974.8,qutab_minar,28.5245,77.1855
2026-07-20 13:00:00,28.1,89,974.5,qutab_minar,28.5245,77.1855
2026-07-20 14:00:00,28.4,89,973.4,qutab_minar,28.5245,77.1855
2026-07-20 15:00:00,29.8,83,972.9,qutab_minar,28.5245,77.1855
2026-07-20 16:00:00,30.3,79,972.7,qutab_minar,28.5245,77.1855
2026-07-20 17:00:00,29.8,76,973.7,qutab_minar,28.5245,77.1855
2026-07-20 18:00:00,27.7,93,974.0,qutab_minar,28.5245,77.1855
2026-07-20 19:00:00,27.3,95,973.7,qutab_minar,28.5245,77.1855
2026-07-20 20:00:00,27.2,95,974.4,qutab_minar,28.5245,77.1855
2026-07-20 21:00:00,26.9,95,975.0,qutab_minar,28.5245,77.1855
2026-07-20 22:00:00,26.9,95,975.5,qutab_minar,28.5245,77.1855
2026-07-20 23:00:00,26.2,98,975.3,qutab_minar,28.5245,77.1855
2026-07-21 00:00:00,26.4,98,974.7,qutab_minar,28.5245,77.1855
2026-07-21 01:00:00,26.3,97,974.3,qutab_minar,28.5245,77.1855
2026-07-21 02:00:00,26.2,96,974.2,qutab_minar,28.5245,77.1855
2026-07-21 03:00:00,26.0,95,973.9,qutab_minar,28.5245,77.1855
2026-07-21 04:00:00,25.9,95,973.9,qutab_minar,28.5245,77.1855
2026-07-21 05:00:00,26.1,93,973.7,qutab_minar,28.5245,77.1855
2026-07-21 06:00:00,25.4,97,974.4,qutab_minar,28.5245,77.1855
2026-07-21 07:00:00,25.6,97,974.4,qutab_minar,28.5245,77.1855
2026-07-21 08:00:00,26.1,94,974.8,qutab_minar,28.5245,77.1855
2026-07-21 09:00:00,26.6,91,974.7,qutab_minar,28.5245,77.1855
2026-07-21 10:00:00,27.5,87,974.9,qutab_minar,28.5245,77.1855
2026-07-21 11:00:00,26.7,95,974.4,qutab_minar,28.5245,77.1855
2026-07-21 12:00:00,27.5,95,974.0,qutab_minar,28.5245,77.1855
2026-07-21 13:00:00,28.8,91,973.4,qutab_minar,28.5245,77.1855
2026-07-21 14:00:00,28.7,86,972.9,qutab_minar,28.5245,77.1855
2026-07-21 15:00:00,27.0,96,972.4,qutab_minar,28.5245,77.1855
2026-07-21 16:00:00,28.0,90,971.9,qutab_minar,28.5245,77.1855
2026-07-21 17:00:00,29.0,78,971.6,qutab_minar,28.5245,77.1855
2026-07-21 18:00:00,28.3,87,972.2,qutab_minar,28.5245,77.1855
2026-07-21 19:00:00,28.1,90,972.8,qutab_minar,28.5245,77.1855
2026-07-21 20:00:00,27.9,90,973.5,qutab_minar,28.5245,77.1855
2026-07-21 21:00:00,27.7,90,974.1,qutab_minar,28.5245,77.1855
2026-07-21 22:00:00,27.4,90,974.7,qutab_minar,28.5245,77.1855
2026-07-21 23:00:00,26.3,97,974.4,qutab_minar,28.5245,77.1855
2026-07-22 00:00:00,26.2,96,973.9,qutab_minar,28.5245,77.1855
2026-07-22 01:00:00,26.1,96,973.4,qutab_minar,28.5245,77.1855
2026-07-22 02:00:00,26.1,96,972.9,qutab_minar,28.5245,77.1855
2026-07-22 03:00:00,25.8,96,973.1,qutab_minar,28.5245,77.1855
2026-07-22 04:00:00,25.8,95,973.7,qutab_minar,28.5245,77.1855
2026-07-22 05:00:00,25.5,98,973.1,qutab_minar,28.5245,77.1855
2026-07-22 06:00:00,25.7,96,973.5,qutab_minar,28.5245,77.1855
2026-07-22 07:00:00,26.5,90,973.9,qutab_minar,28.5245,77.1855
2026-07-22 08:00:00,26.7,88,974.3,qutab_minar,28.5245,77.1855
2026-07-22 09:00:00,28.5,82,974.4,qutab_minar,28.5245,77.1855
2026-07-22 10:00:00,29.7,77,974.4,qutab_minar,28.5245,77.1855
2026-07-22 11:00:00,30.6,67,974.2,qutab_minar,28.5245,77.1855
2026-07-22 12:00:00,31.2,67,974.0,qutab_minar,28.5245,77.1855
2026-07-22 13:00:00,31.8,67,973.0,qutab_minar,28.5245,77.1855
2026-07-22 14:00:00,31.6,67,971.9,qutab_minar,28.5245,77.1855
2026-07-22 15:00:00,31.3,70,971.5,qutab_minar,28.5245,77.1855
2026-07-22 16:00:00,31.4,69,970.7,qutab_minar,28.5245,77.1855
2026-07-22 17:00:00,28.2,89,971.3,qutab_minar,28.5245,77.1855
2026-07-22 18:00:00,28.9,86,971.7,qutab_minar,28.5245,77.1855
2026-07-22 19:00:00,28.5,90,972.2,qutab_minar,28.5245,77.1855
2026-07-22 20:00:00,28.5,91,972.8,qutab_minar,28.5245,77.1855
2026-07-22 21:00:00,28.7,87,973.1,qutab_minar,28.5245,77.1855
2026-07-22 22:00:00,28.3,85,973.4,qutab_minar,28.5245,77.1855
2026-07-22 23:00:00,28.0,86,973.1,qutab_minar,28.5245,77.1855
2026-07-23 00:00:00,28.0,85,972.8,qutab_minar,28.5245,77.1855
2026-07-23 01:00:00,27.8,85,972.3,qutab_minar,28.5245,77.1855
2026-07-23 02:00:00,27.6,85,971.9,qutab_minar,28.5245,77.1855
2026-07-23 03:00:00,27.3,85,971.7,qutab_minar,28.5245,77.1855
2026-07-23 04:00:00,27.0,85,971.9,qutab_minar,28.5245,77.1855
2026-07-23 05:00:00,26.3,94,972.0,qutab_minar,28.5245,77.1855
2026-07-23 06:00:00,26.2,95,972.2,qutab_minar,28.5245,77.1855
2026-07-23 07:00:00,26.3,91,972.4,qutab_minar,28.5245,77.1855
2026-07-23 08:00:00,27.1,89,972.8,qutab_minar,28.5245,77.1855
2026-07-23 09:00:00,28.3,83,972.5,qutab_minar,28.5245,77.1855
2026-07-23 10:00:00,30.3,75,972.5,qutab_minar,28.5245,77.1855
2026-07-23 11:00:00,30.8,68,972.5,qutab_minar,28.5245,77.1855
2026-07-23 12:00:00,31.3,65,971.9,qutab_minar,28.5245,77.1855
2026-07-23 13:00:00,31.8,65,971.1,qutab_minar,28.5245,77.1855
2026-07-23 14:00:00,32.0,65,970.3,qutab_minar,28.5245,77.1855
2026-07-23 15:00:00,29.6,75,970.2,qutab_minar,28.5245,77.1855
2026-07-23 16:00:00,30.1,77,969.6,qutab_minar,28.5245,77.1855
2026-07-23 17:00:00,30.9,76,969.8,qutab_minar,28.5245,77.1855
2026-07-23 18:00:00,29.9,78,970.3,qutab_minar,28.5245,77.1855
2026-07-23 19:00:00,29.4,79,970.7,qutab_minar,28.5245,77.1855
2026-07-23 20:00:00,27.6,88,971.6,qutab_minar,28.5245,77.1855
2026-07-23 21:00:00,26.4,95,972.5,qutab_minar,28.5245,77.1855
2026-07-23 22:00:00,26.5,95,972.4,qutab_minar,28.5245,77.1855
2026-07-23 23:00:00,27.2,90,972.4,qutab_minar,28.5245,77.1855
2026-07-24 00:00:00,26.9,90,972.0,qutab_minar,28.5245,77.1855
2026-07-24 01:00:00,26.7,91,971.9,qutab_minar,28.5245,77.1855
2026-07-24 02:00:00,26.6,91,971.2,qutab_minar,28.5245,77.1855
2026-07-24 03:00:00,26.5,90,971.3,qutab_minar,28.5245,77.1855
2026-07-24 04:00:00,26.3,91,971.5,qutab_minar,28.5245,77.1855
2026-07-24 05:00:00,25.7,96,971.5,qutab_minar,28.5245,77.1855
2026-07-24 06:00:00,25.9,95,971.1,qutab_minar,28.5245,77.1855
2026-07-24 07:00:00,26.8,90,971.7,qutab_minar,28.5245,77.1855
2026-07-24 08:00:00,28.1,82,971.7,qutab_minar,28.5245,77.1855
2026-07-24 09:00:00,28.9,78,972.1,qutab_minar,28.5245,77.1855
2026-07-24 10:00:00,30.1,74,972.2,qutab_minar,28.5245,77.1855
2026-07-24 11:00:00,30.5,74,972.5,qutab_minar,28.5245,77.1855
2026-07-24 12:00:00,30.9,74,972.3,qutab_minar,28.5245,77.1855
2026-07-24 13:00:00,29.1,84,971.2,qutab_minar,28.5245,77.1855
2026-07-24 14:00:00,29.2,83,971.0,qutab_minar,28.5245,77.1855
2026-07-24 15:00:00,30.2,78,970.0,qutab_minar,28.5245,77.1855
2026-07-24 16:00:00,30.6,75,969.3,qutab_minar,28.5245,77.1855
2026-07-24 17:00:00,29.9,83,969.0,qutab_minar,28.5245,77.1855
2026-07-24 18:00:00,29.7,84,969.5,qutab_minar,28.5245,77.1855
2026-07-24 19:00:00,29.1,88,970.6,qutab_minar,28.5245,77.1855
2026-07-24 20:00:00,29.0,87,971.5,qutab_minar,28.5245,77.1855
2026-07-24 21:00:00,28.7,87,972.4,qutab_minar,28.5245,77.1855
2026-07-24 22:00:00,28.3,87,972.8,qutab_minar,28.5245,77.1855
2026-07-24 23:00:00,28.0,87,972.6,qutab_minar,28.5245,77.1855
2026-07-25 00:00:00,28.0,85,972.5,qutab_minar,28.5245,77.1855
2026-07-25 01:00:00,27.9,83,972.7,qutab_minar,28.5245,77.1855
2026-07-25 02:00:00,27.5,84,972.7,qutab_minar,28.5245,77.1855
2026-07-25 03:00:00,27.3,86,972.5,qutab_minar,28.5245,77.1855
2026-07-25 04:00:00,27.1,86,972.5,qutab_minar,28.5245,77.1855
2026-07-25 05:00:00,27.2,88,972.4,qutab_minar,28.5245,77.1855
2026-07-25 06:00:00,27.3,89,973.6,qutab_minar,28.5245,77.1855
2026-07-25 07:00:00,28.0,87,974.1,qutab_minar,28.5245,77.1855
2026-07-25 08:00:00,29.0,80,974.1,qutab_minar,28.5245,77.1855
2026-07-25 09:00:00,29.9,72,974.6,qutab_minar,28.5245,77.1855
2026-07-25 10:00:00,30.5,69,974.9,qutab_minar,28.5245,77.1855
2026-07-25 11:00:00,31.4,65,974.6,qutab_minar,28.5245,77.1855
2026-07-25 12:00:00,31.1,67,973.9,qutab_minar,28.5245,77.1855
2026-07-25 13:00:00,31.9,66,973.3,qutab_minar,28.5245,77.1855
2026-07-25 14:00:00,31.7,69,972.5,qutab_minar,28.5245,77.1855
2026-07-25 15:00:00,32.2,66,972.4,qutab_minar,28.5245,77.1855
2026-07-25 16:00:00,31.2,68,971.7,qutab_minar,28.5245,77.1855
2026-07-25 17:00:00,30.1,82,972.1,qutab_minar,28.5245,77.1855
2026-07-25 18:00:00,29.6,82,972.5,qutab_minar,28.5245,77.1855
2026-07-25 19:00:00,28.9,83,973.3,qutab_minar,28.5245,77.1855
2026-07-25 20:00:00,28.4,87,974.2,qutab_minar,28.5245,77.1855
2026-07-25 21:00:00,27.9,89,974.7,qutab_minar,28.5245,77.1855
2026-07-25 22:00:00,27.6,89,975.0,qutab_minar,28.5245,77.1855
2026-07-25 23:00:00,27.4,94,974.5,qutab_minar,28.5245,77.1855
2026-07-26 00:00:00,27.5,93,974.3,qutab_minar,28.5245,77.1855
2026-07-26 01:00:00,27.5,94,974.0,qutab_minar,28.5245,77.1855
2026-07-26 02:00:00,27.3,95,973.6,qutab_minar,28.5245,77.1855
2026-07-26 03:00:00,27.1,95,973.6,qutab_minar,28.5245,77.1855
2026-07-26 04:00:00,27.1,95,973.9,qutab_minar,28.5245,77.1855
2026-07-26 05:00:00,27.8,92,973.6,qutab_minar,28.5245,77.1855
2026-07-26 06:00:00,27.3,96,973.8,qutab_minar,28.5245,77.1855
2026-07-26 07:00:00,28.1,92,974.1,qutab_minar,28.5245,77.1855
2026-07-26 08:00:00,29.3,86,974.3,qutab_minar,28.5245,77.1855
2026-07-26 09:00:00,30.6,77,974.2,qutab_minar,28.5245,77.1855
2026-07-26 10:00:00,31.4,71,974.6,qutab_minar,28.5245,77.1855
2026-07-26 11:00:00,32.4,67,974.6,qutab_minar,28.5245,77.1855
2026-07-26 12:00:00,32.6,67,974.6,qutab_minar,28.5245,77.1855
2026-07-26 13:00:00,33.3,62,974.0,qutab_minar,28.5245,77.1855
2026-07-26 14:00:00,33.4,61,973.1,qutab_minar,28.5245,77.1855
2026-07-26 15:00:00,33.5,61,972.3,qutab_minar,28.5245,77.1855
2026-07-26 16:00:00,33.3,61,971.5,qutab_minar,28.5245,77.1855
2026-07-26 17:00:00,33.7,61,971.3,qutab_minar,28.5245,77.1855
2026-07-26 18:00:00,32.6,72,971.3,qutab_minar,28.5245,77.1855
2026-07-26 19:00:00,31.5,78,971.6,qutab_minar,28.5245,77.1855
2026-07-26 20:00:00,31.1,81,972.1,qutab_minar,28.5245,77.1855
2026-07-26 21:00:00,30.7,84,972.6,qutab_minar,28.5245,77.1855
2026-07-26 22:00:00,30.3,84,973.0,qutab_minar,28.5245,77.1855
2026-07-26 23:00:00,30.4,81,972.4,qutab_minar,28.5245,77.1855
2026-07-27 00:00:00,30.2,79,972.3,qutab_minar,28.5245,77.1855
2026-07-27 01:00:00,29.8,80,971.6,qutab_minar,28.5245,77.1855
2026-07-27 02:00:00,29.3,80,971.3,qutab_minar,28.5245,77.1855
2026-07-27 03:00:00,29.0,81,971.1,qutab_minar,28.5245,77.1855
2026-07-27 04:00:00,28.8,82,971.2,qutab_minar,28.5245,77.1855
2026-07-27 05:00:00,29.4,83,971.3,qutab_minar,28.5245,77.1855
2026-07-27 06:00:00,29.5,82,971.4,qutab_minar,28.5245,77.1855
2026-07-27 07:00:00,30.3,79,971.7,qutab_minar,28.5245,77.1855
2026-07-27 08:00:00,31.3,75,971.9,qutab_minar,28.5245,77.1855
2026-07-27 09:00:00,32.3,68,971.8,qutab_minar,28.5245,77.1855
2026-07-27 10:00:00,33.2,62,972.1,qutab_minar,28.5245,77.1855
2026-07-27 11:00:00,34.3,55,971.6,qutab_minar,28.5245,77.1855
2026-07-27 12:00:00,34.9,54,971.7,qutab_minar,28.5245,77.1855
2026-07-27 13:00:00,35.0,53,971.0,qutab_minar,28.5245,77.1855
2026-07-27 14:00:00,35.3,51,969.9,qutab_minar,28.5245,77.1855
2026-07-27 15:00:00,34.3,54,969.4,qutab_minar,28.5245,77.1855
2026-07-27 16:00:00,33.6,56,969.3,qutab_minar,28.5245,77.1855
2026-07-27 17:00:00,33.0,63,969.2,qutab_minar,28.5245,77.1855
2026-07-27 18:00:00,32.0,75,969.1,qutab_minar,28.5245,77.1855
2026-07-27 19:00:00,31.4,78,969.4,qutab_minar,28.5245,77.1855
2026-07-27 20:00:00,30.7,78,970.2,qutab_minar,28.5245,77.1855
2026-07-27 21:00:00,29.7,83,970.8,qutab_minar,28.5245,77.1855
2026-07-27 22:00:00,28.6,88,971.4,qutab_minar,28.5245,77.1855
2026-07-27 23:00:00,29.4,86,970.9,qutab_minar,28.5245,77.1855
2026-07-28 00:00:00,27.1,92,971.4,qutab_minar,28.5245,77.1855
2026-07-28 01:00:00,26.8,96,971.0,qutab_minar,28.5245,77.1855
2026-07-28 02:00:00,26.5,98,970.9,qutab_minar,28.5245,77.1855
2026-07-28 03:00:00,25.9,98,970.5,qutab_minar,28.5245,77.1855
2026-07-28 04:00:00,26.0,99,970.3,qutab_minar,28.5245,77.1855
2026-07-28 05:00:00,28.3,93,969.8,qutab_minar,28.5245,77.1855
2026-07-28 06:00:00,28.4,94,970.5,qutab_minar,28.5245,77.1855
2026-07-28 07:00:00,28.7,93,970.8,qutab_minar,28.5245,77.1855
2026-07-28 08:00:00,27.9,91,971.2,qutab_minar,28.5245,77.1855
2026-07-28 09:00:00,27.5,92,972.2,qutab_minar,28.5245,77.1855
2026-07-28 10:00:00,27.4,95,973.1,qutab_minar,28.5245,77.1855
2026-07-28 11:00:00,27.4,93,972.8,qutab_minar,28.5245,77.1855
2026-07-28 12:00:00,26.3,97,972.0,qutab_minar,28.5245,77.1855
2026-07-28 13:00:00,26.6,94,971.9,qutab_minar,28.5245,77.1855
2026-07-28 14:00:00,26.7,95,970.8,qutab_minar,28.5245,77.1855
2026-07-28 15:00:00,26.9,95,970.3,qutab_minar,28.5245,77.1855
2026-07-28 16:00:00,26.8,96,969.7,qutab_minar,28.5245,77.1855
2026-07-28 17:00:00,31.0,71,969.9,qutab_minar,28.5245,77.1855
2026-07-28 18:00:00,30.2,78,969.9,qutab_minar,28.5245,77.1855
2026-07-28 19:00:00,29.3,86,970.5,qutab_minar,28.5245,77.1855
2026-07-28 20:00:00,28.8,87,971.2,qutab_minar,28.5245,77.1855
2026-07-28 21:00:00,28.5,89,972.2,qutab_minar,28.5245,77.1855
2026-07-28 22:00:00,28.3,88,972.6,qutab_minar,28.5245,77.1855
2026-07-28 23:00:00,27.8,90,972.5,qutab_minar,28.5245,77.1855
2026-07-29 00:00:00,27.6,91,972.3,qutab_minar,28.5245,77.1855
2026-07-29 01:00:00,27.6,91,972.3,qutab_minar,28.5245,77.1855
2026-07-29 02:00:00,27.3,90,971.9,qutab_minar,28.5245,77.1855
2026-07-29 03:00:00,26.7,93,971.9,qutab_minar,28.5245,77.1855
2026-07-29 04:00:00,26.6,93,972.1,qutab_minar,28.5245,77.1855
2026-07-29 05:00:00,26.3,97,971.7,qutab_minar,28.5245,77.1855
2026-07-29 06:00:00,26.1,96,972.2,qutab_minar,28.5245,77.1855
2026-07-29 07:00:00,26.0,97,972.8,qutab_minar,28.5245,77.1855
2026-07-29 08:00:00,26.6,93,973.0,qutab_minar,28.5245,77.1855
2026-07-29 09:00:00,27.8,86,973.4,qutab_minar,28.5245,77.1855
2026-07-29 10:00:00,28.4,86,973.4,qutab_minar,28.5245,77.1855
2026-07-29 11:00:00,31.1,73,973.1,qutab_minar,28.5245,77.1855
2026-07-29 12:00:00,31.7,72,972.8,qutab_minar,28.5245,77.1855
2026-07-29 13:00:00,32.1,72,972.2,qutab_minar,28.5245,77.1855
2026-07-29 14:00:00,31.8,73,971.4,qutab_minar,28.5245,77.1855
2026-07-29 15:00:00,32.3,71,970.7,qutab_minar,28.5245,77.1855
2026-07-29 16:00:00,31.7,74,969.8,qutab_minar,28.5245,77.1855
2026-07-29 17:00:00,31.8,76,969.7,qutab_minar,28.5245,77.1855
2026-07-29 18:00:00,31.2,79,969.7,qutab_minar,28.5245,77.1855
2026-07-29 19:00:00,30.4,83,970.4,qutab_minar,28.5245,77.1855
2026-07-29 20:00:00,29.9,84,971.3,qutab_minar,28.5245,77.1855
2026-07-29 21:00:00,29.4,86,972.1,qutab_minar,28.5245,77.1855
2026-07-29 22:00:00,29.0,90,972.2,qutab_minar,28.5245,77.1855
2026-07-29 23:00:00,29.5,90,971.9,qutab_minar,28.5245,77.1855
2026-07-30 00:00:00,29.2,92,971.5,qutab_minar,28.5245,77.1855
2026-07-30 01:00:00,28.9,93,971.4,qutab_minar,28.5245,77.1855
2026-07-30 02:00:00,26.0,97,971.5,qutab_minar,28.5245,77.1855
2026-07-30 03:00:00,26.3,99,970.9,qutab_minar,28.5245,77.1855
2026-07-30 04:00:00,26.5,99,970.9,qutab_minar,28.5245,77.1855
2026-07-30 05:00:00,28.3,95,970.3,qutab_minar,28.5245,77.1855
2026-07-30 06:00:00,28.4,95,970.8,qutab_minar,28.5245,77.1855
2026-07-30 07:00:00,27.9,93,971.6,qutab_minar,28.5245,77.1855
2026-07-30 08:00:00,29.0,85,972.1,qutab_minar,28.5245,77.1855
2026-07-30 09:00:00,30.3,78,972.3,qutab_minar,28.5245,77.1855
2026-07-30 10:00:00,31.5,72,972.6,qutab_minar,28.5245,77.1855
2026-07-30 11:00:00,32.7,63,972.5,qutab_minar,28.5245,77.1855
2026-07-30 12:00:00,32.8,60,972.2,qutab_minar,28.5245,77.1855
2026-07-30 13:00:00,31.9,67,971.9,qutab_minar,28.5245,77.1855
2026-07-30 14:00:00,32.8,63,971.0,qutab_minar,28.5245,77.1855
2026-07-30 15:00:00,33.1,61,970.1,qutab_minar,28.5245,77.1855
2026-07-30 16:00:00,33.0,60,969.4,qutab_minar,28.5245,77.1855
2026-07-30 17:00:00,30.2,79,969.2,qutab_minar,28.5245,77.1855
2026-07-30 18:00:00,28.9,85,969.8,qutab_minar,28.5245,77.1855
2026-07-30 19:00:00,28.5,86,970.6,qutab_minar,28.5245,77.1855
2026-07-30 20:00:00,28.4,88,971.3,qutab_minar,28.5245,77.1855
2026-07-30 21:00:00,28.4,89,972.0,qutab_minar,28.5245,77.1855
2026-07-30 22:00:00,28.2,91,972.4,qutab_minar,28.5245,77.1855
2026-07-30 23:00:00,28.5,91,972.1,qutab_minar,28.5245,77.1855
2026-07-31 00:00:00,28.3,90,971.7,qutab_minar,28.5245,77.1855
2026-07-31 01:00:00,28.2,89,971.6,qutab_minar,28.5245,77.1855
2026-07-31 02:00:00,28.1,88,971.5,qutab_minar,28.5245,77.1855
2026-07-31 03:00:00,28.0,87,971.3,qutab_minar,28.5245,77.1855
2026-07-31 04:00:00,27.8,86,971.6,qutab_minar,28.5245,77.1855
2026-07-31 05:00:00,28.0,84,971.3,qutab_minar,28.5245,77.1855
2026-07-31 06:00:00,27.9,84,971.8,qutab_minar,28.5245,77.1855
2026-07-31 07:00:00,28.5,82,972.3,qutab_minar,28.5245,77.1855
2026-07-31 08:00:00,28.9,79,972.7,qutab_minar,28.5245,77.1855
2026-07-31 09:00:00,29.5,77,972.9,qutab_minar,28.5245,77.1855
2026-07-31 10:00:00,29.9,75,973.1,qutab_minar,28.5245,77.1855
2026-07-31 11:00:00,30.6,71,973.3,qutab_minar,28.5245,77.1855
2026-07-31 12:00:00,31.4,67,972.6,qutab_minar,28.5245,77.1855
2026-07-31 13:00:00,31.8,64,971.9,qutab_minar,28.5245,77.1855
2026-07-31 14:00:00,32.2,65,971.0,qutab_minar,28.5245,77.1855
2026-07-31 15:00:00,32.0,66,970.1,qutab_minar,28.5245,77.1855
2026-07-31 16:00:00,30.2,80,969.7,qutab_minar,28.5245,77.1855
2026-07-31 17:00:00,31.1,74,969.6,qutab_minar,28.5245,77.1855
2026-07-31 18:00:00,30.6,78,970.1,qutab_minar,28.5245,77.1855
2026-07-31 19:00:00,29.7,82,970.7,qutab_minar,28.5245,77.1855
2026-07-31 20:00:00,29.3,85,971.4,qutab_minar,28.5245,77.1855
2026-07-31 21:00:00,28.8,84,972.3,qutab_minar,28.5245,77.1855
2026-07-31 22:00:00,28.5,86,972.6,qutab_minar,28.5245,77.1855
2026-07-31 23:00:00,27.7,92,972.0,qutab_minar,28.5245,77.1855
2026-08-01 00:00:00,27.4,92,972.2,qutab_minar,28.5245,77.1855
2026-08-01 01:00:00,27.0,94,972.0,qutab_minar,28.5245,77.1855
2026-08-01 02:00:00,26.9,93,971.5,qutab_minar,28.5245,77.1855
2026-08-01 03:00:00,26.9,92,971.4,qutab_minar,28.5245,77.1855
2026-08-01 04:00:00,27.0,92,971.6,qutab_minar,28.5245,77.1855
2026-08-01 05:00:00,26.5,97,971.6,qutab_minar,28.5245,77.1855
2026-08-01 06:00:00,26.7,94,971.9,qutab_minar,28.5245,77.1855
2026-08-01 07:00:00,26.8,93,972.4,qutab_minar,28.5245,77.1855
2026-08-01 08:00:00,27.5,88,972.5,qutab_minar,28.5245,77.1855
2026-08-01 09:00:00,29.3,78,972.3,qutab_minar,28.5245,77.1855
2026-08-01 10:00:00,30.1,76,972.3,qutab_minar,28.5245,77.1855
2026-08-01 11:00:00,31.3,71,972.2,qutab_minar,28.5245,77.1855
2026-08-01 12:00:00,31.9,68,971.6,qutab_minar,28.5245,77.1855
2026-08-01 13:00:00,32.0,68,971.1,qutab_minar,28.5245,77.1855
2026-08-01 14:00:00,31.8,71,970.3,qutab_minar,28.5245,77.1855
2026-08-01 15:00:00,31.1,76,969.6,qutab_minar,28.5245,77.1855
2026-08-01 16:00:00,29.9,82,969.3,qutab_minar,28.5245,77.1855
2026-08-01 17:00:00,30.3,77,969.8,qutab_minar,28.5245,77.1855
2026-08-01 18:00:00,29.8,80,970.0,qutab_minar,28.5245,77.1855
2026-08-01 19:00:00,29.2,85,970.5,qutab_minar,28.5245,77.1855
2026-08-01 20:00:00,29.0,87,971.1,qutab_minar,28.5245,77.1855
2026-08-01 21:00:00,29.0,88,972.0,qutab_minar,28.5245,77.1855
2026-08-01 22:00:00,28.7,88,972.4,qutab_minar,28.5245,77.1855
2026-08-01 23:00:00,27.2,90,972.4,qutab_minar,28.5245,77.1855
2026-08-02 00:00:00,26.4,93,972.0,qutab_minar,28.5245,77.1855
2026-08-02 01:00:00,26.3,95,972.3,qutab_minar,28.5245,77.1855
2026-08-02 02:00:00,26.5,95,972.1,qutab_minar,28.5245,77.1855
2026-08-02 03:00:00,26.4,96,971.4,qutab_minar,28.5245,77.1855
2026-08-02 04:00:00,26.4,96,972.2,qutab_minar,28.5245,77.1855
2026-08-02 05:00:00,26.8,97,972.1,qutab_minar,28.5245,77.1855
2026-08-02 06:00:00,26.2,98,972.8,qutab_minar,28.5245,77.1855
2026-08-02 07:00:00,26.6,97,973.0,qutab_minar,28.5245,77.1855
2026-08-02 08:00:00,28.2,90,973.2,qutab_minar,28.5245,77.1855
2026-08-02 09:00:00,30.0,79,973.2,qutab_minar,28.5245,77.1855
2026-08-02 10:00:00,31.3,72,973.1,qutab_minar,28.5245,77.1855
2026-08-02 11:00:00,32.5,65,973.1,qutab_minar,28.5245,77.1855
2026-08-02 12:00:00,33.5,58,972.7,qutab_minar,28.5245,77.1855
2026-08-02 13:00:00,32.6,61,972.4,qutab_minar,28.5245,77.1855
2026-08-02 14:00:00,31.7,69,971.6,qutab_minar,28.5245,77.1855
2026-08-02 15:00:00,32.1,69,970.9,qutab_minar,28.5245,77.1855
2026-08-02 16:00:00,31.8,71,970.5,qutab_minar,28.5245,77.1855
2026-08-02 17:00:00,27.4,96,971.0,qutab_minar,28.5245,77.1855
2026-08-02 18:00:00,28.0,95,971.7,qutab_minar,28.5245,77.1855
2026-08-02 19:00:00,27.4,95,971.6,qutab_minar,28.5245,77.1855
2026-08-02 20:00:00,27.4,95,972.3,qutab_minar,28.5245,77.1855
2026-08-02 21:00:00,27.5,95,973.4,qutab_minar,28.5245,77.1855
2026-08-02 22:00:00,27.5,96,973.8,qutab_minar,28.5245,77.1855
2026-08-02 23:00:00,28.2,96,973.0,qutab_minar,28.5245,77.1855
2026-08-03 00:00:00,28.1,95,972.8,qutab_minar,28.5245,77.1855
2026-08-03 01:00:00,28.0,94,972.8,qutab_minar,28.5245,77.1855
2026-08-03 02:00:00,27.5,94,972.4,qutab_minar,28.5245,77.1855
2026-08-03 03:00:00,27.1,96,972.2,qutab_minar,28.5245,77.1855
2026-08-03 04:00:00,27.0,97,972.3,qutab_minar,28.5245,77.1855
2026-08-03 05:00:00,27.1,97,972.1,qutab_minar,28.5245,77.1855
2026-08-03 06:00:00,27.4,97,972.6,qutab_minar,28.5245,77.1855
2026-08-03 07:00:00,27.9,94,972.8,qutab_minar,28.5245,77.1855
2026-08-03 08:00:00,28.3,88,973.8,qutab_minar,28.5245,77.1855
2026-08-03 09:00:00,29.3,85,974.0,qutab_minar,28.5245,77.1855
2026-08-03 10:00:00,30.2,82,974.3,qutab_minar,28.5245,77.1855
2026-08-03 11:00:00,31.3,75,973.8,qutab_minar,28.5245,77.1855
2026-08-03 12:00:00,31.9,74,973.8,qutab_minar,28.5245,77.1855
2026-08-03 13:00:00,31.9,72,973.1,qutab_minar,28.5245,77.1855
2026-08-03 14:00:00,30.4,80,972.8,qutab_minar,28.5245,77.1855
2026-08-03 15:00:00,29.7,84,972.5,qutab_minar,28.5245,77.1855
2026-08-03 16:00:00,29.3,86,971.8,qutab_minar,28.5245,77.1855
2026-08-03 17:00:00,31.7,77,971.4,qutab_minar,28.5245,77.1855
2026-08-03 18:00:00,28.9,88,971.5,qutab_minar,28.5245,77.1855
2026-08-03 19:00:00,27.4,96,972.3,qutab_minar,28.5245,77.1855
2026-08-03 20:00:00,26.9,97,973.5,qutab_minar,28.5245,77.1855
2026-08-03 21:00:00,27.2,96,974.5,qutab_minar,28.5245,77.1855
2026-08-03 22:00:00,27.0,96,974.4,qutab_minar,28.5245,77.1855
2026-08-03 23:00:00,26.9,98,974.6,qutab_minar,28.5245,77.1855
2026-08-04 00:00:00,26.5,98,973.8,qutab_minar,28.5245,77.1855
2026-08-04 01:00:00,26.3,99,973.5,qutab_minar,28.5245,77.1855
2026-08-04 02:00:00,26.4,98,973.3,qutab_minar,28.5245,77.1855
2026-08-04 03:00:00,26.4,99,973.6,qutab_minar,28.5245,77.1855
2026-08-04 04:00:00,26.4,98,973.5,qutab_minar,28.5245,77.1855
2026-08-04 05:00:00,26.3,98,973.2,qutab_minar,28.5245,77.1855
2026-08-04 06:00:00,26.1,99,973.9,qutab_minar,28.5245,77.1855
2026-08-04 07:00:00,26.5,97,973.9,qutab_minar,28.5245,77.1855
2026-08-04 08:00:00,26.9,95,974.7,qutab_minar,28.5245,77.1855
2026-08-04 09:00:00,28.0,90,974.9,qutab_minar,28.5245,77.1855
2026-08-04 10:00:00,29.0,86,975.5,qutab_minar,28.5245,77.1855
2026-08-04 11:00:00,27.8,92,975.4,qutab_minar,28.5245,77.1855
2026-08-04 12:00:00,27.4,96,974.7,qutab_minar,28.5245,77.1855
2026-08-04 13:00:00,28.2,92,974.4,qutab_minar,28.5245,77.1855
2026-08-04 14:00:00,28.8,89,973.9,qutab_minar,28.5245,77.1855
2026-08-04 15:00:00,29.2,84,973.2,qutab_minar,28.5245,77.1855
2026-08-04 16:00:00,29.4,83,972.3,qutab_minar,28.5245,77.1855
2026-08-04 17:00:00,27.3,97,972.7,qutab_minar,28.5245,77.1855
2026-08-04 18:00:00,27.2,97,972.7,qutab_minar,28.5245,77.1855
2026-08-04 19:00:00,27.1,97,973.0,qutab_minar,28.5245,77.1855
2026-08-04 20:00:00,26.9,98,973.7,qutab_minar,28.5245,77.1855
2026-08-04 21:00:00,26.9,98,974.3,qutab_minar,28.5245,77.1855
2026-08-04 22:00:00,26.7,98,974.4,qutab_minar,28.5245,77.1855
2026-08-04 23:00:00,27.2,99,973.7,qutab_minar,28.5245,77.1855
2026-08-05 00:00:00,27.1,99,973.0,qutab_minar,28.5245,77.1855
2026-08-05 01:00:00,27.1,99,972.8,qutab_minar,28.5245,77.1855
2026-08-05 02:00:00,26.8,96,972.4,qutab_minar,28.5245,77.1855
2026-08-05 03:00:00,26.6,98,972.3,qutab_minar,28.5245,77.1855
2026-08-05 04:00:00,26.6,94,972.3,qutab_minar,28.5245,77.1855
2026-08-05 05:00:00,26.7,96,972.2,qutab_minar,28.5245,77.1855
2026-08-05 06:00:00,26.3,96,972.6,qutab_minar,28.5245,77.1855
2026-08-05 07:00:00,26.9,95,972.7,qutab_minar,28.5245,77.1855
2026-08-05 08:00:00,27.8,89,972.8,qutab_minar,28.5245,77.1855
2026-08-05 09:00:00,29.6,79,972.8,qutab_minar,28.5245,77.1855
2026-08-05 10:00:00,31.0,71,972.8,qutab_minar,28.5245,77.1855
2026-08-05 11:00:00,30.6,74,972.9,qutab_minar,28.5245,77.1855
2026-08-05 12:00:00,30.1,76,971.7,qutab_minar,28.5245,77.1855
2026-08-05 13:00:00,31.0,69,971.3,qutab_minar,28.5245,77.1855
2026-08-05 14:00:00,31.4,67,970.4,qutab_minar,28.5245,77.1855
2026-08-05 15:00:00,32.0,64,970.0,qutab_minar,28.5245,77.1855
2026-08-05 16:00:00,31.9,66,969.5,qutab_minar,28.5245,77.1855
2026-08-05 17:00:00,29.6,84,969.8,qutab_minar,28.5245,77.1855
2026-08-05 18:00:00,28.6,88,970.2,qutab_minar,28.5245,77.1855
2026-08-05 19:00:00,28.2,90,971.3,qutab_minar,28.5245,77.1855
2026-08-05 20:00:00,27.6,94,971.8,qutab_minar,28.5245,77.1855
2026-08-05 21:00:00,27.3,95,972.2,qutab_minar,28.5245,77.1855
2026-08-05 22:00:00,27.2,98,972.3,qutab_minar,28.5245,77.1855
2026-08-05 23:00:00,27.3,99,971.8,qutab_minar,28.5245,77.1855
2026-08-06 00:00:00,27.5,97,971.5,qutab_minar,28.5245,77.1855
2026-08-06 01:00:00,27.0,99,971.4,qutab_minar,28.5245,77.1855
2026-08-06 02:00:00,26.9,99,971.0,qutab_minar,28.5245,77.1855
2026-08-06 03:00:00,26.9,99,970.8,qutab_minar,28.5245,77.1855
2026-08-06 04:00:00,26.7,98,971.3,qutab_minar,28.5245,77.1855
2026-08-06 05:00:00,27.0,95,970.8,qutab_minar,28.5245,77.1855
2026-08-06 06:00:00,27.3,94,971.9,qutab_minar,28.5245,77.1855
2026-08-06 07:00:00,27.3,92,972.4,qutab_minar,28.5245,77.1855
2026-08-06 08:00:00,27.0,93,973.2,qutab_minar,28.5245,77.1855
2026-08-06 09:00:00,26.8,90,973.8,qutab_minar,28.5245,77.1855
2026-08-06 10:00:00,26.9,88,973.9,qutab_minar,28.5245,77.1855
2026-08-06 11:00:00,26.8,87,973.7,qutab_minar,28.5245,77.1855
2026-08-06 12:00:00,27.6,82,973.3,qutab_minar,28.5245,77.1855
2026-08-06 13:00:00,27.5,82,972.8,qutab_minar,28.5245,77.1855
2026-08-06 14:00:00,27.4,82,972.0,qutab_minar,28.5245,77.1855
2026-08-06 15:00:00,27.2,82,971.8,qutab_minar,28.5245,77.1855
2026-08-06 16:00:00,27.5,81,971.4,qutab_minar,28.5245,77.1855
2026-08-06 17:00:00,27.4,88,971.1,qutab_minar,28.5245,77.1855
2026-08-06 18:00:00,27.2,91,971.4,qutab_minar,28.5245,77.1855
2026-08-06 19:00:00,26.9,93,971.8,qutab_minar,28.5245,77.1855
2026-08-06 20:00:00,26.8,93,972.2,qutab_minar,28.5245,77.1855
2026-08-06 21:00:00,26.7,94,972.8,qutab_minar,28.5245,77.1855
2026-08-06 22:00:00,26.6,94,972.9,qutab_minar,28.5245,77.1855
2026-08-06 23:00:00,26.5,95,972.7,qutab_minar,28.5245,77.1855
2026-08-07 00:00:00,25.8,98,972.5,qutab_minar,28.5245,77.1855
2026-08-07 01:00:00,25.5,98,972.2,qutab_minar,28.5245,77.1855
2026-08-07 02:00:00,25.5,99,971.8,qutab_minar,28.5245,77.1855
2026-08-07 03:00:00,25.7,98,971.6,qutab_minar,28.5245,77.1855
2026-08-07 04:00:00,25.7,95,971.7,qutab_minar,28.5245,77.1855
2026-08-07 05:00:00,25.6,96,971.3,qutab_minar,28.5245,77.1855
2026-08-07 06:00:00,25.3,96,971.7,qutab_minar,28.5245,77.1855
2026-08-07 07:00:00,25.6,95,972.2,qutab_minar,28.5245,77.1855
2026-08-07 08:00:00,26.2,96,972.4,qutab_minar,28.5245,77.1855
2026-08-07 09:00:00,26.3,97,972.5,qutab_minar,28.5245,77.1855
2026-08-07 10:00:00,26.6,95,972.7,qutab_minar,28.5245,77.1855
2026-08-07 11:00:00,27.4,92,972.5,qutab_minar,28.5245,77.1855
2026-08-07 12:00:00,26.0,96,971.9,qutab_minar,28.5245,77.1855
2026-08-07 13:00:00,26.9,95,971.2,qutab_minar,28.5245,77.1855
2026-08-07 14:00:00,27.7,93,970.7,qutab_minar,28.5245,77.1855
2026-08-07 15:00:00,29.1,85,970.4,qutab_minar,28.5245,77.1855
2026-08-07 16:00:00,27.9,89,970.2,qutab_minar,28.5245,77.1855
2026-08-07 17:00:00,27.0,93,970.5,qutab_minar,28.5245,77.1855
2026-08-07 18:00:00,26.4,94,970.5,qutab_minar,28.5245,77.1855
2026-08-07 19:00:00,26.0,96,971.3,qutab_minar,28.5245,77.1855
2026-08-07 20:00:00,26.2,95,971.9,qutab_minar,28.5245,77.1855
2026-08-07 21:00:00,25.6,97,972.8,qutab_minar,28.5245,77.1855
2026-08-07 22:00:00,25.2,97,973.0,qutab_minar,28.5245,77.1855
2026-08-07 23:00:00,25.2,97,972.9,qutab_minar,28.5245,77.1855
2026-08-08 00:00:00,25.5,96,972.4,qutab_minar,28.5245,77.1855
2026-08-08 01:00:00,25.7,96,971.9,qutab_minar,28.5245,77.1855
2026-08-08 02:00:00,25.1,97,971.8,qutab_minar,28.5245,77.1855
2026-08-08 03:00:00,24.6,99,971.9,qutab_minar,28.5245,77.1855
2026-08-08 04:00:00,24.6,99,971.9,qutab_minar,28.5245,77.1855
2026-08-08 05:00:00,25.5,97,971.7,qutab_minar,28.5245,77.1855
2026-08-08 06:00:00,25.2,97,972.2,qutab_minar,28.5245,77.1855
2026-08-08 07:00:00,25.5,96,972.7,qutab_minar,28.5245,77.1855
2026-08-08 08:00:00,27.0,93,973.3,qutab_minar,28.5245,77.1855
2026-08-08 09:00:00,29.1,86,973.7,qutab_minar,28.5245,77.1855
2026-08-08 10:00:00,30.5,79,973.7,qutab_minar,28.5245,77.1855
2026-08-08 11:00:00,28.9,82,974.0,qutab_minar,28.5245,77.1855
2026-08-08 12:00:00,31.3,75,974.1,qutab_minar,28.5245,77.1855
2026-08-08 13:00:00,29.3,80,973.5,qutab_minar,28.5245,77.1855
2026-08-08 14:00:00,30.9,74,972.4,qutab_minar,28.5245,77.1855
2026-08-08 15:00:00,32.0,68,972.0,qutab_minar,28.5245,77.1855
2026-08-08 16:00:00,30.1,78,971.4,qutab_minar,28.5245,77.1855
2026-08-08 17:00:00,30.3,79,972.2,qutab_minar,28.5245,77.1855
2026-08-08 18:00:00,29.4,84,972.2,qutab_minar,28.5245,77.1855
2026-08-08 19:00:00,28.7,87,972.7,qutab_minar,28.5245,77.1855
2026-08-08 20:00:00,28.5,89,973.6,qutab_minar,28.5245,77.1855
2026-08-08 21:00:00,28.3,91,974.4,qutab_minar,28.5245,77.1855
2026-08-08 22:00:00,28.1,91,974.8,qutab_minar,28.5245,77.1855
2026-08-08 23:00:00,28.7,90,974.7,qutab_minar,28.5245,77.1855
2026-08-09 00:00:00,28.4,89,974.6,qutab_minar,28.5245,77.1855
2026-08-09 01:00:00,27.9,91,974.2,qutab_minar,28.5245,77.1855
2026-08-09 02:00:00,27.7,89,974.1,qutab_minar,28.5245,77.1855
2026-08-09 03:00:00,25.9,96,974.3,qutab_minar,28.5245,77.1855
2026-08-09 04:00:00,25.5,96,974.2,qutab_minar,28.5245,77.1855
2026-08-09 05:00:00,25.5,98,974.3,qutab_minar,28.5245,77.1855
2026-08-09 06:00:00,25.9,98,974.5,qutab_minar,28.5245,77.1855
2026-08-09 07:00:00,27.2,94,975.0,qutab_minar,28.5245,77.1855
2026-08-09 08:00:00,28.9,87,975.4,qutab_minar,28.5245,77.1855
2026-08-09 09:00:00,30.4,79,975.5,qutab_minar,28.5245,77.1855
2026-08-09 10:00:00,31.3,76,975.9,qutab_minar,28.5245,77.1855
2026-08-09 11:00:00,31.5,72,975.2,qutab_minar,28.5245,77.1855
2026-08-09 12:00:00,32.5,66,974.9,qutab_minar,28.5245,77.1855
2026-08-09 13:00:00,33.1,63,974.1,qutab_minar,28.5245,77.1855
2026-08-09 14:00:00,33.7,60,973.3,qutab_minar,28.5245,77.1855
2026-08-09 15:00:00,33.8,60,972.5,qutab_minar,28.5245,77.1855
2026-08-09 16:00:00,33.6,60,971.9,qutab_minar,28.5245,77.1855
2026-08-09 17:00:00,32.3,68,971.8,qutab_minar,28.5245,77.1855
2026-08-09 18:00:00,31.3,78,972.2,qutab_minar,28.5245,77.1855
2026-08-09 19:00:00,30.3,84,972.9,qutab_minar,28.5245,77.1855
2026-08-09 20:00:00,29.8,85,973.2,qutab_minar,28.5245,77.1855
2026-08-09 21:00:00,29.5,84,974.2,qutab_minar,28.5245,77.1855
2026-08-09 22:00:00,29.3,82,974.5,qutab_minar,28.5245,77.1855
2026-08-09 23:00:00,28.7,82,973.8,qutab_minar,28.5245,77.1855
2026-08-10 00:00:00,28.8,85,973.6,qutab_minar,28.5245,77.1855
2026-08-10 01:00:00,28.6,84,973.4,qutab_minar,28.5245,77.1855
2026-08-10 02:00:00,26.7,93,973.2,qutab_minar,28.5245,77.1855
2026-08-10 03:00:00,26.9,94,972.7,qutab_minar,28.5245,77.1855
2026-08-10 04:00:00,27.0,95,973.1,qutab_minar,28.5245,77.1855
2026-08-10 05:00:00,26.9,93,973.0,qutab_minar,28.5245,77.1855
2026-08-10 06:00:00,26.3,94,973.7,qutab_minar,28.5245,77.1855
2026-08-10 07:00:00,26.7,94,973.8,qutab_minar,28.5245,77.1855
2026-08-10 08:00:00,28.0,88,974.2,qutab_minar,28.5245,77.1855
2026-08-10 09:00:00,29.6,82,974.5,qutab_minar,28.5245,77.1855
2026-08-10 10:00:00,31.0,76,974.5,qutab_minar,28.5245,77.1855
2026-08-10 11:00:00,32.8,65,974.2,qutab_minar,28.5245,77.1855
2026-08-10 12:00:00,33.0,64,973.8,qutab_minar,28.5245,77.1855
2026-08-10 13:00:00,32.2,69,973.4,qutab_minar,28.5245,77.1855
2026-08-10 14:00:00,27.5,96,972.9,qutab_minar,28.5245,77.1855
2026-08-10 15:00:00,28.9,87,972.6,qutab_minar,28.5245,77.1855
2026-08-10 16:00:00,29.1,84,971.8,qutab_minar,28.5245,77.1855
2026-08-10 17:00:00,29.1,91,972.1,qutab_minar,28.5245,77.1855
2026-08-10 18:00:00,28.9,93,972.3,qutab_minar,28.5245,77.1855
2026-08-10 19:00:00,28.5,94,972.7,qutab_minar,28.5245,77.1855
2026-08-10 20:00:00,28.2,94,973.6,qutab_minar,28.5245,77.1855
2026-08-10 21:00:00,27.9,96,974.2,qutab_minar,28.5245,77.1855
2026-08-10 22:00:00,27.8,96,973.9,qutab_minar,28.5245,77.1855
2026-08-10 23:00:00,27.8,96,973.1,qutab_minar,28.5245,77.1855
2026-08-11 00:00:00,27.5,96,973.0,qutab_minar,28.5245,77.1855
2026-08-11 01:00:00,27.2,97,973.0,qutab_minar,28.5245,77.1855
2026-08-11 02:00:00,27.0,97,973.0,qutab_minar,28.5245,77.1855
2026-08-11 03:00:00,26.9,97,972.6,qutab_minar,28.5245,77.1855
2026-08-11 04:00:00,26.6,95,973.0,qutab_minar,28.5245,77.1855
2026-08-11 05:00:00,26.4,97,973.3,qutab_minar,28.5245,77.1855
2026-08-11 06:00:00,26.5,97,973.4,qutab_minar,28.5245,77.1855
2026-08-11 07:00:00,27.3,91,974.2,qutab_minar,28.5245,77.1855
2026-08-11 08:00:00,28.4,86,974.6,qutab_minar,28.5245,77.1855
2026-08-11 09:00:00,29.3,83,974.9,qutab_minar,28.5245,77.1855
2026-08-11 10:00:00,30.1,81,975.0,qutab_minar,28.5245,77.1855
2026-08-11 11:00:00,30.5,77,975.0,qutab_minar,28.5245,77.1855
2026-08-11 12:00:00,28.2,85,974.4,qutab_minar,28.5245,77.1855
2026-08-11 13:00:00,27.9,91,974.1,qutab_minar,28.5245,77.1855
2026-08-11 14:00:00,28.4,91,973.2,qutab_minar,28.5245,77.1855
2026-08-11 15:00:00,29.9,83,972.1,qutab_minar,28.5245,77.1855
2026-08-11 16:00:00,30.4,78,971.8,qutab_minar,28.5245,77.1855
2026-08-11 17:00:00,30.1,78,972.3,qutab_minar,28.5245,77.1855
2026-08-11 18:00:00,29.6,83,972.3,qutab_minar,28.5245,77.1855
2026-08-11 19:00:00,28.8,89,972.7,qutab_minar,28.5245,77.1855
2026-08-11 20:00:00,28.5,92,973.6,qutab_minar,28.5245,77.1855
2026-08-11 21:00:00,28.3,94,974.5,qutab_minar,28.5245,77.1855
2026-08-11 22:00:00,27.8,97,974.6,qutab_minar,28.5245,77.1855
2026-08-11 23:00:00,28.1,93,974.3,qutab_minar,28.5245,77.1855
2026-08-12 00:00:00,27.9,94,974.0,qutab_minar,28.5245,77.1855
2026-08-12 01:00:00,27.9,94,973.9,qutab_minar,28.5245,77.1855
2026-08-12 02:00:00,27.4,96,973.9,qutab_minar,28.5245,77.1855
2026-08-12 03:00:00,27.2,96,974.1,qutab_minar,28.5245,77.1855
2026-08-12 04:00:00,27.0,96,974.1,qutab_minar,28.5245,77.1855
2026-08-12 05:00:00,27.2,97,973.9,qutab_minar,28.5245,77.1855
2026-08-12 06:00:00,27.3,97,974.2,qutab_minar,28.5245,77.1855
2026-08-12 07:00:00,28.4,92,974.6,qutab_minar,28.5245,77.1855
2026-08-12 08:00:00,29.9,82,975.0,qutab_minar,28.5245,77.1855
2026-08-12 09:00:00,31.0,74,975.2,qutab_minar,28.5245,77.1855
2026-08-12 10:00:00,31.8,70,975.3,qutab_minar,28.5245,77.1855
2026-08-12 11:00:00,32.9,64,974.9,qutab_minar,28.5245,77.1855
2026-08-12 12:00:00,33.3,62,974.5,qutab_minar,28.5245,77.1855
2026-08-12 13:00:00,33.7,61,973.6,qutab_minar,28.5245,77.1855
2026-08-12 14:00:00,34.0,60,973.0,qutab_minar,28.5245,77.1855
2026-08-12 15:00:00,34.2,60,972.8,qutab_minar,28.5245,77.1855
2026-08-12 16:00:00,34.1,61,972.1,qutab_minar,28.5245,77.1855
2026-08-12 17:00:00,32.8,70,972.4,qutab_minar,28.5245,77.1855
2026-08-12 18:00:00,28.8,93,973.3,qutab_minar,28.5245,77.1855
2026-08-12 19:00:00,27.8,96,974.4,qutab_minar,28.5245,77.1855
2026-08-12 20:00:00,27.5,94,974.5,qutab_minar,28.5245,77.1855
2026-08-12 21:00:00,27.6,95,975.6,qutab_minar,28.5245,77.1855
2026-08-12 22:00:00,27.5,95,976.0,qutab_minar,28.5245,77.1855
2026-08-12 23:00:00,29.1,89,975.7,qutab_minar,28.5245,77.1855
2026-08-13 00:00:00,28.6,90,975.9,qutab_minar,28.5245,77.1855
2026-08-13 01:00:00,28.4,90,975.1,qutab_minar,28.5245,77.1855
2026-08-13 02:00:00,28.2,90,974.6,qutab_minar,28.5245,77.1855
2026-08-13 03:00:00,27.9,92,974.5,qutab_minar,28.5245,77.1855
2026-08-13 04:00:00,27.5,94,974.2,qutab_minar,28.5245,77.1855
2026-08-13 05:00:00,26.1,97,974.3,qutab_minar,28.5245,77.1855
2026-08-13 06:00:00,26.3,95,974.6,qutab_minar,28.5245,77.1855
2026-08-13 07:00:00,27.6,95,974.7,qutab_minar,28.5245,77.1855
2026-08-13 08:00:00,29.8,83,974.7,qutab_minar,28.5245,77.1855
2026-08-13 09:00:00,31.6,76,975.0,qutab_minar,28.5245,77.1855
2026-08-13 10:00:00,32.8,70,975.3,qutab_minar,28.5245,77.1855
2026-08-13 11:00:00,33.2,69,975.3,qutab_minar,28.5245,77.1855
2026-08-13 12:00:00,32.1,73,974.6,qutab_minar,28.5245,77.1855
2026-08-13 13:00:00,30.8,77,974.2,qutab_minar,28.5245,77.1855
2026-08-13 14:00:00,32.0,74,973.5,qutab_minar,28.5245,77.1855
2026-08-13 15:00:00,33.1,68,972.7,qutab_minar,28.5245,77.1855
2026-08-13 16:00:00,32.8,70,972.1,qutab_minar,28.5245,77.1855
2026-08-13 17:00:00,30.3,87,972.2,qutab_minar,28.5245,77.1855
2026-08-13 18:00:00,30.4,86,972.7,qutab_minar,28.5245,77.1855
2026-08-13 19:00:00,29.8,90,973.2,qutab_minar,28.5245,77.1855
2026-08-13 20:00:00,29.5,92,973.9,qutab_minar,28.5245,77.1855
2026-08-13 21:00:00,29.6,90,974.6,qutab_minar,28.5245,77.1855
2026-08-13 22:00:00,29.6,88,974.5,qutab_minar,28.5245,77.1855
2026-08-13 23:00:00,30.0,88,973.8,qutab_minar,28.5245,77.1855
2026-08-14 00:00:00,29.4,89,973.6,qutab_minar,28.5245,77.1855
2026-08-14 01:00:00,29.0,89,973.4,qutab_minar,28.5245,77.1855
2026-08-14 02:00:00,28.7,89,973.1,qutab_minar,28.5245,77.1855
2026-08-14 03:00:00,28.4,90,972.9,qutab_minar,28.5245,77.1855
2026-08-14 04:00:00,28.2,91,973.1,qutab_minar,28.5245,77.1855
2026-08-14 05:00:00,26.6,97,973.1,qutab_minar,28.5245,77.1855
2026-08-14 06:00:00,26.8,97,973.9,qutab_minar,28.5245,77.1855
2026-08-14 07:00:00,27.4,95,974.7,qutab_minar,28.5245,77.1855
2026-08-14 08:00:00,27.9,88,975.5,qutab_minar,28.5245,77.1855
2026-08-14 09:00:00,28.3,89,975.2,qutab_minar,28.5245,77.1855
2026-08-14 10:00:00,29.6,81,975.4,qutab_minar,28.5245,77.1855
2026-08-14 11:00:00,30.2,81,975.9,qutab_minar,28.5245,77.1855
2026-08-14 12:00:00,30.6,81,976.2,qutab_minar,28.5245,77.1855
2026-08-14 13:00:00,30.3,83,975.4,qutab_minar,28.5245,77.1855
2026-08-14 14:00:00,30.6,81,975.2,qutab_minar,28.5245,77.1855
2026-08-14 15:00:00,26.9,94,974.9,qutab_minar,28.5245,77.1855
2026-08-14 16:00:00,27.2,94,973.9,qutab_minar,28.5245,77.1855
2026-08-14 17:00:00,30.0,80,973.6,qutab_minar,28.5245,77.1855
2026-08-14 18:00:00,29.3,84,973.8,qutab_minar,28.5245,77.1855
2026-08-14 19:00:00,28.6,88,974.3,qutab_minar,28.5245,77.1855
2026-08-14 20:00:00,28.2,89,974.8,qutab_minar,28.5245,77.1855
2026-08-14 21:00:00,27.7,92,975.4,qutab_minar,28.5245,77.1855
2026-08-14 22:00:00,27.5,93,975.4,qutab_minar,28.5245,77.1855
2026-08-14 23:00:00,27.7,91,974.9,qutab_minar,28.5245,77.1855
2026-08-15 00:00:00,27.5,93,974.9,qutab_minar,28.5245,77.1855
2026-08-15 01:00:00,27.2,94,974.7,qutab_minar,28.5245,77.1855
2026-08-15 02:00:00,27.0,95,974.7,qutab_minar,28.5245,77.1855
2026-08-15 03:00:00,26.9,95,974.4,qutab_minar,28.5245,77.1855
2026-08-15 04:00:00,26.8,95,974.7,qutab_minar,28.5245,77.1855
2026-08-15 05:00:00,26.3,97,975.0,qutab_minar,28.5245,77.1855
2026-08-15 06:00:00,26.5,98,975.3,qutab_minar,28.5245,77.1855
2026-08-15 07:00:00,26.9,97,975.7,qutab_minar,28.5245,77.1855
2026-08-15 08:00:00,27.9,93,976.3,qutab_minar,28.5245,77.1855
2026-08-15 09:00:00,28.9,87,976.4,qutab_minar,28.5245,77.1855
2026-08-15 10:00:00,30.2,81,976.4,qutab_minar,28.5245,77.1855
2026-08-15 11:00:00,31.9,71,976.2,qutab_minar,28.5245,77.1855
2026-08-15 12:00:00,32.1,72,975.3,qutab_minar,28.5245,77.1855
2026-08-15 13:00:00,31.0,79,974.9,qutab_minar,28.5245,77.1855
2026-08-15 14:00:00,31.7,76,974.0,qutab_minar,28.5245,77.1855
2026-08-15 15:00:00,32.4,70,973.1,qutab_minar,28.5245,77.1855
2026-08-15 16:00:00,32.3,67,972.5,qutab_minar,28.5245,77.1855
2026-08-15 17:00:00,31.6,74,972.3,qutab_minar,28.5245,77.1855
2026-08-15 18:00:00,30.9,80,972.7,qutab_minar,28.5245,77.1855
2026-08-15 19:00:00,30.3,84,973.2,qutab_minar,28.5245,77.1855
2026-08-15 20:00:00,29.9,85,973.6,qutab_minar,28.5245,77.1855
2026-08-15 21:00:00,29.4,86,974.1,qutab_minar,28.5245,77.1855
2026-08-15 22:00:00,29.0,87,974.3,qutab_minar,28.5245,77.1855
2026-08-15 23:00:00,28.8,88,973.9,qutab_minar,28.5245,77.1855
2026-08-16 00:00:00,28.6,91,973.8,qutab_minar,28.5245,77.1855
2026-08-16 01:00:00,28.4,89,973.2,qutab_minar,28.5245,77.1855
2026-08-16 02:00:00,28.3,88,972.7,qutab_minar,28.5245,77.1855
2026-08-16 03:00:00,26.8,94,972.8,qutab_minar,28.5245,77.1855
2026-08-16 04:00:00,26.7,95,972.7,qutab_minar,28.5245,77.1855
2026-08-16 05:00:00,27.6,87,972.4,qutab_minar,28.5245,77.1855
2026-08-16 06:00:00,27.8,85,973.2,qutab_minar,28.5245,77.1855
2026-08-16 07:00:00,28.2,84,973.6,qutab_minar,28.5245,77.1855
2026-08-16 08:00:00,29.3,79,974.0,qutab_minar,28.5245,77.1855
2026-08-16 09:00:00,30.5,73,974.1,qutab_minar,28.5245,77.1855
2026-08-16 10:00:00,31.7,69,974.1,qutab_minar,28.5245,77.1855
2026-08-16 11:00:00,32.5,66,973.9,qutab_minar,28.5245,77.1855
2026-08-16 12:00:00,32.9,64,973.5,qutab_minar,28.5245,77.1855
2026-08-16 13:00:00,33.1,64,973.3,qutab_minar,28.5245,77.1855
2026-08-16 14:00:00,32.9,64,972.5,qutab_minar,28.5245,77.1855
2026-08-16 15:00:00,33.0,64,971.8,qutab_minar,28.5245,77.1855
2026-08-16 16:00:00,32.9,65,971.5,qutab_minar,28.5245,77.1855
2026-08-16 17:00:00,31.7,74,972.2,qutab_minar,28.5245,77.1855
2026-08-16 18:00:00,31.0,81,972.5,qutab_minar,28.5245,77.1855
2026-08-16 19:00:00,30.0,85,972.9,qutab_minar,28.5245,77.1855
2026-08-16 20:00:00,29.3,87,973.6,qutab_minar,28.5245,77.1855
2026-08-16 21:00:00,29.0,86,974.1,qutab_minar,28.5245,77.1855
2026-08-16 22:00:00,28.9,86,974.2,qutab_minar,28.5245,77.1855
2026-08-16 23:00:00,28.9,87,973.6,qutab_minar,28.5245,77.1855
2026-08-17 00:00:00,28.4,87,973.5,qutab_minar,28.5245,77.1855
2026-08-17 01:00:00,28.4,84,973.3,qutab_minar,28.5245,77.1855
2026-08-17 02:00:00,27.9,86,973.0,qutab_minar,28.5245,77.1855
2026-08-17 03:00:00,27.6,84,972.9,qutab_minar,28.5245,77.1855
2026-08-17 04:00:00,27.4,82,972.9,qutab_minar,28.5245,77.1855
2026-08-17 05:00:00,28.0,80,973.2,qutab_minar,28.5245,77.1855
2026-08-17 06:00:00,27.8,80,973.7,qutab_minar,28.5245,77.1855
2026-08-17 07:00:00,28.4,79,974.3,qutab_minar,28.5245,77.1855
2026-08-17 08:00:00,29.4,76,974.8,qutab_minar,28.5245,77.1855
2026-08-17 09:00:00,30.2,74,975.1,qutab_minar,28.5245,77.1855
2026-08-17 10:00:00,31.3,71,975.5,qutab_minar,28.5245,77.1855
2026-08-17 11:00:00,32.3,65,975.3,qutab_minar,28.5245,77.1855
2026-08-17 12:00:00,32.9,64,974.7,qutab_minar,28.5245,77.1855
2026-08-17 13:00:00,33.0,65,974.1,qutab_minar,28.5245,77.1855
2026-08-17 14:00:00,28.9,84,973.7,qutab_minar,28.5245,77.1855
2026-08-17 15:00:00,29.7,81,973.1,qutab_minar,28.5245,77.1855
2026-08-17 16:00:00,30.0,81,972.5,qutab_minar,28.5245,77.1855
2026-08-17 17:00:00,27.2,95,973.4,qutab_minar,28.5245,77.1855
2026-08-17 18:00:00,27.5,93,973.4,qutab_minar,28.5245,77.1855
2026-08-17 19:00:00,27.5,94,973.6,qutab_minar,28.5245,77.1855
2026-08-17 20:00:00,27.6,94,974.3,qutab_minar,28.5245,77.1855
2026-08-17 21:00:00,27.7,92,974.9,qutab_minar,28.5245,77.1855
2026-08-17 22:00:00,27.8,89,975.2,qutab_minar,28.5245,77.1855
2026-08-17 23:00:00,28.6,85,975.1,qutab_minar,28.5245,77.1855
2026-08-18 00:00:00,28.0,86,974.9,qutab_minar,28.5245,77.1855
2026-08-18 01:00:00,27.8,83,974.6,qutab_minar,28.5245,77.1855
2026-08-18 02:00:00,27.6,82,974.3,qutab_minar,28.5245,77.1855
2026-08-18 03:00:00,27.3,83,974.2,qutab_minar,28.5245,77.1855
2026-08-18 04:00:00,27.0,84,974.4,qutab_minar,28.5245,77.1855
2026-08-18 05:00:00,27.7,79,974.1,qutab_minar,28.5245,77.1855
2026-08-18 06:00:00,27.6,80,974.7,qutab_minar,28.5245,77.1855
2026-08-18 07:00:00,28.3,78,975.5,qutab_minar,28.5245,77.1855
2026-08-18 08:00:00,29.3,75,975.7,qutab_minar,28.5245,77.1855
2026-08-18 09:00:00,30.3,72,976.2,qutab_minar,28.5245,77.1855
2026-08-18 10:00:00,31.3,68,976.4,qutab_minar,28.5245,77.1855
2026-08-18 11:00:00,32.3,63,976.7,qutab_minar,28.5245,77.1855
2026-08-18 12:00:00,32.8,60,976.2,qutab_minar,28.5245,77.1855
2026-08-18 13:00:00,33.1,59,975.6,qutab_minar,28.5245,77.1855
2026-08-18 14:00:00,33.0,61,974.9,qutab_minar,28.5245,77.1855
2026-08-18 15:00:00,32.7,62,974.1,qutab_minar,28.5245,77.1855
2026-08-18 16:00:00,32.1,66,973.5,qutab_minar,28.5245,77.1855
2026-08-18 17:00:00,31.9,68,973.7,qutab_minar,28.5245,77.1855
2026-08-18 18:00:00,30.7,77,974.4,qutab_minar,28.5245,77.1855
2026-08-18 19:00:00,29.3,81,975.0,qutab_minar,28.5245,77.1855
2026-08-18 20:00:00,27.0,88,976.1,qutab_minar,28.5245,77.1855
2026-08-18 21:00:00,25.0,98,976.2,qutab_minar,28.5245,77.1855
2026-08-18 22:00:00,25.7,95,976.3,qutab_minar,28.5245,77.1855
2026-08-18 23:00:00,27.2,92,975.9,qutab_minar,28.5245,77.1855
2026-08-19 00:00:00,27.3,89,975.6,qutab_minar,28.5245,77.1855
2026-08-19 01:00:00,26.9,91,975.1,qutab_minar,28.5245,77.1855
2026-08-19 02:00:00,27.0,90,975.0,qutab_minar,28.5245,77.1855
2026-08-19 03:00:00,26.9,90,974.8,qutab_minar,28.5245,77.1855
2026-08-19 04:00:00,26.7,90,975.3,qutab_minar,28.5245,77.1855
2026-08-19 05:00:00,27.4,89,974.7,qutab_minar,28.5245,77.1855
2026-08-19 06:00:00,27.5,87,975.5,qutab_minar,28.5245,77.1855
2026-08-19 07:00:00,28.4,83,976.2,qutab_minar,28.5245,77.1855
2026-08-19 08:00:00,29.5,76,976.8,qutab_minar,28.5245,77.1855
2026-08-19 09:00:00,30.5,72,977.2,qutab_minar,28.5245,77.1855
2026-08-19 10:00:00,31.2,68,977.0,qutab_minar,28.5245,77.1855
2026-08-19 11:00:00,32.4,62,977.1,qutab_minar,28.5245,77.1855
2026-08-19 12:00:00,32.4,61,976.4,qutab_minar,28.5245,77.1855
2026-08-19 13:00:00,32.7,59,975.9,qutab_minar,28.5245,77.1855
2026-08-19 14:00:00,33.0,58,975.4,qutab_minar,28.5245,77.1855
2026-08-19 15:00:00,33.1,57,974.6,qutab_minar,28.5245,77.1855
2026-08-19 16:00:00,32.9,57,974.2,qutab_minar,28.5245,77.1855
2026-08-19 17:00:00,29.8,88,975.4,qutab_minar,28.5245,77.1855
2026-08-19 18:00:00,28.0,95,975.2,qutab_minar,28.5245,77.1855
2026-08-19 19:00:00,27.6,96,975.5,qutab_minar,28.5245,77.1855
2026-08-19 20:00:00,27.4,98,976.3,qutab_minar,28.5245,77.1855
2026-08-19 21:00:00,27.4,97,976.7,qutab_minar,28.5245,77.1855
2026-08-19 22:00:00,27.5,95,976.6,qutab_minar,28.5245,77.1855
2026-08-19 23:00:00,28.4,95,976.4,qutab_minar,28.5245,77.1855
2026-08-20 00:00:00,27.8,91,976.1,qutab_minar,28.5245,77.1855
2026-08-20 01:00:00,27.6,90,976.2,qutab_minar,28.5245,77.1855
2026-08-20 02:00:00,26.5,97,976.0,qutab_minar,28.5245,77.1855
2026-08-20 03:00:00,26.7,97,975.7,qutab_minar,28.5245,77.1855
2026-08-20 04:00:00,26.8,96,975.9,qutab_minar,28.5245,77.1855
2026-08-20 05:00:00,26.7,95,975.9,qutab_minar,28.5245,77.1855
2026-08-20 06:00:00,26.5,95,976.2,qutab_minar,28.5245,77.1855
2026-08-20 07:00:00,26.6,93,977.0,qutab_minar,28.5245,77.1855
2026-08-20 08:00:00,26.9,90,977.5,qutab_minar,28.5245,77.1855
2026-08-20 09:00:00,27.6,86,978.0,qutab_minar,28.5245,77.1855
2026-08-20 10:00:00,28.4,81,978.1,qutab_minar,28.5245,77.1855
2026-08-20 11:00:00,30.9,69,977.6,qutab_minar,28.5245,77.1855
2026-08-20 12:00:00,31.7,68,976.9,qutab_minar,28.5245,77.1855
2026-08-20 13:00:00,32.5,63,976.2,qutab_minar,28.5245,77.1855
2026-08-20 14:00:00,32.7,62,975.3,qutab_minar,28.5245,77.1855
2026-08-20 15:00:00,33.0,60,974.6,qutab_minar,28.5245,77.1855
2026-08-20 16:00:00,33.0,57,974.0,qutab_minar,28.5245,77.1855
2026-08-20 17:00:00,28.1,95,974.5,qutab_minar,28.5245,77.1855
2026-08-20 18:00:00,27.8,96,974.9,qutab_minar,28.5245,77.1855
2026-08-20 19:00:00,27.5,98,975.0,qutab_minar,28.5245,77.1855
2026-08-20 20:00:00,27.5,98,975.5,qutab_minar,28.5245,77.1855
2026-08-20 21:00:00,27.3,95,975.9,qutab_minar,28.5245,77.1855
2026-08-20 22:00:00,27.0,95,975.9,qutab_minar,28.5245,77.1855
2026-08-20 23:00:00,28.6,95,975.5,qutab_minar,28.5245,77.1855
2026-08-21 00:00:00,28.1,95,975.6,qutab_minar,28.5245,77.1855
2026-08-21 01:00:00,27.8,94,975.1,qutab_minar,28.5245,77.1855
2026-08-21 02:00:00,27.6,92,974.6,qutab_minar,28.5245,77.1855
2026-08-21 03:00:00,27.4,92,974.6,qutab_minar,28.5245,77.1855
2026-08-21 04:00:00,27.2,94,974.7,qutab_minar,28.5245,77.1855
2026-08-21 05:00:00,26.7,97,974.9,qutab_minar,28.5245,77.1855
2026-08-21 06:00:00,27.0,95,975.0,qutab_minar,28.5245,77.1855
2026-08-21 07:00:00,27.5,91,975.9,qutab_minar,28.5245,77.1855
2026-08-21 08:00:00,28.9,82,976.6,qutab_minar,28.5245,77.1855
2026-08-21 09:00:00,30.4,72,976.4,qutab_minar,28.5245,77.1855
2026-08-21 10:00:00,31.8,66,976.6,qutab_minar,28.5245,77.1855
2026-08-21 11:00:00,33.0,60,976.4,qutab_minar,28.5245,77.1855
2026-08-21 12:00:00,33.5,58,975.6,qutab_minar,28.5245,77.1855
2026-08-21 13:00:00,33.5,58,974.8,qutab_minar,28.5245,77.1855
2026-08-21 14:00:00,33.4,58,974.0,qutab_minar,28.5245,77.1855
2026-08-21 15:00:00,33.3,58,973.4,qutab_minar,28.5245,77.1855
2026-08-21 16:00:00,32.4,62,972.8,qutab_minar,28.5245,77.1855
2026-08-21 17:00:00,32.4,69,972.8,qutab_minar,28.5245,77.1855
2026-08-21 18:00:00,31.0,75,973.1,qutab_minar,28.5245,77.1855
2026-08-21 19:00:00,30.0,77,973.6,qutab_minar,28.5245,77.1855
2026-08-21 20:00:00,29.6,79,974.0,qutab_minar,28.5245,77.1855
2026-08-21 21:00:00,29.2,82,974.5,qutab_minar,28.5245,77.1855
2026-08-21 22:00:00,28.8,84,974.5,qutab_minar,28.5245,77.1855
2026-08-21 23:00:00,28.0,88,974.5,qutab_minar,28.5245,77.1855
2026-08-22 00:00:00,27.4,93,974.4,qutab_minar,28.5245,77.1855
2026-08-22 01:00:00,26.4,92,974.2,qutab_minar,28.5245,77.1855
2026-08-22 02:00:00,25.1,94,974.6,qutab_minar,28.5245,77.1855
2026-08-22 03:00:00,24.6,99,973.6,qutab_minar,28.5245,77.1855
2026-08-22 04:00:00,24.8,99,973.9,qutab_minar,28.5245,77.1855
2026-08-22 05:00:00,25.8,97,974.4,qutab_minar,28.5245,77.1855
2026-08-22 06:00:00,26.5,94,975.0,qutab_minar,28.5245,77.1855
2026-08-22 07:00:00,27.1,95,975.7,qutab_minar,28.5245,77.1855
2026-08-22 08:00:00,28.8,86,976.0,qutab_minar,28.5245,77.1855
2026-08-22 09:00:00,30.3,73,976.2,qutab_minar,28.5245,77.1855
2026-08-22 10:00:00,31.4,68,976.3,qutab_minar,28.5245,77.1855
2026-08-22 11:00:00,32.1,64,976.5,qutab_minar,28.5245,77.1855
2026-08-22 12:00:00,32.6,62,975.6,qutab_minar,28.5245,77.1855
2026-08-22 13:00:00,32.9,61,974.7,qutab_minar,28.5245,77.1855
2026-08-22 14:00:00,33.2,62,973.8,qutab_minar,28.5245,77.1855
2026-08-22 15:00:00,32.2,64,973.2,qutab_minar,28.5245,77.1855
2026-08-22 16:00:00,32.3,64,972.6,qutab_minar,28.5245,77.1855
2026-08-22 17:00:00,29.2,83,973.5,qutab_minar,28.5245,77.1855
2026-08-22 18:00:00,29.0,90,973.7,qutab_minar,28.5245,77.1855
2026-08-22 19:00:00,27.7,91,974.0,qutab_minar,28.5245,77.1855
2026-08-22 20:00:00,27.5,91,974.5,qutab_minar,28.5245,77.1855
2026-08-22 21:00:00,27.2,90,975.1,qutab_minar,28.5245,77.1855
2026-08-22 22:00:00,27.0,88,975.3,qutab_minar,28.5245,77.1855
2026-08-22 23:00:00,28.4,85,975.4,qutab_minar,28.5245,77.1855
2026-08-23 00:00:00,27.8,89,975.1,qutab_minar,28.5245,77.1855
2026-08-23 01:00:00,27.5,92,975.1,qutab_minar,28.5245,77.1855
2026-08-23 02:00:00,27.0,93,974.5,qutab_minar,28.5245,77.1855
2026-08-23 03:00:00,26.7,94,974.4,qutab_minar,28.5245,77.1855
2026-08-23 04:00:00,26.5,93,974.7,qutab_minar,28.5245,77.1855
2026-08-23 05:00:00,27.1,85,974.9,qutab_minar,28.5245,77.1855
2026-08-23 06:00:00,25.0,98,976.0,qutab_minar,28.5245,77.1855
2026-08-23 07:00:00,26.2,97,975.9,qutab_minar,28.5245,77.1855
2026-08-23 08:00:00,28.2,86,976.6,qutab_minar,28.5245,77.1855
2026-08-23 09:00:00,30.0,77,977.2,qutab_minar,28.5245,77.1855
2026-08-23 10:00:00,29.2,79,977.6,qutab_minar,28.5245,77.1855
2026-08-23 11:00:00,29.4,79,977.8,qutab_minar,28.5245,77.1855
2026-08-23 12:00:00,30.6,74,977.1,qutab_minar,28.5245,77.1855
2026-08-23 13:00:00,31.3,70,976.2,qutab_minar,28.5245,77.1855
2026-08-23 14:00:00,32.3,66,975.1,qutab_minar,28.5245,77.1855
2026-08-23 15:00:00,32.4,65,974.4,qutab_minar,28.5245,77.1855
2026-08-23 16:00:00,32.3,65,973.8,qutab_minar,28.5245,77.1855
2026-08-23 17:00:00,32.3,70,973.5,qutab_minar,28.5245,77.1855
2026-08-23 18:00:00,31.1,77,974.1,qutab_minar,28.5245,77.1855
2026-08-23 19:00:00,30.2,81,974.7,qutab_minar,28.5245,77.1855
2026-08-23 20:00:00,29.8,83,975.8,qutab_minar,28.5245,77.1855
2026-08-23 21:00:00,29.6,84,976.5,qutab_minar,28.5245,77.1855
2026-08-23 22:00:00,29.3,86,976.1,qutab_minar,28.5245,77.1855
2026-08-23 23:00:00,28.5,82,976.4,qutab_minar,28.5245,77.1855
2026-08-24 00:00:00,27.5,91,975.9,qutab_minar,28.5245,77.1855
2026-08-24 01:00:00,27.2,92,975.2,qutab_minar,28.5245,77.1855
2026-08-24 02:00:00,27.1,93,975.0,qutab_minar,28.5245,77.1855
2026-08-24 03:00:00,25.6,92,975.4,qutab_minar,28.5245,77.1855
2026-08-24 04:00:00,24.4,97,975.8,qutab_minar,28.5245,77.1855
2026-08-24 05:00:00,25.9,97,975.9,qutab_minar,28.5245,77.1855
2026-08-24 06:00:00,25.4,97,976.3,qutab_minar,28.5245,77.1855
2026-08-24 07:00:00,26.3,95,976.6,qutab_minar,28.5245,77.1855
2026-08-24 08:00:00,27.5,90,976.5,qutab_minar,28.5245,77.1855
2026-08-24 09:00:00,29.0,83,977.0,qutab_minar,28.5245,77.1855
2026-08-24 10:00:00,30.7,74,977.0,qutab_minar,28.5245,77.1855
2026-08-24 11:00:00,28.8,88,977.1,qutab_minar,28.5245,77.1855
2026-08-24 12:00:00,28.8,83,976.9,qutab_minar,28.5245,77.1855
2026-08-24 13:00:00,30.0,74,975.9,qutab_minar,28.5245,77.1855
2026-08-24 14:00:00,31.5,64,975.1,qutab_minar,28.5245,77.1855
2026-08-24 15:00:00,31.8,63,974.4,qutab_minar,28.5245,77.1855
2026-08-24 16:00:00,31.2,67,974.1,qutab_minar,28.5245,77.1855
2026-08-24 17:00:00,30.7,76,973.8,qutab_minar,28.5245,77.1855
2026-08-24 18:00:00,30.2,82,974.4,qutab_minar,28.5245,77.1855
2026-08-24 19:00:00,29.8,83,975.0,qutab_minar,28.5245,77.1855
2026-08-24 20:00:00,29.2,85,975.7,qutab_minar,28.5245,77.1855
2026-08-24 21:00:00,28.7,87,976.5,qutab_minar,28.5245,77.1855
2026-08-24 22:00:00,28.3,89,976.3,qutab_minar,28.5245,77.1855
2026-08-24 23:00:00,28.3,89,975.8,qutab_minar,28.5245,77.1855
2026-08-25 00:00:00,28.0,91,975.8,qutab_minar,28.5245,77.1855
2026-08-25 01:00:00,27.7,92,975.5,qutab_minar,28.5245,77.1855
2026-08-25 02:00:00,27.5,93,975.3,qutab_minar,28.5245,77.1855
2026-08-25 03:00:00,27.4,94,975.4,qutab_minar,28.5245,77.1855
2026-08-25 04:00:00,27.3,94,975.3,qutab_minar,28.5245,77.1855
2026-08-25 05:00:00,26.0,97,975.9,qutab_minar,28.5245,77.1855
2026-08-25 06:00:00,25.9,99,976.8,qutab_minar,28.5245,77.1855
2026-08-25 07:00:00,26.2,98,976.5,qutab_minar,28.5245,77.1855
2026-08-25 08:00:00,26.8,95,977.0,qutab_minar,28.5245,77.1855
2026-08-25 09:00:00,28.2,90,977.3,qutab_minar,28.5245,77.1855
2026-08-25 10:00:00,29.5,83,977.7,qutab_minar,28.5245,77.1855
2026-08-25 11:00:00,30.7,71,977.4,qutab_minar,28.5245,77.1855
2026-08-25 12:00:00,31.3,66,977.1,qutab_minar,28.5245,77.1855
2026-08-25 13:00:00,32.1,63,976.4,qutab_minar,28.5245,77.1855
2026-08-25 14:00:00,32.3,62,975.6,qutab_minar,28.5245,77.1855
2026-08-25 15:00:00,32.5,61,974.9,qutab_minar,28.5245,77.1855
2026-08-25 16:00:00,32.3,63,974.5,qutab_minar,28.5245,77.1855
2026-08-25 17:00:00,28.3,96,975.1,qutab_minar,28.5245,77.1855
2026-08-25 18:00:00,28.2,96,975.4,qutab_minar,28.5245,77.1855
2026-08-25 19:00:00,27.8,97,975.4,qutab_minar,28.5245,77.1855
2026-08-25 20:00:00,27.6,96,976.1,qutab_minar,28.5245,77.1855
2026-08-25 21:00:00,27.4,95,976.5,qutab_minar,28.5245,77.1855
2026-08-25 22:00:00,27.1,95,976.4,qutab_minar,28.5245,77.1855
2026-08-25 23:00:00,27.5,93,976.3,qutab_minar,28.5245,77.1855
2026-07-20 00:00:00,28.7,89,976.1,chandni_chowk,28.6506,77.2303
2026-07-20 01:00:00,27.8,89,975.8,chandni_chowk,28.6506,77.2303
2026-07-20 02:00:00,27.6,88,975.4,chandni_chowk,28.6506,77.2303
2026-07-20 03:00:00,27.7,89,975.5,chandni_chowk,28.6506,77.2303
2026-07-20 04:00:00,27.2,94,975.6,chandni_chowk,28.6506,77.2303
2026-07-20 05:00:00,29.5,77,975.3,chandni_chowk,28.6506,77.2303
2026-07-20 06:00:00,29.4,78,975.2,chandni_chowk,28.6506,77.2303
2026-07-20 07:00:00,28.7,83,976.0,chandni_chowk,28.6506,77.2303
2026-07-20 08:00:00,27.5,92,976.3,chandni_chowk,28.6506,77.2303
2026-07-20 09:00:00,28.6,89,977.1,chandni_chowk,28.6506,77.2303
2026-07-20 10:00:00,28.3,89,977.4,chandni_chowk,28.6506,77.2303
2026-07-20 11:00:00,32.2,70,977.2,chandni_chowk,28.6506,77.2303
2026-07-20 12:00:00,30.0,79,977.2,chandni_chowk,28.6506,77.2303
2026-07-20 13:00:00,30.6,77,976.5,chandni_chowk,28.6506,77.2303
2026-07-20 14:00:00,30.0,80,975.9,chandni_chowk,28.6506,77.2303
2026-07-20 15:00:00,30.6,79,975.2,chandni_chowk,28.6506,77.2303
2026-07-20 16:00:00,31.1,77,975.0,chandni_chowk,28.6506,77.2303
2026-07-20 17:00:00,30.0,79,976.2,chandni_chowk,28.6506,77.2303
2026-07-20 18:00:00,27.2,93,976.3,chandni_chowk,28.6506,77.2303
2026-07-20 19:00:00,27.2,95,976.0,chandni_chowk,28.6506,77.2303
2026-07-20 20:00:00,27.5,94,976.7,chandni_chowk,28.6506,77.2303
2026-07-20 21:00:00,27.7,94,977.4,chandni_chowk,28.6506,77.2303
2026-07-20 22:00:00,27.7,91,977.9,chandni_chowk,28.6506,77.2303
2026-07-20 23:00:00,27.0,95,977.8,chandni_chowk,28.6506,77.2303
2026-07-21 00:00:00,27.1,91,977.2,chandni_chowk,28.6506,77.2303
2026-07-21 01:00:00,26.7,93,976.7,chandni_chowk,28.6506,77.2303
2026-07-21 02:00:00,26.6,92,976.7,chandni_chowk,28.6506,77.2303
2026-07-21 03:00:00,26.4,93,976.3,chandni_chowk,28.6506,77.2303
2026-07-21 04:00:00,26.1,93,976.4,chandni_chowk,28.6506,77.2303
2026-07-21 05:00:00,26.2,93,976.1,chandni_chowk,28.6506,77.2303
2026-07-21 06:00:00,26.1,92,976.9,chandni_chowk,28.6506,77.2303
2026-07-21 07:00:00,26.1,93,976.9,chandni_chowk,28.6506,77.2303
2026-07-21 08:00:00,26.6,91,977.2,chandni_chowk,28.6506,77.2303
2026-07-21 09:00:00,27.5,85,977.2,chandni_chowk,28.6506,77.2303
2026-07-21 10:00:00,28.5,80,977.3,chandni_chowk,28.6506,77.2303
2026-07-21 11:00:00,27.5,91,977.1,chandni_chowk,28.6506,77.2303
2026-07-21 12:00:00,28.7,89,976.5,chandni_chowk,28.6506,77.2303
2026-07-21 13:00:00,30.3,80,975.8,chandni_chowk,28.6506,77.2303
2026-07-21 14:00:00,28.7,83,975.3,chandni_chowk,28.6506,77.2303
2026-07-21 15:00:00,28.4,87,974.9,chandni_chowk,28.6506,77.2303
2026-07-21 16:00:00,29.2,83,974.3,chandni_chowk,28.6506,77.2303
2026-07-21 17:00:00,29.7,80,974.0,chandni_chowk,28.6506,77.2303
2026-07-21 18:00:00,29.5,77,974.5,chandni_chowk,28.6506,77.2303
2026-07-21 19:00:00,28.8,84,975.3,chandni_chowk,28.6506,77.2303
2026-07-21 20:00:00,28.4,85,975.9,chandni_chowk,28.6506,77.2303
2026-07-21 21:00:00,28.1,87,976.6,chandni_chowk,28.6506,77.2303
2026-07-21 22:00:00,27.7,87,977.1,chandni_chowk,28.6506,77.2303
2026-07-21 23:00:00,27.1,93,976.9,chandni_chowk,28.6506,77.2303
2026-07-22 00:00:00,26.8,92,976.4,chandni_chowk,28.6506,77.2303
2026-07-22 01:00:00,26.5,94,975.9,chandni_chowk,28.6506,77.2303
2026-07-22 02:00:00,26.7,95,975.4,chandni_chowk,28.6506,77.2303
2026-07-22 03:00:00,25.9,96,975.6,chandni_chowk,28.6506,77.2303
2026-07-22 04:00:00,25.6,96,976.2,chandni_chowk,28.6506,77.2303
2026-07-22 05:00:00,26.2,94,975.7,chandni_chowk,28.6506,77.2303
2026-07-22 06:00:00,26.1,95,976.1,chandni_chowk,28.6506,77.2303
2026-07-22 07:00:00,26.8,90,976.4,chandni_chowk,28.6506,77.2303
2026-07-22 08:00:00,27.2,86,976.9,chandni_chowk,28.6506,77.2303
2026-07-22 09:00:00,29.0,76,976.9,chandni_chowk,28.6506,77.2303
2026-07-22 10:00:00,30.0,73,976.8,chandni_chowk,28.6506,77.2303
2026-07-22 11:00:00,30.9,66,976.6,chandni_chowk,28.6506,77.2303
2026-07-22 12:00:00,31.5,66,976.4,chandni_chowk,28.6506,77.2303
2026-07-22 13:00:00,31.6,67,975.5,chandni_chowk,28.6506,77.2303
2026-07-22 14:00:00,32.0,66,974.5,chandni_chowk,28.6506,77.2303
2026-07-22 15:00:00,32.0,66,973.9,chandni_chowk,28.6506,77.2303
2026-07-22 16:00:00,31.7,66,973.1,chandni_chowk,28.6506,77.2303
2026-07-22 17:00:00,28.3,88,973.7,chandni_chowk,28.6506,77.2303
2026-07-22 18:00:00,28.9,87,974.1,chandni_chowk,28.6506,77.2303
2026-07-22 19:00:00,28.8,90,974.6,chandni_chowk,28.6506,77.2303
2026-07-22 20:00:00,29.1,90,975.2,chandni_chowk,28.6506,77.2303
2026-07-22 21:00:00,29.1,84,975.6,chandni_chowk,28.6506,77.2303
2026-07-22 22:00:00,28.6,83,975.8,chandni_chowk,28.6506,77.2303
2026-07-22 23:00:00,28.5,83,975.5,chandni_chowk,28.6506,77.2303
2026-07-23 00:00:00,28.4,83,975.3,chandni_chowk,28.6506,77.2303
2026-07-23 01:00:00,28.0,84,974.7,chandni_chowk,28.6506,77.2303
2026-07-23 02:00:00,27.8,85,974.4,chandni_chowk,28.6506,77.2303
2026-07-23 03:00:00,27.5,85,974.2,chandni_chowk,28.6506,77.2303
2026-07-23 04:00:00,27.3,85,974.4,chandni_chowk,28.6506,77.2303
2026-07-23 05:00:00,26.9,92,974.4,chandni_chowk,28.6506,77.2303
2026-07-23 06:00:00,26.6,92,974.8,chandni_chowk,28.6506,77.2303
2026-07-23 07:00:00,26.8,88,974.9,chandni_chowk,28.6506,77.2303
2026-07-23 08:00:00,28.0,81,975.3,chandni_chowk,28.6506,77.2303
2026-07-23 09:00:00,29.0,79,975.0,chandni_chowk,28.6506,77.2303
2026-07-23 10:00:00,30.6,73,974.9,chandni_chowk,28.6506,77.2303
2026-07-23 11:00:00,31.2,66,975.0,chandni_chowk,28.6506,77.2303
2026-07-23 12:00:00,31.9,63,974.3,chandni_chowk,28.6506,77.2303
2026-07-23 13:00:00,32.3,62,973.5,chandni_chowk,28.6506,77.2303
2026-07-23 14:00:00,32.5,62,972.8,chandni_chowk,28.6506,77.2303
2026-07-23 15:00:00,30.4,74,972.6,chandni_chowk,28.6506,77.2303
2026-07-23 16:00:00,31.0,74,972.0,chandni_chowk,28.6506,77.2303
2026-07-23 17:00:00,31.9,65,972.1,chandni_chowk,28.6506,77.2303
2026-07-23 18:00:00,30.8,70,972.8,chandni_chowk,28.6506,77.2303
2026-07-23 19:00:00,30.2,74,973.2,chandni_chowk,28.6506,77.2303
2026-07-23 20:00:00,29.6,78,973.9,chandni_chowk,28.6506,77.2303
2026-07-23 21:00:00,26.6,93,975.1,chandni_chowk,28.6506,77.2303
2026-07-23 22:00:00,26.9,91,974.8,chandni_chowk,28.6506,77.2303
2026-07-23 23:00:00,27.6,87,974.9,chandni_chowk,28.6506,77.2303
2026-07-24 00:00:00,27.2,87,974.6,chandni_chowk,28.6506,77.2303
2026-07-24 01:00:00,27.1,88,974.4,chandni_chowk,28.6506,77.2303
2026-07-24 02:00:00,27.0,89,973.8,chandni_chowk,28.6506,77.2303
2026-07-24 03:00:00,26.8,90,973.9,chandni_chowk,28.6506,77.2303
2026-07-24 04:00:00,26.6,90,973.8,chandni_chowk,28.6506,77.2303
2026-07-24 05:00:00,25.8,94,974.1,chandni_chowk,28.6506,77.2303
2026-07-24 06:00:00,26.0,94,973.7,chandni_chowk,28.6506,77.2303
2026-07-24 07:00:00,26.9,90,974.2,chandni_chowk,28.6506,77.2303
2026-07-24 08:00:00,28.4,82,974.2,chandni_chowk,28.6506,77.2303
2026-07-24 09:00:00,29.6,75,974.6,chandni_chowk,28.6506,77.2303
2026-07-24 10:00:00,30.4,72,974.7,chandni_chowk,28.6506,77.2303
2026-07-24 11:00:00,31.0,73,975.0,chandni_chowk,28.6506,77.2303
2026-07-24 12:00:00,31.6,70,974.6,chandni_chowk,28.6506,77.2303
2026-07-24 13:00:00,31.5,70,973.5,chandni_chowk,28.6506,77.2303
2026-07-24 14:00:00,29.0,80,973.5,chandni_chowk,28.6506,77.2303
2026-07-24 15:00:00,29.5,81,972.4,chandni_chowk,28.6506,77.2303
2026-07-24 16:00:00,30.7,73,971.8,chandni_chowk,28.6506,77.2303
2026-07-24 17:00:00,30.4,80,971.4,chandni_chowk,28.6506,77.2303
2026-07-24 18:00:00,30.4,81,972.0,chandni_chowk,28.6506,77.2303
2026-07-24 19:00:00,29.9,83,972.9,chandni_chowk,28.6506,77.2303
2026-07-24 20:00:00,29.5,83,974.0,chandni_chowk,28.6506,77.2303
2026-07-24 21:00:00,29.0,83,974.9,chandni_chowk,28.6506,77.2303
2026-07-24 22:00:00,28.8,83,975.3,chandni_chowk,28.6506,77.2303
2026-07-24 23:00:00,28.6,85,975.1,chandni_chowk,28.6506,77.2303
2026-07-25 00:00:00,28.5,83,975.0,chandni_chowk,28.6506,77.2303
2026-07-25 01:00:00,28.2,83,975.1,chandni_chowk,28.6506,77.2303
2026-07-25 02:00:00,27.9,86,975.2,chandni_chowk,28.6506,77.2303
2026-07-25 03:00:00,27.8,88,975.0,chandni_chowk,28.6506,77.2303
2026-07-25 04:00:00,27.6,89,975.0,chandni_chowk,28.6506,77.2303
2026-07-25 05:00:00,27.2,92,974.9,chandni_chowk,28.6506,77.2303
2026-07-25 06:00:00,27.5,91,976.0,chandni_chowk,28.6506,77.2303
2026-07-25 07:00:00,28.7,81,976.4,chandni_chowk,28.6506,77.2303
2026-07-25 08:00:00,28.6,82,976.7,chandni_chowk,28.6506,77.2303
2026-07-25 09:00:00,29.5,81,977.1,chandni_chowk,28.6506,77.2303
2026-07-25 10:00:00,30.0,77,977.3,chandni_chowk,28.6506,77.2303
2026-07-25 11:00:00,31.5,67,977.0,chandni_chowk,28.6506,77.2303
2026-07-25 12:00:00,31.5,66,976.3,chandni_chowk,28.6506,77.2303
2026-07-25 13:00:00,32.4,63,975.8,chandni_chowk,28.6506,77.2303
2026-07-25 14:00:00,32.6,61,975.0,chandni_chowk,28.6506,77.2303
2026-07-25 15:00:00,32.5,62,974.7,chandni_chowk,28.6506,77.2303
2026-07-25 16:00:00,31.2,70,974.2,chandni_chowk,28.6506,77.2303
2026-07-25 17:00:00,30.0,75,974.4,chandni_chowk,28.6506,77.2303
2026-07-25 18:00:00,29.4,83,974.9,chandni_chowk,28.6506,77.2303
2026-07-25 19:00:00,28.8,86,975.7,chandni_chowk,28.6506,77.2303
2026-07-25 20:00:00,28.3,88,976.7,chandni_chowk,28.6506,77.2303
2026-07-25 21:00:00,27.9,89,977.3,chandni_chowk,28.6506,77.2303
2026-07-25 22:00:00,27.7,89,977.5,chandni_chowk,28.6506,77.2303
2026-07-25 23:00:00,27.3,94,976.9,chandni_chowk,28.6506,77.2303
2026-07-26 00:00:00,27.4,96,976.8,chandni_chowk,28.6506,77.2303
2026-07-26 01:00:00,27.6,95,976.4,chandni_chowk,28.6506,77.2303
2026-07-26 02:00:00,27.5,95,976.1,chandni_chowk,28.6506,77.2303
2026-07-26 03:00:00,27.4,95,976.1,chandni_chowk,28.6506,77.2303
2026-07-26 04:00:00,27.3,95,976.2,chandni_chowk,28.6506,77.2303
2026-07-26 05:00:00,28.1,95,976.0,chandni_chowk,28.6506,77.2303
2026-07-26 06:00:00,28.0,93,976.2,chandni_chowk,28.6506,77.2303
2026-07-26 07:00:00,28.7,87,976.5,chandni_chowk,28.6506,77.2303
2026-07-26 08:00:00,29.1,87,976.8,chandni_chowk,28.6506,77.2303
2026-07-26 09:00:00,30.5,80,976.6,chandni_chowk,28.6506,77.2303
2026-07-26 10:00:00,31.5,74,977.0,chandni_chowk,28.6506,77.2303
2026-07-26 11:00:00,32.5,71,977.1,chandni_chowk,28.6506,77.2303
2026-07-26 12:00:00,33.0,69,976.8,chandni_chowk,28.6506,77.2303
2026-07-26 13:00:00,33.6,68,976.3,chandni_chowk,28.6506,77.2303
2026-07-26 14:00:00,33.4,68,975.3,chandni_chowk,28.6506,77.2303
2026-07-26 15:00:00,33.5,68,974.6,chandni_chowk,28.6506,77.2303
2026-07-26 16:00:00,33.2,70,973.9,chandni_chowk,28.6506,77.2303
2026-07-26 17:00:00,33.3,64,973.6,chandni_chowk,28.6506,77.2303
2026-07-26 18:00:00,32.7,69,973.7,chandni_chowk,28.6506,77.2303
2026-07-26 19:00:00,31.8,78,974.0,chandni_chowk,28.6506,77.2303
2026-07-26 20:00:00,31.5,81,974.4,chandni_chowk,28.6506,77.2303
2026-07-26 21:00:00,31.4,82,975.0,chandni_chowk,28.6506,77.2303
2026-07-26 22:00:00,31.0,83,975.4,chandni_chowk,28.6506,77.2303
2026-07-26 23:00:00,30.8,86,974.8,chandni_chowk,28.6506,77.2303
2026-07-27 00:00:00,30.3,86,974.6,chandni_chowk,28.6506,77.2303
2026-07-27 01:00:00,29.9,89,973.9,chandni_chowk,28.6506,77.2303
2026-07-27 02:00:00,29.7,90,973.5,chandni_chowk,28.6506,77.2303
2026-07-27 03:00:00,29.6,89,973.5,chandni_chowk,28.6506,77.2303
2026-07-27 04:00:00,29.4,89,973.6,chandni_chowk,28.6506,77.2303
2026-07-27 05:00:00,29.3,90,973.6,chandni_chowk,28.6506,77.2303
2026-07-27 06:00:00,29.3,90,973.7,chandni_chowk,28.6506,77.2303
2026-07-27 07:00:00,30.2,85,974.0,chandni_chowk,28.6506,77.2303
2026-07-27 08:00:00,31.6,75,974.2,chandni_chowk,28.6506,77.2303
2026-07-27 09:00:00,32.6,69,974.1,chandni_chowk,28.6506,77.2303
2026-07-27 10:00:00,33.4,65,974.4,chandni_chowk,28.6506,77.2303
2026-07-27 11:00:00,34.5,52,973.9,chandni_chowk,28.6506,77.2303
2026-07-27 12:00:00,35.3,50,974.0,chandni_chowk,28.6506,77.2303
2026-07-27 13:00:00,35.7,50,973.2,chandni_chowk,28.6506,77.2303
2026-07-27 14:00:00,35.4,52,972.3,chandni_chowk,28.6506,77.2303
2026-07-27 15:00:00,33.6,56,971.6,chandni_chowk,28.6506,77.2303
2026-07-27 16:00:00,34.0,56,971.6,chandni_chowk,28.6506,77.2303
2026-07-27 17:00:00,33.4,58,971.6,chandni_chowk,28.6506,77.2303
2026-07-27 18:00:00,32.6,65,971.5,chandni_chowk,28.6506,77.2303
2026-07-27 19:00:00,31.8,71,971.7,chandni_chowk,28.6506,77.2303
2026-07-27 20:00:00,30.8,79,972.5,chandni_chowk,28.6506,77.2303
2026-07-27 21:00:00,29.7,84,973.1,chandni_chowk,28.6506,77.2303
2026-07-27 22:00:00,29.3,84,973.8,chandni_chowk,28.6506,77.2303
2026-07-27 23:00:00,30.3,85,973.3,chandni_chowk,28.6506,77.2303
2026-07-28 00:00:00,28.6,89,973.6,chandni_chowk,28.6506,77.2303
2026-07-28 01:00:00,26.9,95,973.7,chandni_chowk,28.6506,77.2303
2026-07-28 02:00:00,26.7,95,973.3,chandni_chowk,28.6506,77.2303
2026-07-28 03:00:00,26.0,96,972.8,chandni_chowk,28.6506,77.2303
2026-07-28 04:00:00,25.9,97,972.7,chandni_chowk,28.6506,77.2303
2026-07-28 05:00:00,28.8,92,972.3,chandni_chowk,28.6506,77.2303
2026-07-28 06:00:00,28.6,93,972.8,chandni_chowk,28.6506,77.2303
2026-07-28 07:00:00,28.9,90,973.1,chandni_chowk,28.6506,77.2303
2026-07-28 08:00:00,27.9,88,973.7,chandni_chowk,28.6506,77.2303
2026-07-28 09:00:00,27.6,91,974.4,chandni_chowk,28.6506,77.2303
2026-07-28 10:00:00,27.2,93,975.3,chandni_chowk,28.6506,77.2303
2026-07-28 11:00:00,27.3,93,975.1,chandni_chowk,28.6506,77.2303
2026-07-28 12:00:00,27.1,94,974.4,chandni_chowk,28.6506,77.2303
2026-07-28 13:00:00,26.9,93,974.3,chandni_chowk,28.6506,77.2303
2026-07-28 14:00:00,27.4,90,973.3,chandni_chowk,28.6506,77.2303
2026-07-28 15:00:00,27.9,85,972.6,chandni_chowk,28.6506,77.2303
2026-07-28 16:00:00,27.7,86,972.1,chandni_chowk,28.6506,77.2303
2026-07-28 17:00:00,30.5,74,972.2,chandni_chowk,28.6506,77.2303
2026-07-28 18:00:00,29.9,77,972.4,chandni_chowk,28.6506,77.2303
2026-07-28 19:00:00,29.0,83,972.9,chandni_chowk,28.6506,77.2303
2026-07-28 20:00:00,28.5,85,973.6,chandni_chowk,28.6506,77.2303
2026-07-28 21:00:00,28.3,87,974.5,chandni_chowk,28.6506,77.2303
2026-07-28 22:00:00,28.0,89,975.0,chandni_chowk,28.6506,77.2303
2026-07-28 23:00:00,27.6,90,974.8,chandni_chowk,28.6506,77.2303
2026-07-29 00:00:00,27.4,92,974.8,chandni_chowk,28.6506,77.2303
2026-07-29 01:00:00,26.9,96,974.7,chandni_chowk,28.6506,77.2303
2026-07-29 02:00:00,26.7,97,974.2,chandni_chowk,28.6506,77.2303
2026-07-29 03:00:00,26.6,97,974.2,chandni_chowk,28.6506,77.2303
2026-07-29 04:00:00,26.6,98,974.5,chandni_chowk,28.6506,77.2303
2026-07-29 05:00:00,27.0,96,974.1,chandni_chowk,28.6506,77.2303
2026-07-29 06:00:00,26.3,98,974.7,chandni_chowk,28.6506,77.2303
2026-07-29 07:00:00,26.5,99,975.2,chandni_chowk,28.6506,77.2303
2026-07-29 08:00:00,27.0,95,975.3,chandni_chowk,28.6506,77.2303
2026-07-29 09:00:00,28.3,85,975.7,chandni_chowk,28.6506,77.2303
2026-07-29 10:00:00,28.9,82,975.8,chandni_chowk,28.6506,77.2303
2026-07-29 11:00:00,30.5,76,975.3,chandni_chowk,28.6506,77.2303
2026-07-29 12:00:00,31.9,71,975.1,chandni_chowk,28.6506,77.2303
2026-07-29 13:00:00,32.3,69,974.5,chandni_chowk,28.6506,77.2303
2026-07-29 14:00:00,32.6,68,973.6,chandni_chowk,28.6506,77.2303
2026-07-29 15:00:00,32.1,70,973.0,chandni_chowk,28.6506,77.2303
2026-07-29 16:00:00,31.1,78,972.3,chandni_chowk,28.6506,77.2303
2026-07-29 17:00:00,33.0,64,972.0,chandni_chowk,28.6506,77.2303
2026-07-29 18:00:00,32.2,69,972.0,chandni_chowk,28.6506,77.2303
2026-07-29 19:00:00,31.1,78,972.7,chandni_chowk,28.6506,77.2303
2026-07-29 20:00:00,30.5,82,973.6,chandni_chowk,28.6506,77.2303
2026-07-29 21:00:00,30.0,84,974.5,chandni_chowk,28.6506,77.2303
2026-07-29 22:00:00,29.5,88,974.7,chandni_chowk,28.6506,77.2303
2026-07-29 23:00:00,29.9,85,974.3,chandni_chowk,28.6506,77.2303
2026-07-30 00:00:00,29.2,89,974.0,chandni_chowk,28.6506,77.2303
2026-07-30 01:00:00,28.9,88,973.8,chandni_chowk,28.6506,77.2303
2026-07-30 02:00:00,25.9,96,973.8,chandni_chowk,28.6506,77.2303
2026-07-30 03:00:00,26.1,97,973.3,chandni_chowk,28.6506,77.2303
2026-07-30 04:00:00,26.4,99,973.1,chandni_chowk,28.6506,77.2303
2026-07-30 05:00:00,28.9,92,972.7,chandni_chowk,28.6506,77.2303
2026-07-30 06:00:00,28.6,94,973.0,chandni_chowk,28.6506,77.2303
2026-07-30 07:00:00,28.8,85,973.9,chandni_chowk,28.6506,77.2303
2026-07-30 08:00:00,29.3,83,974.4,chandni_chowk,28.6506,77.2303
2026-07-30 09:00:00,30.9,75,974.7,chandni_chowk,28.6506,77.2303
2026-07-30 10:00:00,32.1,70,975.1,chandni_chowk,28.6506,77.2303
2026-07-30 11:00:00,32.6,67,974.9,chandni_chowk,28.6506,77.2303
2026-07-30 12:00:00,32.8,65,974.5,chandni_chowk,28.6506,77.2303
2026-07-30 13:00:00,33.0,66,974.2,chandni_chowk,28.6506,77.2303
2026-07-30 14:00:00,33.2,66,973.3,chandni_chowk,28.6506,77.2303
2026-07-30 15:00:00,33.5,63,972.5,chandni_chowk,28.6506,77.2303
2026-07-30 16:00:00,33.7,57,971.9,chandni_chowk,28.6506,77.2303
2026-07-30 17:00:00,31.3,74,971.8,chandni_chowk,28.6506,77.2303
2026-07-30 18:00:00,28.8,84,972.3,chandni_chowk,28.6506,77.2303
2026-07-30 19:00:00,28.8,86,973.0,chandni_chowk,28.6506,77.2303
2026-07-30 20:00:00,28.7,90,973.7,chandni_chowk,28.6506,77.2303
2026-07-30 21:00:00,28.4,91,974.5,chandni_chowk,28.6506,77.2303
2026-07-30 22:00:00,28.4,90,974.8,chandni_chowk,28.6506,77.2303
2026-07-30 23:00:00,29.1,89,974.5,chandni_chowk,28.6506,77.2303
2026-07-31 00:00:00,28.8,90,974.1,chandni_chowk,28.6506,77.2303
2026-07-31 01:00:00,28.7,88,974.0,chandni_chowk,28.6506,77.2303
2026-07-31 02:00:00,28.5,87,974.0,chandni_chowk,28.6506,77.2303
2026-07-31 03:00:00,28.3,87,973.9,chandni_chowk,28.6506,77.2303
2026-07-31 04:00:00,28.0,86,974.2,chandni_chowk,28.6506,77.2303
2026-07-31 05:00:00,28.3,83,973.9,chandni_chowk,28.6506,77.2303
2026-07-31 06:00:00,28.1,84,974.4,chandni_chowk,28.6506,77.2303
2026-07-31 07:00:00,28.7,81,974.9,chandni_chowk,28.6506,77.2303
2026-07-31 08:00:00,29.0,79,975.2,chandni_chowk,28.6506,77.2303
2026-07-31 09:00:00,29.7,75,975.5,chandni_chowk,28.6506,77.2303
2026-07-31 10:00:00,30.2,72,975.6,chandni_chowk,28.6506,77.2303
2026-07-31 11:00:00,30.9,70,975.8,chandni_chowk,28.6506,77.2303
2026-07-31 12:00:00,31.3,66,975.2,chandni_chowk,28.6506,77.2303
2026-07-31 13:00:00,31.6,67,974.4,chandni_chowk,28.6506,77.2303
2026-07-31 14:00:00,32.4,67,973.5,chandni_chowk,28.6506,77.2303
2026-07-31 15:00:00,32.6,66,972.5,chandni_chowk,28.6506,77.2303
2026-07-31 16:00:00,31.8,69,972.0,chandni_chowk,28.6506,77.2303
2026-07-31 17:00:00,31.8,69,972.0,chandni_chowk,28.6506,77.2303
2026-07-31 18:00:00,31.2,73,972.6,chandni_chowk,28.6506,77.2303
2026-07-31 19:00:00,30.3,79,973.2,chandni_chowk,28.6506,77.2303
2026-07-31 20:00:00,29.9,82,973.9,chandni_chowk,28.6506,77.2303
2026-07-31 21:00:00,29.7,82,974.7,chandni_chowk,28.6506,77.2303
2026-07-31 22:00:00,29.2,84,975.1,chandni_chowk,28.6506,77.2303
2026-07-31 23:00:00,28.4,86,974.6,chandni_chowk,28.6506,77.2303
2026-08-01 00:00:00,28.7,86,974.5,chandni_chowk,28.6506,77.2303
2026-08-01 01:00:00,27.8,90,974.5,chandni_chowk,28.6506,77.2303
2026-08-01 02:00:00,27.7,87,974.0,chandni_chowk,28.6506,77.2303
2026-08-01 03:00:00,27.6,88,974.0,chandni_chowk,28.6506,77.2303
2026-08-01 04:00:00,27.6,89,974.1,chandni_chowk,28.6506,77.2303
2026-08-01 05:00:00,27.0,93,974.1,chandni_chowk,28.6506,77.2303
2026-08-01 06:00:00,26.8,92,974.5,chandni_chowk,28.6506,77.2303
2026-08-01 07:00:00,27.1,88,975.0,chandni_chowk,28.6506,77.2303
2026-08-01 08:00:00,27.9,83,974.9,chandni_chowk,28.6506,77.2303
2026-08-01 09:00:00,29.7,76,974.9,chandni_chowk,28.6506,77.2303
2026-08-01 10:00:00,31.0,70,974.9,chandni_chowk,28.6506,77.2303
2026-08-01 11:00:00,32.0,66,974.7,chandni_chowk,28.6506,77.2303
2026-08-01 12:00:00,32.6,66,974.0,chandni_chowk,28.6506,77.2303
2026-08-01 13:00:00,32.4,67,973.5,chandni_chowk,28.6506,77.2303
2026-08-01 14:00:00,31.1,73,972.9,chandni_chowk,28.6506,77.2303
2026-08-01 15:00:00,31.3,74,972.1,chandni_chowk,28.6506,77.2303
2026-08-01 16:00:00,31.8,71,971.6,chandni_chowk,28.6506,77.2303
2026-08-01 17:00:00,30.4,80,972.1,chandni_chowk,28.6506,77.2303
2026-08-01 18:00:00,30.7,78,972.5,chandni_chowk,28.6506,77.2303
2026-08-01 19:00:00,30.2,82,972.9,chandni_chowk,28.6506,77.2303
2026-08-01 20:00:00,29.9,84,973.6,chandni_chowk,28.6506,77.2303
2026-08-01 21:00:00,29.6,85,974.5,chandni_chowk,28.6506,77.2303
2026-08-01 22:00:00,29.4,85,974.8,chandni_chowk,28.6506,77.2303
2026-08-01 23:00:00,26.7,90,974.8,chandni_chowk,28.6506,77.2303
2026-08-02 00:00:00,26.9,91,974.3,chandni_chowk,28.6506,77.2303
2026-08-02 01:00:00,27.0,92,974.7,chandni_chowk,28.6506,77.2303
2026-08-02 02:00:00,27.0,93,974.6,chandni_chowk,28.6506,77.2303
2026-08-02 03:00:00,26.9,94,974.0,chandni_chowk,28.6506,77.2303
2026-08-02 04:00:00,26.9,94,974.5,chandni_chowk,28.6506,77.2303
2026-08-02 05:00:00,27.1,96,974.7,chandni_chowk,28.6506,77.2303
2026-08-02 06:00:00,26.5,96,975.3,chandni_chowk,28.6506,77.2303
2026-08-02 07:00:00,27.1,94,975.4,chandni_chowk,28.6506,77.2303
2026-08-02 08:00:00,28.8,85,975.7,chandni_chowk,28.6506,77.2303
2026-08-02 09:00:00,30.6,76,975.6,chandni_chowk,28.6506,77.2303
2026-08-02 10:00:00,32.0,68,975.6,chandni_chowk,28.6506,77.2303
2026-08-02 11:00:00,33.7,59,975.5,chandni_chowk,28.6506,77.2303
2026-08-02 12:00:00,33.4,61,975.2,chandni_chowk,28.6506,77.2303
2026-08-02 13:00:00,32.4,65,975.0,chandni_chowk,28.6506,77.2303
2026-08-02 14:00:00,32.5,68,974.0,chandni_chowk,28.6506,77.2303
2026-08-02 15:00:00,33.0,65,973.3,chandni_chowk,28.6506,77.2303
2026-08-02 16:00:00,33.0,64,972.9,chandni_chowk,28.6506,77.2303
2026-08-02 17:00:00,29.2,84,973.8,chandni_chowk,28.6506,77.2303
2026-08-02 18:00:00,27.9,90,974.3,chandni_chowk,28.6506,77.2303
2026-08-02 19:00:00,27.5,94,973.9,chandni_chowk,28.6506,77.2303
2026-08-02 20:00:00,27.7,95,974.8,chandni_chowk,28.6506,77.2303
2026-08-02 21:00:00,27.9,96,975.9,chandni_chowk,28.6506,77.2303
2026-08-02 22:00:00,27.9,97,976.2,chandni_chowk,28.6506,77.2303
2026-08-02 23:00:00,28.8,96,975.6,chandni_chowk,28.6506,77.2303
2026-08-03 00:00:00,28.5,97,975.3,chandni_chowk,28.6506,77.2303
2026-08-03 01:00:00,28.3,96,975.2,chandni_chowk,28.6506,77.2303
2026-08-03 02:00:00,27.7,94,974.9,chandni_chowk,28.6506,77.2303
2026-08-03 03:00:00,27.4,94,974.6,chandni_chowk,28.6506,77.2303
2026-08-03 04:00:00,27.3,95,974.7,chandni_chowk,28.6506,77.2303
2026-08-03 05:00:00,27.7,95,974.5,chandni_chowk,28.6506,77.2303
2026-08-03 06:00:00,27.1,97,975.1,chandni_chowk,28.6506,77.2303
2026-08-03 07:00:00,27.7,93,975.3,chandni_chowk,28.6506,77.2303
2026-08-03 08:00:00,28.7,87,976.2,chandni_chowk,28.6506,77.2303
2026-08-03 09:00:00,29.6,81,976.4,chandni_chowk,28.6506,77.2303
2026-08-03 10:00:00,30.8,77,976.6,chandni_chowk,28.6506,77.2303
2026-08-03 11:00:00,31.7,71,976.3,chandni_chowk,28.6506,77.2303
2026-08-03 12:00:00,33.3,65,976.0,chandni_chowk,28.6506,77.2303
2026-08-03 13:00:00,34.1,62,975.8,chandni_chowk,28.6506,77.2303
2026-08-03 14:00:00,31.9,68,974.9,chandni_chowk,28.6506,77.2303
2026-08-03 15:00:00,31.6,74,975.0,chandni_chowk,28.6506,77.2303
2026-08-03 16:00:00,31.3,74,974.2,chandni_chowk,28.6506,77.2303
2026-08-03 17:00:00,33.3,67,973.6,chandni_chowk,28.6506,77.2303
2026-08-03 18:00:00,30.6,75,973.5,chandni_chowk,28.6506,77.2303
2026-08-03 19:00:00,27.4,93,975.3,chandni_chowk,28.6506,77.2303
2026-08-03 20:00:00,27.4,95,975.9,chandni_chowk,28.6506,77.2303
2026-08-03 21:00:00,27.4,94,976.7,chandni_chowk,28.6506,77.2303
2026-08-03 22:00:00,27.2,94,976.9,chandni_chowk,28.6506,77.2303
2026-08-03 23:00:00,26.7,97,976.7,chandni_chowk,28.6506,77.2303
2026-08-04 00:00:00,27.1,96,976.3,chandni_chowk,28.6506,77.2303
2026-08-04 01:00:00,27.0,97,975.9,chandni_chowk,28.6506,77.2303
2026-08-04 02:00:00,26.7,98,975.8,chandni_chowk,28.6506,77.2303
2026-08-04 03:00:00,26.7,97,976.1,chandni_chowk,28.6506,77.2303
2026-08-04 04:00:00,26.7,97,976.0,chandni_chowk,28.6506,77.2303
2026-08-04 05:00:00,27.0,96,975.4,chandni_chowk,28.6506,77.2303
2026-08-04 06:00:00,26.6,97,976.3,chandni_chowk,28.6506,77.2303
2026-08-04 07:00:00,27.1,93,976.5,chandni_chowk,28.6506,77.2303
2026-08-04 08:00:00,28.0,88,977.0,chandni_chowk,28.6506,77.2303
2026-08-04 09:00:00,29.7,79,977.3,chandni_chowk,28.6506,77.2303
2026-08-04 10:00:00,30.6,77,977.9,chandni_chowk,28.6506,77.2303
2026-08-04 11:00:00,28.9,85,977.7,chandni_chowk,28.6506,77.2303
2026-08-04 12:00:00,28.2,91,977.3,chandni_chowk,28.6506,77.2303
2026-08-04 13:00:00,28.8,85,976.8,chandni_chowk,28.6506,77.2303
2026-08-04 14:00:00,29.1,84,976.3,chandni_chowk,28.6506,77.2303
2026-08-04 15:00:00,29.5,82,975.6,chandni_chowk,28.6506,77.2303
2026-08-04 16:00:00,29.1,83,974.7,chandni_chowk,28.6506,77.2303
2026-08-04 17:00:00,27.5,92,975.1,chandni_chowk,28.6506,77.2303
2026-08-04 18:00:00,27.3,94,975.1,chandni_chowk,28.6506,77.2303
2026-08-04 19:00:00,27.2,95,975.4,chandni_chowk,28.6506,77.2303
2026-08-04 20:00:00,27.3,96,976.0,chandni_chowk,28.6506,77.2303
2026-08-04 21:00:00,27.3,96,976.8,chandni_chowk,28.6506,77.2303
2026-08-04 22:00:00,27.1,96,976.9,chandni_chowk,28.6506,77.2303
2026-08-04 23:00:00,27.7,96,976.1,chandni_chowk,28.6506,77.2303
2026-08-05 00:00:00,27.5,97,975.5,chandni_chowk,28.6506,77.2303
2026-08-05 01:00:00,27.4,99,975.2,chandni_chowk,28.6506,77.2303
2026-08-05 02:00:00,27.4,93,974.8,chandni_chowk,28.6506,77.2303
2026-08-05 03:00:00,27.0,92,974.8,chandni_chowk,28.6506,77.2303
2026-08-05 04:00:00,26.4,96,974.7,chandni_chowk,28.6506,77.2303
2026-08-05 05:00:00,26.1,95,974.6,chandni_chowk,28.6506,77.2303
2026-08-05 06:00:00,25.7,95,974.9,chandni_chowk,28.6506,77.2303
2026-08-05 07:00:00,26.8,94,975.0,chandni_chowk,28.6506,77.2303
2026-08-05 08:00:00,28.5,85,975.1,chandni_chowk,28.6506,77.2303
2026-08-05 09:00:00,30.0,77,975.2,chandni_chowk,28.6506,77.2303
2026-08-05 10:00:00,31.3,69,975.0,chandni_chowk,28.6506,77.2303
2026-08-05 11:00:00,31.6,71,975.1,chandni_chowk,28.6506,77.2303
2026-08-05 12:00:00,31.1,72,973.9,chandni_chowk,28.6506,77.2303
2026-08-05 13:00:00,31.9,69,973.6,chandni_chowk,28.6506,77.2303
2026-08-05 14:00:00,31.8,68,972.6,chandni_chowk,28.6506,77.2303
2026-08-05 15:00:00,33.0,62,972.2,chandni_chowk,28.6506,77.2303
2026-08-05 16:00:00,32.7,63,971.9,chandni_chowk,28.6506,77.2303
2026-08-05 17:00:00,28.3,94,972.0,chandni_chowk,28.6506,77.2303
2026-08-05 18:00:00,28.4,88,972.5,chandni_chowk,28.6506,77.2303
2026-08-05 19:00:00,28.1,90,973.4,chandni_chowk,28.6506,77.2303
2026-08-05 20:00:00,27.6,92,974.1,chandni_chowk,28.6506,77.2303
2026-08-05 21:00:00,27.8,93,974.7,chandni_chowk,28.6506,77.2303
2026-08-05 22:00:00,27.8,95,974.7,chandni_chowk,28.6506,77.2303
2026-08-05 23:00:00,27.3,100,974.3,chandni_chowk,28.6506,77.2303
2026-08-06 00:00:00,27.3,96,973.8,chandni_chowk,28.6506,77.2303
2026-08-06 01:00:00,26.4,95,973.8,chandni_chowk,28.6506,77.2303
2026-08-06 02:00:00,26.5,96,973.1,chandni_chowk,28.6506,77.2303
2026-08-06 03:00:00,26.8,95,973.2,chandni_chowk,28.6506,77.2303
2026-08-06 04:00:00,26.9,97,973.6,chandni_chowk,28.6506,77.2303
2026-08-06 05:00:00,27.4,95,973.1,chandni_chowk,28.6506,77.2303
2026-08-06 06:00:00,27.5,94,974.1,chandni_chowk,28.6506,77.2303
2026-08-06 07:00:00,27.7,92,974.9,chandni_chowk,28.6506,77.2303
2026-08-06 08:00:00,27.3,90,975.6,chandni_chowk,28.6506,77.2303
2026-08-06 09:00:00,27.0,88,976.1,chandni_chowk,28.6506,77.2303
2026-08-06 10:00:00,26.7,87,976.2,chandni_chowk,28.6506,77.2303
2026-08-06 11:00:00,26.8,85,976.1,chandni_chowk,28.6506,77.2303
2026-08-06 12:00:00,28.0,80,975.7,chandni_chowk,28.6506,77.2303
2026-08-06 13:00:00,27.5,84,975.2,chandni_chowk,28.6506,77.2303
2026-08-06 14:00:00,27.3,85,974.4,chandni_chowk,28.6506,77.2303
2026-08-06 15:00:00,27.2,87,974.2,chandni_chowk,28.6506,77.2303
2026-08-06 16:00:00,27.8,84,973.7,chandni_chowk,28.6506,77.2303
2026-08-06 17:00:00,27.7,90,973.4,chandni_chowk,28.6506,77.2303
2026-08-06 18:00:00,27.5,91,973.6,chandni_chowk,28.6506,77.2303
2026-08-06 19:00:00,27.3,92,974.2,chandni_chowk,28.6506,77.2303
2026-08-06 20:00:00,27.1,93,974.7,chandni_chowk,28.6506,77.2303
2026-08-06 21:00:00,27.0,94,975.1,chandni_chowk,28.6506,77.2303
2026-08-06 22:00:00,26.9,94,975.2,chandni_chowk,28.6506,77.2303
2026-08-06 23:00:00,26.7,93,975.4,chandni_chowk,28.6506,77.2303
2026-08-07 00:00:00,26.0,97,974.9,chandni_chowk,28.6506,77.2303
2026-08-07 01:00:00,26.0,97,974.6,chandni_chowk,28.6506,77.2303
2026-08-07 02:00:00,26.0,98,974.3,chandni_chowk,28.6506,77.2303
2026-08-07 03:00:00,25.9,99,974.1,chandni_chowk,28.6506,77.2303
2026-08-07 04:00:00,25.9,95,974.1,chandni_chowk,28.6506,77.2303
2026-08-07 05:00:00,26.3,97,973.7,chandni_chowk,28.6506,77.2303
2026-08-07 06:00:00,26.2,98,973.9,chandni_chowk,28.6506,77.2303
2026-08-07 07:00:00,25.9,96,974.7,chandni_chowk,28.6506,77.2303
2026-08-07 08:00:00,26.5,94,974.8,chandni_chowk,28.6506,77.2303
2026-08-07 09:00:00,26.6,92,975.1,chandni_chowk,28.6506,77.2303
2026-08-07 10:00:00,27.0,92,975.2,chandni_chowk,28.6506,77.2303
2026-08-07 11:00:00,27.3,90,975.0,chandni_chowk,28.6506,77.2303
2026-08-07 12:00:00,26.4,96,974.5,chandni_chowk,28.6506,77.2303
2026-08-07 13:00:00,27.2,95,973.9,chandni_chowk,28.6506,77.2303
2026-08-07 14:00:00,28.4,89,973.3,chandni_chowk,28.6506,77.2303
2026-08-07 15:00:00,29.5,82,972.8,chandni_chowk,28.6506,77.2303
2026-08-07 16:00:00,28.6,79,972.7,chandni_chowk,28.6506,77.2303
2026-08-07 17:00:00,27.2,92,973.0,chandni_chowk,28.6506,77.2303
2026-08-07 18:00:00,27.0,93,973.0,chandni_chowk,28.6506,77.2303
2026-08-07 19:00:00,26.7,95,973.8,chandni_chowk,28.6506,77.2303
2026-08-07 20:00:00,26.4,95,974.6,chandni_chowk,28.6506,77.2303
2026-08-07 21:00:00,25.7,97,975.2,chandni_chowk,28.6506,77.2303
2026-08-07 22:00:00,25.7,96,975.5,chandni_chowk,28.6506,77.2303
2026-08-07 23:00:00,25.9,97,975.3,chandni_chowk,28.6506,77.2303
2026-08-08 00:00:00,26.0,98,974.9,chandni_chowk,28.6506,77.2303
2026-08-08 01:00:00,25.8,96,974.5,chandni_chowk,28.6506,77.2303
2026-08-08 02:00:00,25.3,96,974.3,chandni_chowk,28.6506,77.2303
2026-08-08 03:00:00,24.9,99,974.3,chandni_chowk,28.6506,77.2303
2026-08-08 04:00:00,24.8,99,974.4,chandni_chowk,28.6506,77.2303
2026-08-08 05:00:00,25.5,96,974.1,chandni_chowk,28.6506,77.2303
2026-08-08 06:00:00,25.6,96,974.9,chandni_chowk,28.6506,77.2303
2026-08-08 07:00:00,26.0,95,975.1,chandni_chowk,28.6506,77.2303
2026-08-08 08:00:00,27.3,93,975.8,chandni_chowk,28.6506,77.2303
2026-08-08 09:00:00,29.6,85,976.0,chandni_chowk,28.6506,77.2303
2026-08-08 10:00:00,31.1,77,976.2,chandni_chowk,28.6506,77.2303
2026-08-08 11:00:00,29.6,80,976.6,chandni_chowk,28.6506,77.2303
2026-08-08 12:00:00,31.2,74,976.4,chandni_chowk,28.6506,77.2303
2026-08-08 13:00:00,30.8,73,975.7,chandni_chowk,28.6506,77.2303
2026-08-08 14:00:00,30.7,76,974.8,chandni_chowk,28.6506,77.2303
2026-08-08 15:00:00,32.3,66,974.3,chandni_chowk,28.6506,77.2303
2026-08-08 16:00:00,32.2,66,973.7,chandni_chowk,28.6506,77.2303
2026-08-08 17:00:00,31.1,73,974.5,chandni_chowk,28.6506,77.2303
2026-08-08 18:00:00,30.3,78,974.7,chandni_chowk,28.6506,77.2303
2026-08-08 19:00:00,29.4,82,974.9,chandni_chowk,28.6506,77.2303
2026-08-08 20:00:00,29.1,85,976.0,chandni_chowk,28.6506,77.2303
2026-08-08 21:00:00,28.9,87,976.8,chandni_chowk,28.6506,77.2303
2026-08-08 22:00:00,28.6,87,977.3,chandni_chowk,28.6506,77.2303
2026-08-08 23:00:00,29.1,89,977.1,chandni_chowk,28.6506,77.2303
2026-08-09 00:00:00,28.5,90,976.9,chandni_chowk,28.6506,77.2303
2026-08-09 01:00:00,28.2,90,976.6,chandni_chowk,28.6506,77.2303
2026-08-09 02:00:00,27.2,92,976.7,chandni_chowk,28.6506,77.2303
2026-08-09 03:00:00,26.9,94,976.7,chandni_chowk,28.6506,77.2303
2026-08-09 04:00:00,26.6,95,976.8,chandni_chowk,28.6506,77.2303
2026-08-09 05:00:00,25.3,97,976.7,chandni_chowk,28.6506,77.2303
2026-08-09 06:00:00,26.0,96,977.0,chandni_chowk,28.6506,77.2303
2026-08-09 07:00:00,27.3,93,977.5,chandni_chowk,28.6506,77.2303
2026-08-09 08:00:00,29.2,85,977.8,chandni_chowk,28.6506,77.2303
2026-08-09 09:00:00,30.8,79,977.9,chandni_chowk,28.6506,77.2303
2026-08-09 10:00:00,31.7,74,978.3,chandni_chowk,28.6506,77.2303
2026-08-09 11:00:00,32.6,68,977.6,chandni_chowk,28.6506,77.2303
2026-08-09 12:00:00,32.9,66,977.1,chandni_chowk,28.6506,77.2303
2026-08-09 13:00:00,33.6,62,976.5,chandni_chowk,28.6506,77.2303
2026-08-09 14:00:00,33.9,61,975.6,chandni_chowk,28.6506,77.2303
2026-08-09 15:00:00,34.1,61,974.9,chandni_chowk,28.6506,77.2303
2026-08-09 16:00:00,33.8,61,974.3,chandni_chowk,28.6506,77.2303
2026-08-09 17:00:00,34.0,60,974.1,chandni_chowk,28.6506,77.2303
2026-08-09 18:00:00,32.0,71,974.8,chandni_chowk,28.6506,77.2303
2026-08-09 19:00:00,30.9,80,975.3,chandni_chowk,28.6506,77.2303
2026-08-09 20:00:00,30.4,82,975.5,chandni_chowk,28.6506,77.2303
2026-08-09 21:00:00,30.0,83,976.6,chandni_chowk,28.6506,77.2303
2026-08-09 22:00:00,29.6,85,976.9,chandni_chowk,28.6506,77.2303
2026-08-09 23:00:00,30.3,80,976.3,chandni_chowk,28.6506,77.2303
2026-08-10 00:00:00,29.3,85,976.1,chandni_chowk,28.6506,77.2303
2026-08-10 01:00:00,27.4,92,976.0,chandni_chowk,28.6506,77.2303
2026-08-10 02:00:00,27.1,92,975.5,chandni_chowk,28.6506,77.2303
2026-08-10 03:00:00,27.4,93,975.2,chandni_chowk,28.6506,77.2303
2026-08-10 04:00:00,27.7,93,975.6,chandni_chowk,28.6506,77.2303
2026-08-10 05:00:00,27.8,90,975.4,chandni_chowk,28.6506,77.2303
2026-08-10 06:00:00,27.4,91,976.2,chandni_chowk,28.6506,77.2303
2026-08-10 07:00:00,27.5,89,976.3,chandni_chowk,28.6506,77.2303
2026-08-10 08:00:00,28.5,85,976.6,chandni_chowk,28.6506,77.2303
2026-08-10 09:00:00,29.7,80,976.8,chandni_chowk,28.6506,77.2303
2026-08-10 10:00:00,31.1,74,977.0,chandni_chowk,28.6506,77.2303
2026-08-10 11:00:00,33.0,64,976.4,chandni_chowk,28.6506,77.2303
2026-08-10 12:00:00,33.0,66,976.2,chandni_chowk,28.6506,77.2303
2026-08-10 13:00:00,29.5,81,976.2,chandni_chowk,28.6506,77.2303
2026-08-10 14:00:00,28.4,89,975.2,chandni_chowk,28.6506,77.2303
2026-08-10 15:00:00,29.2,86,974.8,chandni_chowk,28.6506,77.2303
2026-08-10 16:00:00,29.6,83,974.2,chandni_chowk,28.6506,77.2303
2026-08-10 17:00:00,29.9,82,974.5,chandni_chowk,28.6506,77.2303
2026-08-10 18:00:00,29.4,85,974.8,chandni_chowk,28.6506,77.2303
2026-08-10 19:00:00,28.9,88,975.2,chandni_chowk,28.6506,77.2303
2026-08-10 20:00:00,28.6,90,976.0,chandni_chowk,28.6506,77.2303
2026-08-10 21:00:00,28.6,91,976.6,chandni_chowk,28.6506,77.2303
2026-08-10 22:00:00,28.5,92,976.5,chandni_chowk,28.6506,77.2303
2026-08-10 23:00:00,27.9,95,975.6,chandni_chowk,28.6506,77.2303
2026-08-11 00:00:00,27.7,95,975.5,chandni_chowk,28.6506,77.2303
2026-08-11 01:00:00,27.5,94,975.4,chandni_chowk,28.6506,77.2303
2026-08-11 02:00:00,27.3,95,975.5,chandni_chowk,28.6506,77.2303
2026-08-11 03:00:00,27.1,96,975.1,chandni_chowk,28.6506,77.2303
2026-08-11 04:00:00,27.3,90,975.5,chandni_chowk,28.6506,77.2303
2026-08-11 05:00:00,26.8,94,975.8,chandni_chowk,28.6506,77.2303
2026-08-11 06:00:00,27.0,93,975.9,chandni_chowk,28.6506,77.2303
2026-08-11 07:00:00,27.6,90,976.7,chandni_chowk,28.6506,77.2303
2026-08-11 08:00:00,28.5,87,977.0,chandni_chowk,28.6506,77.2303
2026-08-11 09:00:00,29.0,85,977.3,chandni_chowk,28.6506,77.2303
2026-08-11 10:00:00,30.1,81,977.4,chandni_chowk,28.6506,77.2303
2026-08-11 11:00:00,30.0,81,977.2,chandni_chowk,28.6506,77.2303
2026-08-11 12:00:00,28.2,88,977.1,chandni_chowk,28.6506,77.2303
2026-08-11 13:00:00,28.3,92,976.5,chandni_chowk,28.6506,77.2303
2026-08-11 14:00:00,29.2,89,975.7,chandni_chowk,28.6506,77.2303
2026-08-11 15:00:00,30.3,83,974.5,chandni_chowk,28.6506,77.2303
2026-08-11 16:00:00,30.5,79,974.3,chandni_chowk,28.6506,77.2303
2026-08-11 17:00:00,30.4,79,974.6,chandni_chowk,28.6506,77.2303
2026-08-11 18:00:00,30.2,80,974.5,chandni_chowk,28.6506,77.2303
2026-08-11 19:00:00,29.3,87,975.0,chandni_chowk,28.6506,77.2303
2026-08-11 20:00:00,28.9,89,976.0,chandni_chowk,28.6506,77.2303
2026-08-11 21:00:00,28.7,89,976.7,chandni_chowk,28.6506,77.2303
2026-08-11 22:00:00,28.3,90,976.9,chandni_chowk,28.6506,77.2303
2026-08-11 23:00:00,28.7,87,976.5,chandni_chowk,28.6506,77.2303
2026-08-12 00:00:00,28.4,88,976.4,chandni_chowk,28.6506,77.2303
2026-08-12 01:00:00,28.3,89,976.4,chandni_chowk,28.6506,77.2303
2026-08-12 02:00:00,27.8,91,976.4,chandni_chowk,28.6506,77.2303
2026-08-12 03:00:00,27.4,93,976.4,chandni_chowk,28.6506,77.2303
2026-08-12 04:00:00,27.1,95,976.5,chandni_chowk,28.6506,77.2303
2026-08-12 05:00:00,27.5,97,976.3,chandni_chowk,28.6506,77.2303
2026-08-12 06:00:00,27.4,97,976.6,chandni_chowk,28.6506,77.2303
2026-08-12 07:00:00,28.5,92,976.9,chandni_chowk,28.6506,77.2303
2026-08-12 08:00:00,30.0,82,977.4,chandni_chowk,28.6506,77.2303
2026-08-12 09:00:00,31.2,74,977.5,chandni_chowk,28.6506,77.2303
2026-08-12 10:00:00,32.1,69,977.5,chandni_chowk,28.6506,77.2303
2026-08-12 11:00:00,33.0,64,977.2,chandni_chowk,28.6506,77.2303
2026-08-12 12:00:00,33.6,63,976.7,chandni_chowk,28.6506,77.2303
2026-08-12 13:00:00,34.1,60,975.8,chandni_chowk,28.6506,77.2303
2026-08-12 14:00:00,34.5,59,975.3,chandni_chowk,28.6506,77.2303
2026-08-12 15:00:00,34.7,59,975.0,chandni_chowk,28.6506,77.2303
2026-08-12 16:00:00,34.4,60,974.3,chandni_chowk,28.6506,77.2303
2026-08-12 17:00:00,34.3,61,974.6,chandni_chowk,28.6506,77.2303
2026-08-12 18:00:00,31.9,73,975.4,chandni_chowk,28.6506,77.2303
2026-08-12 19:00:00,30.0,83,976.5,chandni_chowk,28.6506,77.2303
2026-08-12 20:00:00,28.7,87,976.9,chandni_chowk,28.6506,77.2303
2026-08-12 21:00:00,28.6,91,977.9,chandni_chowk,28.6506,77.2303
2026-08-12 22:00:00,28.5,92,978.2,chandni_chowk,28.6506,77.2303
2026-08-12 23:00:00,30.0,84,978.1,chandni_chowk,28.6506,77.2303
2026-08-13 00:00:00,29.3,87,978.2,chandni_chowk,28.6506,77.2303
2026-08-13 01:00:00,29.0,88,977.4,chandni_chowk,28.6506,77.2303
2026-08-13 02:00:00,28.8,88,976.8,chandni_chowk,28.6506,77.2303
2026-08-13 03:00:00,28.5,89,976.9,chandni_chowk,28.6506,77.2303
2026-08-13 04:00:00,28.1,92,976.6,chandni_chowk,28.6506,77.2303
2026-08-13 05:00:00,27.3,95,976.6,chandni_chowk,28.6506,77.2303
2026-08-13 06:00:00,26.9,94,977.0,chandni_chowk,28.6506,77.2303
2026-08-13 07:00:00,28.1,90,977.2,chandni_chowk,28.6506,77.2303
2026-08-13 08:00:00,30.1,80,977.1,chandni_chowk,28.6506,77.2303
2026-08-13 09:00:00,31.6,75,977.3,chandni_chowk,28.6506,77.2303
2026-08-13 10:00:00,32.6,71,977.6,chandni_chowk,28.6506,77.2303
2026-08-13 11:00:00,33.3,67,977.6,chandni_chowk,28.6506,77.2303
2026-08-13 12:00:00,34.2,64,977.0,chandni_chowk,28.6506,77.2303
2026-08-13 13:00:00,33.5,63,976.2,chandni_chowk,28.6506,77.2303
2026-08-13 14:00:00,32.8,68,975.8,chandni_chowk,28.6506,77.2303
2026-08-13 15:00:00,33.7,66,975.0,chandni_chowk,28.6506,77.2303
2026-08-13 16:00:00,33.5,67,974.4,chandni_chowk,28.6506,77.2303
2026-08-13 17:00:00,30.2,87,974.9,chandni_chowk,28.6506,77.2303
2026-08-13 18:00:00,30.3,85,974.9,chandni_chowk,28.6506,77.2303
2026-08-13 19:00:00,29.9,89,975.5,chandni_chowk,28.6506,77.2303
2026-08-13 20:00:00,30.0,89,976.2,chandni_chowk,28.6506,77.2303
2026-08-13 21:00:00,30.1,88,976.9,chandni_chowk,28.6506,77.2303
2026-08-13 22:00:00,29.9,88,976.7,chandni_chowk,28.6506,77.2303
2026-08-13 23:00:00,30.5,88,976.2,chandni_chowk,28.6506,77.2303
2026-08-14 00:00:00,30.0,88,976.0,chandni_chowk,28.6506,77.2303
2026-08-14 01:00:00,29.6,89,975.6,chandni_chowk,28.6506,77.2303
2026-08-14 02:00:00,29.4,89,975.5,chandni_chowk,28.6506,77.2303
2026-08-14 03:00:00,29.2,89,975.3,chandni_chowk,28.6506,77.2303
2026-08-14 04:00:00,28.9,90,975.4,chandni_chowk,28.6506,77.2303
2026-08-14 05:00:00,27.5,96,975.5,chandni_chowk,28.6506,77.2303
2026-08-14 06:00:00,26.8,98,976.5,chandni_chowk,28.6506,77.2303
2026-08-14 07:00:00,27.2,96,976.9,chandni_chowk,28.6506,77.2303
2026-08-14 08:00:00,28.2,91,977.7,chandni_chowk,28.6506,77.2303
2026-08-14 09:00:00,28.8,85,977.7,chandni_chowk,28.6506,77.2303
2026-08-14 10:00:00,29.8,81,977.7,chandni_chowk,28.6506,77.2303
2026-08-14 11:00:00,30.4,79,978.3,chandni_chowk,28.6506,77.2303
2026-08-14 12:00:00,30.6,80,978.6,chandni_chowk,28.6506,77.2303
2026-08-14 13:00:00,31.2,78,977.9,chandni_chowk,28.6506,77.2303
2026-08-14 14:00:00,30.3,80,977.7,chandni_chowk,28.6506,77.2303
2026-08-14 15:00:00,29.1,85,977.1,chandni_chowk,28.6506,77.2303
2026-08-14 16:00:00,29.4,84,976.1,chandni_chowk,28.6506,77.2303
2026-08-14 17:00:00,29.9,80,975.9,chandni_chowk,28.6506,77.2303
2026-08-14 18:00:00,29.3,83,976.2,chandni_chowk,28.6506,77.2303
2026-08-14 19:00:00,28.7,87,976.7,chandni_chowk,28.6506,77.2303
2026-08-14 20:00:00,28.3,89,977.1,chandni_chowk,28.6506,77.2303
2026-08-14 21:00:00,28.2,89,977.8,chandni_chowk,28.6506,77.2303
2026-08-14 22:00:00,28.1,90,977.7,chandni_chowk,28.6506,77.2303
2026-08-14 23:00:00,28.3,88,977.3,chandni_chowk,28.6506,77.2303
2026-08-15 00:00:00,28.0,90,977.3,chandni_chowk,28.6506,77.2303
2026-08-15 01:00:00,27.7,92,977.1,chandni_chowk,28.6506,77.2303
2026-08-15 02:00:00,27.5,93,977.2,chandni_chowk,28.6506,77.2303
2026-08-15 03:00:00,27.3,93,976.8,chandni_chowk,28.6506,77.2303
2026-08-15 04:00:00,27.2,94,977.1,chandni_chowk,28.6506,77.2303
2026-08-15 05:00:00,26.7,95,977.5,chandni_chowk,28.6506,77.2303
2026-08-15 06:00:00,26.5,99,977.9,chandni_chowk,28.6506,77.2303
2026-08-15 07:00:00,26.5,98,978.1,chandni_chowk,28.6506,77.2303
2026-08-15 08:00:00,27.5,93,978.6,chandni_chowk,28.6506,77.2303
2026-08-15 09:00:00,28.0,89,978.7,chandni_chowk,28.6506,77.2303
2026-08-15 10:00:00,29.6,82,978.8,chandni_chowk,28.6506,77.2303
2026-08-15 11:00:00,32.3,71,978.5,chandni_chowk,28.6506,77.2303
2026-08-15 12:00:00,31.8,70,977.7,chandni_chowk,28.6506,77.2303
2026-08-15 13:00:00,30.6,80,977.4,chandni_chowk,28.6506,77.2303
2026-08-15 14:00:00,32.3,71,976.3,chandni_chowk,28.6506,77.2303
2026-08-15 15:00:00,32.7,64,975.4,chandni_chowk,28.6506,77.2303
2026-08-15 16:00:00,32.5,67,974.7,chandni_chowk,28.6506,77.2303
2026-08-15 17:00:00,31.9,73,974.5,chandni_chowk,28.6506,77.2303
2026-08-15 18:00:00,31.3,78,974.8,chandni_chowk,28.6506,77.2303
2026-08-15 19:00:00,30.7,82,975.3,chandni_chowk,28.6506,77.2303
2026-08-15 20:00:00,30.3,85,976.0,chandni_chowk,28.6506,77.2303
2026-08-15 21:00:00,30.0,87,976.5,chandni_chowk,28.6506,77.2303
2026-08-15 22:00:00,29.7,88,976.6,chandni_chowk,28.6506,77.2303
2026-08-15 23:00:00,29.6,83,976.2,chandni_chowk,28.6506,77.2303
2026-08-16 00:00:00,29.1,86,976.1,chandni_chowk,28.6506,77.2303
2026-08-16 01:00:00,28.8,88,975.6,chandni_chowk,28.6506,77.2303
2026-08-16 02:00:00,28.6,88,975.4,chandni_chowk,28.6506,77.2303
2026-08-16 03:00:00,26.1,93,974.9,chandni_chowk,28.6506,77.2303
2026-08-16 04:00:00,26.4,92,975.0,chandni_chowk,28.6506,77.2303
2026-08-16 05:00:00,28.0,86,974.5,chandni_chowk,28.6506,77.2303
2026-08-16 06:00:00,27.7,85,975.4,chandni_chowk,28.6506,77.2303
2026-08-16 07:00:00,28.7,80,975.8,chandni_chowk,28.6506,77.2303
2026-08-16 08:00:00,29.5,78,976.2,chandni_chowk,28.6506,77.2303
2026-08-16 09:00:00,30.2,76,976.4,chandni_chowk,28.6506,77.2303
2026-08-16 10:00:00,31.9,70,976.4,chandni_chowk,28.6506,77.2303
2026-08-16 11:00:00,32.6,67,976.2,chandni_chowk,28.6506,77.2303
2026-08-16 12:00:00,33.3,65,975.7,chandni_chowk,28.6506,77.2303
2026-08-16 13:00:00,33.5,65,975.6,chandni_chowk,28.6506,77.2303
2026-08-16 14:00:00,33.6,65,974.5,chandni_chowk,28.6506,77.2303
2026-08-16 15:00:00,33.5,64,973.8,chandni_chowk,28.6506,77.2303
2026-08-16 16:00:00,33.2,65,973.7,chandni_chowk,28.6506,77.2303
2026-08-16 17:00:00,31.6,74,974.4,chandni_chowk,28.6506,77.2303
2026-08-16 18:00:00,31.2,78,974.6,chandni_chowk,28.6506,77.2303
2026-08-16 19:00:00,30.6,81,975.1,chandni_chowk,28.6506,77.2303
2026-08-16 20:00:00,29.9,84,975.9,chandni_chowk,28.6506,77.2303
2026-08-16 21:00:00,29.5,87,976.4,chandni_chowk,28.6506,77.2303
2026-08-16 22:00:00,29.1,88,976.6,chandni_chowk,28.6506,77.2303
2026-08-16 23:00:00,29.5,84,975.9,chandni_chowk,28.6506,77.2303
2026-08-17 00:00:00,29.0,84,975.8,chandni_chowk,28.6506,77.2303
2026-08-17 01:00:00,28.5,87,975.8,chandni_chowk,28.6506,77.2303
2026-08-17 02:00:00,28.2,87,975.1,chandni_chowk,28.6506,77.2303
2026-08-17 03:00:00,28.2,85,975.1,chandni_chowk,28.6506,77.2303
2026-08-17 04:00:00,28.0,84,975.1,chandni_chowk,28.6506,77.2303
2026-08-17 05:00:00,28.4,82,975.5,chandni_chowk,28.6506,77.2303
2026-08-17 06:00:00,28.0,84,976.0,chandni_chowk,28.6506,77.2303
2026-08-17 07:00:00,28.8,79,976.7,chandni_chowk,28.6506,77.2303
2026-08-17 08:00:00,29.4,76,977.2,chandni_chowk,28.6506,77.2303
2026-08-17 09:00:00,30.3,74,977.4,chandni_chowk,28.6506,77.2303
2026-08-17 10:00:00,31.4,71,977.7,chandni_chowk,28.6506,77.2303
2026-08-17 11:00:00,32.7,65,977.6,chandni_chowk,28.6506,77.2303
2026-08-17 12:00:00,33.2,64,976.9,chandni_chowk,28.6506,77.2303
2026-08-17 13:00:00,32.0,67,976.3,chandni_chowk,28.6506,77.2303
2026-08-17 14:00:00,31.3,71,975.8,chandni_chowk,28.6506,77.2303
2026-08-17 15:00:00,31.9,70,975.4,chandni_chowk,28.6506,77.2303
2026-08-17 16:00:00,31.8,73,974.7,chandni_chowk,28.6506,77.2303
2026-08-17 17:00:00,29.7,78,975.7,chandni_chowk,28.6506,77.2303
2026-08-17 18:00:00,27.1,95,975.2,chandni_chowk,28.6506,77.2303
2026-08-17 19:00:00,27.5,95,976.0,chandni_chowk,28.6506,77.2303
2026-08-17 20:00:00,27.8,90,976.7,chandni_chowk,28.6506,77.2303
2026-08-17 21:00:00,28.1,89,977.2,chandni_chowk,28.6506,77.2303
2026-08-17 22:00:00,28.1,89,977.6,chandni_chowk,28.6506,77.2303
2026-08-17 23:00:00,28.7,87,977.4,chandni_chowk,28.6506,77.2303
2026-08-18 00:00:00,28.4,88,977.3,chandni_chowk,28.6506,77.2303
2026-08-18 01:00:00,28.1,90,977.0,chandni_chowk,28.6506,77.2303
2026-08-18 02:00:00,27.9,90,976.8,chandni_chowk,28.6506,77.2303
2026-08-18 03:00:00,27.6,92,976.6,chandni_chowk,28.6506,77.2303
2026-08-18 04:00:00,27.6,88,976.7,chandni_chowk,28.6506,77.2303
2026-08-18 05:00:00,27.7,86,976.6,chandni_chowk,28.6506,77.2303
2026-08-18 06:00:00,27.4,89,977.1,chandni_chowk,28.6506,77.2303
2026-08-18 07:00:00,28.3,84,977.8,chandni_chowk,28.6506,77.2303
2026-08-18 08:00:00,29.4,75,978.0,chandni_chowk,28.6506,77.2303
2026-08-18 09:00:00,30.6,71,978.6,chandni_chowk,28.6506,77.2303
2026-08-18 10:00:00,31.6,68,978.6,chandni_chowk,28.6506,77.2303
2026-08-18 11:00:00,32.5,63,978.9,chandni_chowk,28.6506,77.2303
2026-08-18 12:00:00,33.1,60,978.5,chandni_chowk,28.6506,77.2303
2026-08-18 13:00:00,33.5,59,977.9,chandni_chowk,28.6506,77.2303
2026-08-18 14:00:00,33.3,60,977.1,chandni_chowk,28.6506,77.2303
2026-08-18 15:00:00,33.1,62,976.3,chandni_chowk,28.6506,77.2303
2026-08-18 16:00:00,31.4,69,975.8,chandni_chowk,28.6506,77.2303
2026-08-18 17:00:00,33.0,60,976.0,chandni_chowk,28.6506,77.2303
2026-08-18 18:00:00,30.6,74,976.9,chandni_chowk,28.6506,77.2303
2026-08-18 19:00:00,29.2,84,977.6,chandni_chowk,28.6506,77.2303
2026-08-18 20:00:00,28.5,89,978.3,chandni_chowk,28.6506,77.2303
2026-08-18 21:00:00,26.7,88,978.9,chandni_chowk,28.6506,77.2303
2026-08-18 22:00:00,26.5,87,978.7,chandni_chowk,28.6506,77.2303
2026-08-18 23:00:00,27.6,87,978.4,chandni_chowk,28.6506,77.2303
2026-08-19 00:00:00,27.5,88,978.0,chandni_chowk,28.6506,77.2303
2026-08-19 01:00:00,27.4,89,977.5,chandni_chowk,28.6506,77.2303
2026-08-19 02:00:00,27.1,92,977.5,chandni_chowk,28.6506,77.2303
2026-08-19 03:00:00,27.0,93,977.2,chandni_chowk,28.6506,77.2303
2026-08-19 04:00:00,26.8,95,977.7,chandni_chowk,28.6506,77.2303
2026-08-19 05:00:00,28.2,93,977.0,chandni_chowk,28.6506,77.2303
2026-08-19 06:00:00,28.2,90,977.9,chandni_chowk,28.6506,77.2303
2026-08-19 07:00:00,28.7,87,978.6,chandni_chowk,28.6506,77.2303
2026-08-19 08:00:00,29.7,81,979.2,chandni_chowk,28.6506,77.2303
2026-08-19 09:00:00,30.7,74,979.5,chandni_chowk,28.6506,77.2303
2026-08-19 10:00:00,31.6,69,979.3,chandni_chowk,28.6506,77.2303
2026-08-19 11:00:00,31.7,64,979.5,chandni_chowk,28.6506,77.2303
2026-08-19 12:00:00,31.9,65,978.8,chandni_chowk,28.6506,77.2303
2026-08-19 13:00:00,32.6,63,978.3,chandni_chowk,28.6506,77.2303
2026-08-19 14:00:00,32.9,63,977.7,chandni_chowk,28.6506,77.2303
2026-08-19 15:00:00,33.0,61,976.9,chandni_chowk,28.6506,77.2303
2026-08-19 16:00:00,33.1,59,976.4,chandni_chowk,28.6506,77.2303
2026-08-19 17:00:00,28.4,87,977.9,chandni_chowk,28.6506,77.2303
2026-08-19 18:00:00,28.0,92,977.5,chandni_chowk,28.6506,77.2303
2026-08-19 19:00:00,28.4,91,977.9,chandni_chowk,28.6506,77.2303
2026-08-19 20:00:00,28.3,92,978.7,chandni_chowk,28.6506,77.2303
2026-08-19 21:00:00,28.0,93,979.2,chandni_chowk,28.6506,77.2303
2026-08-19 22:00:00,27.8,94,979.0,chandni_chowk,28.6506,77.2303
2026-08-19 23:00:00,29.2,92,978.8,chandni_chowk,28.6506,77.2303
2026-08-20 00:00:00,28.7,94,978.6,chandni_chowk,28.6506,77.2303
2026-08-20 01:00:00,28.2,92,978.7,chandni_chowk,28.6506,77.2303
2026-08-20 02:00:00,27.3,95,978.3,chandni_chowk,28.6506,77.2303
2026-08-20 03:00:00,27.1,96,978.3,chandni_chowk,28.6506,77.2303
2026-08-20 04:00:00,27.0,95,978.3,chandni_chowk,28.6506,77.2303
2026-08-20 05:00:00,27.0,96,978.3,chandni_chowk,28.6506,77.2303
2026-08-20 06:00:00,27.2,95,978.6,chandni_chowk,28.6506,77.2303
2026-08-20 07:00:00,27.7,95,979.4,chandni_chowk,28.6506,77.2303
2026-08-20 08:00:00,27.8,91,979.8,chandni_chowk,28.6506,77.2303
2026-08-20 09:00:00,28.9,81,980.4,chandni_chowk,28.6506,77.2303
2026-08-20 10:00:00,30.0,75,980.5,chandni_chowk,28.6506,77.2303
2026-08-20 11:00:00,30.8,69,979.9,chandni_chowk,28.6506,77.2303
2026-08-20 12:00:00,32.1,66,979.3,chandni_chowk,28.6506,77.2303
2026-08-20 13:00:00,32.9,62,978.5,chandni_chowk,28.6506,77.2303
2026-08-20 14:00:00,33.3,60,977.4,chandni_chowk,28.6506,77.2303
2026-08-20 15:00:00,33.5,60,976.8,chandni_chowk,28.6506,77.2303
2026-08-20 16:00:00,33.3,60,976.2,chandni_chowk,28.6506,77.2303
2026-08-20 17:00:00,29.2,91,976.8,chandni_chowk,28.6506,77.2303
2026-08-20 18:00:00,28.8,94,977.2,chandni_chowk,28.6506,77.2303
2026-08-20 19:00:00,28.3,95,977.4,chandni_chowk,28.6506,77.2303
2026-08-20 20:00:00,28.1,97,977.9,chandni_chowk,28.6506,77.2303
2026-08-20 21:00:00,28.1,97,978.2,chandni_chowk,28.6506,77.2303
2026-08-20 22:00:00,28.1,92,978.3,chandni_chowk,28.6506,77.2303
2026-08-20 23:00:00,29.8,91,977.8,chandni_chowk,28.6506,77.2303
2026-08-21 00:00:00,29.0,90,977.9,chandni_chowk,28.6506,77.2303
2026-08-21 01:00:00,28.7,88,977.4,chandni_chowk,28.6506,77.2303
2026-08-21 02:00:00,28.3,89,977.1,chandni_chowk,28.6506,77.2303
2026-08-21 03:00:00,28.2,91,977.0,chandni_chowk,28.6506,77.2303
2026-08-21 04:00:00,27.9,92,977.0,chandni_chowk,28.6506,77.2303
2026-08-21 05:00:00,27.2,95,977.2,chandni_chowk,28.6506,77.2303
2026-08-21 06:00:00,27.0,92,977.3,chandni_chowk,28.6506,77.2303
2026-08-21 07:00:00,27.7,87,978.1,chandni_chowk,28.6506,77.2303
2026-08-21 08:00:00,29.2,79,978.8,chandni_chowk,28.6506,77.2303
2026-08-21 09:00:00,30.7,71,978.7,chandni_chowk,28.6506,77.2303
2026-08-21 10:00:00,32.0,67,978.9,chandni_chowk,28.6506,77.2303
2026-08-21 11:00:00,33.2,62,978.7,chandni_chowk,28.6506,77.2303
2026-08-21 12:00:00,33.8,59,977.9,chandni_chowk,28.6506,77.2303
2026-08-21 13:00:00,33.8,58,977.2,chandni_chowk,28.6506,77.2303
2026-08-21 14:00:00,33.9,57,976.2,chandni_chowk,28.6506,77.2303
2026-08-21 15:00:00,34.0,54,975.6,chandni_chowk,28.6506,77.2303
2026-08-21 16:00:00,32.8,60,975.0,chandni_chowk,28.6506,77.2303
2026-08-21 17:00:00,32.2,67,975.1,chandni_chowk,28.6506,77.2303
2026-08-21 18:00:00,32.0,72,975.3,chandni_chowk,28.6506,77.2303
2026-08-21 19:00:00,31.3,77,975.9,chandni_chowk,28.6506,77.2303
2026-08-21 20:00:00,30.6,80,976.3,chandni_chowk,28.6506,77.2303
2026-08-21 21:00:00,30.2,83,976.9,chandni_chowk,28.6506,77.2303
2026-08-21 22:00:00,29.8,85,976.9,chandni_chowk,28.6506,77.2303
2026-08-21 23:00:00,29.0,82,976.9,chandni_chowk,28.6506,77.2303
2026-08-22 00:00:00,28.4,85,976.4,chandni_chowk,28.6506,77.2303
2026-08-22 01:00:00,27.9,87,976.4,chandni_chowk,28.6506,77.2303
2026-08-22 02:00:00,26.0,97,977.2,chandni_chowk,28.6506,77.2303
2026-08-22 03:00:00,25.3,99,976.1,chandni_chowk,28.6506,77.2303
2026-08-22 04:00:00,25.6,99,976.3,chandni_chowk,28.6506,77.2303
2026-08-22 05:00:00,26.9,93,977.0,chandni_chowk,28.6506,77.2303
2026-08-22 06:00:00,27.0,93,977.4,chandni_chowk,28.6506,77.2303
2026-08-22 07:00:00,27.9,90,978.0,chandni_chowk,28.6506,77.2303
2026-08-22 08:00:00,29.3,82,978.3,chandni_chowk,28.6506,77.2303
2026-08-22 09:00:00,30.8,71,978.4,chandni_chowk,28.6506,77.2303
2026-08-22 10:00:00,32.1,65,978.6,chandni_chowk,28.6506,77.2303
2026-08-22 11:00:00,31.8,65,978.7,chandni_chowk,28.6506,77.2303
2026-08-22 12:00:00,32.4,62,977.8,chandni_chowk,28.6506,77.2303
2026-08-22 13:00:00,33.0,60,977.0,chandni_chowk,28.6506,77.2303
2026-08-22 14:00:00,33.4,60,976.2,chandni_chowk,28.6506,77.2303
2026-08-22 15:00:00,33.2,61,975.5,chandni_chowk,28.6506,77.2303
2026-08-22 16:00:00,29.5,76,975.3,chandni_chowk,28.6506,77.2303
2026-08-22 17:00:00,31.7,68,975.6,chandni_chowk,28.6506,77.2303
2026-08-22 18:00:00,30.9,73,975.9,chandni_chowk,28.6506,77.2303
2026-08-22 19:00:00,29.4,83,976.3,chandni_chowk,28.6506,77.2303
2026-08-22 20:00:00,28.5,85,976.9,chandni_chowk,28.6506,77.2303
2026-08-22 21:00:00,28.2,85,977.4,chandni_chowk,28.6506,77.2303
2026-08-22 22:00:00,27.9,87,977.7,chandni_chowk,28.6506,77.2303
2026-08-22 23:00:00,29.1,86,977.8,chandni_chowk,28.6506,77.2303
2026-08-23 00:00:00,28.3,86,977.5,chandni_chowk,28.6506,77.2303
2026-08-23 01:00:00,28.1,86,977.4,chandni_chowk,28.6506,77.2303
2026-08-23 02:00:00,27.7,89,976.9,chandni_chowk,28.6506,77.2303
2026-08-23 03:00:00,27.4,90,976.8,chandni_chowk,28.6506,77.2303
2026-08-23 04:00:00,26.8,91,977.3,chandni_chowk,28.6506,77.2303
2026-08-23 05:00:00,26.5,93,977.6,chandni_chowk,28.6506,77.2303
2026-08-23 06:00:00,25.4,98,978.3,chandni_chowk,28.6506,77.2303
2026-08-23 07:00:00,26.4,95,978.4,chandni_chowk,28.6506,77.2303
2026-08-23 08:00:00,28.4,84,979.0,chandni_chowk,28.6506,77.2303
2026-08-23 09:00:00,29.8,73,979.7,chandni_chowk,28.6506,77.2303
2026-08-23 10:00:00,30.2,74,980.0,chandni_chowk,28.6506,77.2303
2026-08-23 11:00:00,30.8,71,980.1,chandni_chowk,28.6506,77.2303
2026-08-23 12:00:00,31.0,71,979.4,chandni_chowk,28.6506,77.2303
2026-08-23 13:00:00,32.4,65,978.4,chandni_chowk,28.6506,77.2303
2026-08-23 14:00:00,33.0,63,977.4,chandni_chowk,28.6506,77.2303
2026-08-23 15:00:00,33.1,62,976.7,chandni_chowk,28.6506,77.2303
2026-08-23 16:00:00,32.8,63,976.0,chandni_chowk,28.6506,77.2303
2026-08-23 17:00:00,32.9,64,975.7,chandni_chowk,28.6506,77.2303
2026-08-23 18:00:00,31.9,71,976.5,chandni_chowk,28.6506,77.2303
2026-08-23 19:00:00,31.2,77,977.1,chandni_chowk,28.6506,77.2303
2026-08-23 20:00:00,30.9,80,978.2,chandni_chowk,28.6506,77.2303
2026-08-23 21:00:00,30.2,83,978.9,chandni_chowk,28.6506,77.2303
2026-08-23 22:00:00,29.4,86,978.5,chandni_chowk,28.6506,77.2303
2026-08-23 23:00:00,28.7,88,978.8,chandni_chowk,28.6506,77.2303
2026-08-24 00:00:00,27.9,93,978.2,chandni_chowk,28.6506,77.2303
2026-08-24 01:00:00,27.9,93,977.6,chandni_chowk,28.6506,77.2303
2026-08-24 02:00:00,27.8,92,977.5,chandni_chowk,28.6506,77.2303
2026-08-24 03:00:00,27.5,90,977.5,chandni_chowk,28.6506,77.2303
2026-08-24 04:00:00,25.7,95,978.4,chandni_chowk,28.6506,77.2303
2026-08-24 05:00:00,26.7,90,978.1,chandni_chowk,28.6506,77.2303
2026-08-24 06:00:00,25.8,96,978.6,chandni_chowk,28.6506,77.2303
2026-08-24 07:00:00,26.2,95,979.0,chandni_chowk,28.6506,77.2303
2026-08-24 08:00:00,27.2,91,979.0,chandni_chowk,28.6506,77.2303
2026-08-24 09:00:00,28.6,85,979.2,chandni_chowk,28.6506,77.2303
2026-08-24 10:00:00,30.7,75,979.3,chandni_chowk,28.6506,77.2303
2026-08-24 11:00:00,29.9,74,979.6,chandni_chowk,28.6506,77.2303
2026-08-24 12:00:00,30.2,71,979.2,chandni_chowk,28.6506,77.2303
2026-08-24 13:00:00,30.8,69,978.4,chandni_chowk,28.6506,77.2303
2026-08-24 14:00:00,31.7,65,977.4,chandni_chowk,28.6506,77.2303
2026-08-24 15:00:00,32.1,63,976.6,chandni_chowk,28.6506,77.2303
2026-08-24 16:00:00,32.0,64,976.4,chandni_chowk,28.6506,77.2303
2026-08-24 17:00:00,31.5,70,976.2,chandni_chowk,28.6506,77.2303
2026-08-24 18:00:00,31.1,76,976.6,chandni_chowk,28.6506,77.2303
2026-08-24 19:00:00,30.7,78,977.3,chandni_chowk,28.6506,77.2303
2026-08-24 20:00:00,30.2,82,978.1,chandni_chowk,28.6506,77.2303
2026-08-24 21:00:00,29.4,85,978.8,chandni_chowk,28.6506,77.2303
2026-08-24 22:00:00,28.8,88,978.7,chandni_chowk,28.6506,77.2303
2026-08-24 23:00:00,28.8,88,978.2,chandni_chowk,28.6506,77.2303
2026-08-25 00:00:00,28.4,91,978.2,chandni_chowk,28.6506,77.2303
2026-08-25 01:00:00,28.1,92,977.9,chandni_chowk,28.6506,77.2303
2026-08-25 02:00:00,28.1,93,977.7,chandni_chowk,28.6506,77.2303
2026-08-25 03:00:00,28.0,93,977.8,chandni_chowk,28.6506,77.2303
2026-08-25 04:00:00,27.9,94,977.8,chandni_chowk,28.6506,77.2303
2026-08-25 05:00:00,26.1,97,978.3,chandni_chowk,28.6506,77.2303
2026-08-25 06:00:00,26.4,97,979.0,chandni_chowk,28.6506,77.2303
2026-08-25 07:00:00,26.8,97,978.9,chandni_chowk,28.6506,77.2303
2026-08-25 08:00:00,27.4,93,979.4,chandni_chowk,28.6506,77.2303
2026-08-25 09:00:00,28.9,86,979.7,chandni_chowk,28.6506,77.2303
2026-08-25 10:00:00,30.2,79,980.0,chandni_chowk,28.6506,77.2303
2026-08-25 11:00:00,31.5,66,979.8,chandni_chowk,28.6506,77.2303
2026-08-25 12:00:00,31.8,64,979.4,chandni_chowk,28.6506,77.2303
2026-08-25 13:00:00,32.4,63,978.7,chandni_chowk,28.6506,77.2303
2026-08-25 14:00:00,32.6,62,977.8,chandni_chowk,28.6506,77.2303
2026-08-25 15:00:00,32.7,62,977.3,chandni_chowk,28.6506,77.2303
2026-08-25 16:00:00,32.6,63,976.9,chandni_chowk,28.6506,77.2303
2026-08-25 17:00:00,28.4,92,977.4,chandni_chowk,28.6506,77.2303
2026-08-25 18:00:00,28.8,90,977.7,chandni_chowk,28.6506,77.2303
2026-08-25 19:00:00,28.7,91,977.8,chandni_chowk,28.6506,77.2303
2026-08-25 20:00:00,28.8,91,978.6,chandni_chowk,28.6506,77.2303
2026-08-25 21:00:00,28.5,93,978.9,chandni_chowk,28.6506,77.2303
2026-08-25 22:00:00,28.1,93,978.7,chandni_chowk,28.6506,77.2303
2026-08-25 23:00:00,28.3,91,978.8,chandni_chowk,28.6506,77.2303
2026-07-20 00:00:00,28.7,89,978.0,akshardham,28.6127,77.2773
2026-07-20 01:00:00,27.8,89,977.8,akshardham,28.6127,77.2773
2026-07-20 02:00:00,27.6,88,977.4,akshardham,28.6127,77.2773
2026-07-20 03:00:00,27.7,89,977.5,akshardham,28.6127,77.2773
2026-07-20 04:00:00,27.2,94,977.6,akshardham,28.6127,77.2773
2026-07-20 05:00:00,29.5,77,977.3,akshardham,28.6127,77.2773
2026-07-20 06:00:00,29.4,78,977.2,akshardham,28.6127,77.2773
2026-07-20 07:00:00,28.7,83,977.9,akshardham,28.6127,77.2773
2026-07-20 08:00:00,27.5,92,978.2,akshardham,28.6127,77.2773
2026-07-20 09:00:00,28.6,89,979.1,akshardham,28.6127,77.2773
2026-07-20 10:00:00,28.3,89,979.4,akshardham,28.6127,77.2773
2026-07-20 11:00:00,32.2,70,979.2,akshardham,28.6127,77.2773
2026-07-20 12:00:00,30.0,79,979.2,akshardham,28.6127,77.2773
2026-07-20 13:00:00,30.6,77,978.5,akshardham,28.6127,77.2773
2026-07-20 14:00:00,30.0,80,977.8,akshardham,28.6127,77.2773
2026-07-20 15:00:00,30.6,79,977.2,akshardham,28.6127,77.2773
2026-07-20 16:00:00,31.1,77,977.0,akshardham,28.6127,77.2773
2026-07-20 17:00:00,30.0,79,978.1,akshardham,28.6127,77.2773
2026-07-20 18:00:00,27.2,93,978.3,akshardham,28.6127,77.2773
2026-07-20 19:00:00,27.2,95,978.0,akshardham,28.6127,77.2773
2026-07-20 20:00:00,27.5,94,978.7,akshardham,28.6127,77.2773
2026-07-20 21:00:00,27.7,94,979.4,akshardham,28.6127,77.2773
2026-07-20 22:00:00,27.7,91,979.9,akshardham,28.6127,77.2773
2026-07-20 23:00:00,27.0,95,979.8,akshardham,28.6127,77.2773
2026-07-21 00:00:00,27.1,91,979.2,akshardham,28.6127,77.2773
2026-07-21 01:00:00,26.7,93,978.7,akshardham,28.6127,77.2773
2026-07-21 02:00:00,26.6,92,978.7,akshardham,28.6127,77.2773
2026-07-21 03:00:00,26.4,93,978.3,akshardham,28.6127,77.2773
2026-07-21 04:00:00,26.1,93,978.4,akshardham,28.6127,77.2773
2026-07-21 05:00:00,26.2,93,978.1,akshardham,28.6127,77.2773
2026-07-21 06:00:00,26.1,92,978.9,akshardham,28.6127,77.2773
2026-07-21 07:00:00,26.1,93,978.9,akshardham,28.6127,77.2773
2026-07-21 08:00:00,26.6,91,979.2,akshardham,28.6127,77.2773
2026-07-21 09:00:00,27.5,85,979.2,akshardham,28.6127,77.2773
2026-07-21 10:00:00,28.5,80,979.3,akshardham,28.6127,77.2773
2026-07-21 11:00:00,27.5,91,979.1,akshardham,28.6127,77.2773
2026-07-21 12:00:00,28.7,89,978.5,akshardham,28.6127,77.2773
2026-07-21 13:00:00,30.3,80,977.8,akshardham,28.6127,77.2773
2026-07-21 14:00:00,28.7,83,977.3,akshardham,28.6127,77.2773
2026-07-21 15:00:00,28.4,87,976.8,akshardham,28.6127,77.2773
2026-07-21 16:00:00,29.2,83,976.3,akshardham,28.6127,77.2773
2026-07-21 17:00:00,29.7,80,976.0,akshardham,28.6127,77.2773
2026-07-21 18:00:00,29.5,77,976.4,akshardham,28.6127,77.2773
2026-07-21 19:00:00,28.8,84,977.3,akshardham,28.6127,77.2773
2026-07-21 20:00:00,28.4,85,977.9,akshardham,28.6127,77.2773
2026-07-21 21:00:00,28.1,87,978.6,akshardham,28.6127,77.2773
2026-07-21 22:00:00,27.7,87,979.1,akshardham,28.6127,77.2773
2026-07-21 23:00:00,27.1,93,978.9,akshardham,28.6127,77.2773
2026-07-22 00:00:00,26.8,92,978.4,akshardham,28.6127,77.2773
2026-07-22 01:00:00,26.5,94,977.9,akshardham,28.6127,77.2773
2026-07-22 02:00:00,26.7,95,977.4,akshardham,28.6127,77.2773
2026-07-22 03:00:00,25.9,96,977.6,akshardham,28.6127,77.2773
2026-07-22 04:00:00,25.6,96,978.2,akshardham,28.6127,77.2773
2026-07-22 05:00:00,26.2,94,977.7,akshardham,28.6127,77.2773
2026-07-22 06:00:00,26.1,95,978.1,akshardham,28.6127,77.2773
2026-07-22 07:00:00,26.8,90,978.4,akshardham,28.6127,77.2773
2026-07-22 08:00:00,27.2,86,978.9,akshardham,28.6127,77.2773
2026-07-22 09:00:00,29.0,76,978.8,akshardham,28.6127,77.2773
2026-07-22 10:00:00,30.0,73,978.8,akshardham,28.6127,77.2773
2026-07-22 11:00:00,30.9,66,978.6,akshardham,28.6127,77.2773
2026-07-22 12:00:00,31.5,66,978.3,akshardham,28.6127,77.2773
2026-07-22 13:00:00,31.6,67,977.5,akshardham,28.6127,77.2773
2026-07-22 14:00:00,32.0,66,976.4,akshardham,28.6127,77.2773
2026-07-22 15:00:00,32.0,66,975.8,akshardham,28.6127,77.2773
2026-07-22 16:00:00,31.7,66,975.0,akshardham,28.6127,77.2773
2026-07-22 17:00:00,28.3,88,975.7,akshardham,28.6127,77.2773
2026-07-22 18:00:00,28.9,87,976.1,akshardham,28.6127,77.2773
2026-07-22 19:00:00,28.8,90,976.6,akshardham,28.6127,77.2773
2026-07-22 20:00:00,29.1,90,977.2,akshardham,28.6127,77.2773
2026-07-22 21:00:00,29.1,84,977.6,akshardham,28.6127,77.2773
2026-07-22 22:00:00,28.6,83,977.7,akshardham,28.6127,77.2773
2026-07-22 23:00:00,28.5,83,977.4,akshardham,28.6127,77.2773
2026-07-23 00:00:00,28.4,83,977.2,akshardham,28.6127,77.2773
2026-07-23 01:00:00,28.0,84,976.7,akshardham,28.6127,77.2773
2026-07-23 02:00:00,27.8,85,976.4,akshardham,28.6127,77.2773
2026-07-23 03:00:00,27.5,85,976.2,akshardham,28.6127,77.2773
2026-07-23 04:00:00,27.3,85,976.4,akshardham,28.6127,77.2773
2026-07-23 05:00:00,26.9,92,976.4,akshardham,28.6127,77.2773
2026-07-23 06:00:00,26.6,92,976.8,akshardham,28.6127,77.2773
2026-07-23 07:00:00,26.8,88,976.9,akshardham,28.6127,77.2773
2026-07-23 08:00:00,28.0,81,977.3,akshardham,28.6127,77.2773
2026-07-23 09:00:00,29.0,79,977.0,akshardham,28.6127,77.2773
2026-07-23 10:00:00,30.6,73,976.9,akshardham,28.6127,77.2773
2026-07-23 11:00:00,31.2,66,977.0,akshardham,28.6127,77.2773
2026-07-23 12:00:00,31.9,63,976.2,akshardham,28.6127,77.2773
2026-07-23 13:00:00,32.3,62,975.5,akshardham,28.6127,77.2773
2026-07-23 14:00:00,32.5,62,974.7,akshardham,28.6127,77.2773
2026-07-23 15:00:00,30.4,74,974.6,akshardham,28.6127,77.2773
2026-07-23 16:00:00,31.0,74,973.9,akshardham,28.6127,77.2773
2026-07-23 17:00:00,31.9,65,974.1,akshardham,28.6127,77.2773
2026-07-23 18:00:00,30.8,70,974.8,akshardham,28.6127,77.2773
2026-07-23 19:00:00,30.2,74,975.1,akshardham,28.6127,77.2773
2026-07-23 20:00:00,29.6,78,975.9,akshardham,28.6127,77.2773
2026-07-23 21:00:00,26.6,93,977.1,akshardham,28.6127,77.2773
2026-07-23 22:00:00,26.9,91,976.8,akshardham,28.6127,77.2773
2026-07-23 23:00:00,27.6,87,976.9,akshardham,28.6127,77.2773
2026-07-24 00:00:00,27.2,87,976.6,akshardham,28.6127,77.2773
2026-07-24 01:00:00,27.1,88,976.4,akshardham,28.6127,77.2773
2026-07-24 02:00:00,27.0,89,975.8,akshardham,28.6127,77.2773
2026-07-24 03:00:00,26.8,90,975.8,akshardham,28.6127,77.2773
2026-07-24 04:00:00,26.6,90,975.8,akshardham,28.6127,77.2773
2026-07-24 05:00:00,25.8,94,976.1,akshardham,28.6127,77.2773
2026-07-24 06:00:00,26.0,94,975.7,akshardham,28.6127,77.2773
2026-07-24 07:00:00,26.9,90,976.1,akshardham,28.6127,77.2773
2026-07-24 08:00:00,28.4,82,976.2,akshardham,28.6127,77.2773
2026-07-24 09:00:00,29.6,75,976.5,akshardham,28.6127,77.2773
2026-07-24 10:00:00,30.4,72,976.7,akshardham,28.6127,77.2773
2026-07-24 11:00:00,31.0,73,976.9,akshardham,28.6127,77.2773
2026-07-24 12:00:00,31.6,70,976.6,akshardham,28.6127,77.2773
2026-07-24 13:00:00,31.5,70,975.4,akshardham,28.6127,77.2773
2026-07-24 14:00:00,29.0,80,975.4,akshardham,28.6127,77.2773
2026-07-24 15:00:00,29.5,81,974.4,akshardham,28.6127,77.2773
2026-07-24 16:00:00,30.7,73,973.8,akshardham,28.6127,77.2773
2026-07-24 17:00:00,30.4,80,973.4,akshardham,28.6127,77.2773
2026-07-24 18:00:00,30.4,81,974.0,akshardham,28.6127,77.2773
2026-07-24 19:00:00,29.9,83,974.9,akshardham,28.6127,77.2773
2026-07-24 20:00:00,29.5,83,976.0,akshardham,28.6127,77.2773
2026-07-24 21:00:00,29.0,83,976.9,akshardham,28.6127,77.2773
2026-07-24 22:00:00,28.8,83,977.3,akshardham,28.6127,77.2773
2026-07-24 23:00:00,28.6,85,977.1,akshardham,28.6127,77.2773
2026-07-25 00:00:00,28.5,83,976.9,akshardham,28.6127,77.2773
2026-07-25 01:00:00,28.2,83,977.1,akshardham,28.6127,77.2773
2026-07-25 02:00:00,27.9,86,977.2,akshardham,28.6127,77.2773
2026-07-25 03:00:00,27.8,88,977.0,akshardham,28.6127,77.2773
2026-07-25 04:00:00,27.6,89,977.0,akshardham,28.6127,77.2773
2026-07-25 05:00:00,27.2,92,976.8,akshardham,28.6127,77.2773
2026-07-25 06:00:00,27.5,91,977.9,akshardham,28.6127,77.2773
2026-07-25 07:00:00,28.7,81,978.4,akshardham,28.6127,77.2773
2026-07-25 08:00:00,28.6,82,978.7,akshardham,28.6127,77.2773
2026-07-25 09:00:00,29.5,81,979.1,akshardham,28.6127,77.2773
2026-07-25 10:00:00,30.0,77,979.3,akshardham,28.6127,77.2773
2026-07-25 11:00:00,31.5,67,978.9,akshardham,28.6127,77.2773
2026-07-25 12:00:00,31.5,66,978.3,akshardham,28.6127,77.2773
2026-07-25 13:00:00,32.4,63,977.7,akshardham,28.6127,77.2773
2026-07-25 14:00:00,32.6,61,977.0,akshardham,28.6127,77.2773
2026-07-25 15:00:00,32.5,62,976.7,akshardham,28.6127,77.2773
2026-07-25 16:00:00,31.2,70,976.2,akshardham,28.6127,77.2773
2026-07-25 17:00:00,30.0,75,976.4,akshardham,28.6127,77.2773
2026-07-25 18:00:00,29.4,83,976.9,akshardham,28.6127,77.2773
2026-07-25 19:00:00,28.8,86,977.7,akshardham,28.6127,77.2773
2026-07-25 20:00:00,28.3,88,978.7,akshardham,28.6127,77.2773
2026-07-25 21:00:00,27.9,89,979.3,akshardham,28.6127,77.2773
2026-07-25 22:00:00,27.7,89,979.5,akshardham,28.6127,77.2773
2026-07-25 23:00:00,27.3,94,978.9,akshardham,28.6127,77.2773
2026-07-26 00:00:00,27.4,96,978.8,akshardham,28.6127,77.2773
2026-07-26 01:00:00,27.6,95,978.3,akshardham,28.6127,77.2773
2026-07-26 02:00:00,27.5,95,978.0,akshardham,28.6127,77.2773
2026-07-26 03:00:00,27.4,95,978.0,akshardham,28.6127,77.2773
2026-07-26 04:00:00,27.3,95,978.2,akshardham,28.6127,77.2773
2026-07-26 05:00:00,28.1,95,978.0,akshardham,28.6127,77.2773
2026-07-26 06:00:00,28.0,93,978.2,akshardham,28.6127,77.2773
2026-07-26 07:00:00,28.7,87,978.5,akshardham,28.6127,77.2773
2026-07-26 08:00:00,29.1,87,978.8,akshardham,28.6127,77.2773
2026-07-26 09:00:00,30.5,80,978.6,akshardham,28.6127,77.2773
2026-07-26 10:00:00,31.5,74,978.9,akshardham,28.6127,77.2773
2026-07-26 11:00:00,32.5,71,979.0,akshardham,28.6127,77.2773
2026-07-26 12:00:00,33.0,69,978.8,akshardham,28.6127,77.2773
2026-07-26 13:00:00,33.6,68,978.2,akshardham,28.6127,77.2773
2026-07-26 14:00:00,33.4,68,977.2,akshardham,28.6127,77.2773
2026-07-26 15:00:00,33.5,68,976.5,akshardham,28.6127,77.2773
2026-07-26 16:00:00,33.2,70,975.8,akshardham,28.6127,77.2773
2026-07-26 17:00:00,33.3,64,975.6,akshardham,28.6127,77.2773
2026-07-26 18:00:00,32.7,69,975.6,akshardham,28.6127,77.2773
2026-07-26 19:00:00,31.8,78,975.9,akshardham,28.6127,77.2773
2026-07-26 20:00:00,31.5,81,976.4,akshardham,28.6127,77.2773
2026-07-26 21:00:00,31.4,82,977.0,akshardham,28.6127,77.2773
2026-07-26 22:00:00,31.0,83,977.3,akshardham,28.6127,77.2773
2026-07-26 23:00:00,30.8,86,976.7,akshardham,28.6127,77.2773
2026-07-27 00:00:00,30.3,86,976.6,akshardham,28.6127,77.2773
2026-07-27 01:00:00,29.9,89,975.9,akshardham,28.6127,77.2773
2026-07-27 02:00:00,29.7,90,975.5,akshardham,28.6127,77.2773
2026-07-27 03:00:00,29.6,89,975.5,akshardham,28.6127,77.2773
2026-07-27 04:00:00,29.4,89,975.6,akshardham,28.6127,77.2773
2026-07-27 05:00:00,29.3,90,975.5,akshardham,28.6127,77.2773
2026-07-27 06:00:00,29.3,90,975.6,akshardham,28.6127,77.2773
2026-07-27 07:00:00,30.2,85,976.0,akshardham,28.6127,77.2773
2026-07-27 08:00:00,31.6,75,976.1,akshardham,28.6127,77.2773
2026-07-27 09:00:00,32.6,69,976.1,akshardham,28.6127,77.2773
2026-07-27 10:00:00,33.4,65,976.3,akshardham,28.6127,77.2773
2026-07-27 11:00:00,34.5,52,975.8,akshardham,28.6127,77.2773
2026-07-27 12:00:00,35.3,50,975.9,akshardham,28.6127,77.2773
2026-07-27 13:00:00,35.7,50,975.1,akshardham,28.6127,77.2773
2026-07-27 14:00:00,35.4,52,974.2,akshardham,28.6127,77.2773
2026-07-27 15:00:00,33.6,56,973.5,akshardham,28.6127,77.2773
2026-07-27 16:00:00,34.0,56,973.6,akshardham,28.6127,77.2773
2026-07-27 17:00:00,33.4,58,973.5,akshardham,28.6127,77.2773
2026-07-27 18:00:00,32.6,65,973.5,akshardham,28.6127,77.2773
2026-07-27 19:00:00,31.8,71,973.7,akshardham,28.6127,77.2773
2026-07-27 20:00:00,30.8,79,974.5,akshardham,28.6127,77.2773
2026-07-27 21:00:00,29.7,84,975.1,akshardham,28.6127,77.2773
2026-07-27 22:00:00,29.3,84,975.7,akshardham,28.6127,77.2773
2026-07-27 23:00:00,30.3,85,975.2,akshardham,28.6127,77.2773
2026-07-28 00:00:00,28.6,89,975.6,akshardham,28.6127,77.2773
2026-07-28 01:00:00,26.9,95,975.7,akshardham,28.6127,77.2773
2026-07-28 02:00:00,26.7,95,975.2,akshardham,28.6127,77.2773
2026-07-28 03:00:00,26.0,96,974.8,akshardham,28.6127,77.2773
2026-07-28 04:00:00,25.9,97,974.7,akshardham,28.6127,77.2773
2026-07-28 05:00:00,28.8,92,974.2,akshardham,28.6127,77.2773
2026-07-28 06:00:00,28.6,93,974.8,akshardham,28.6127,77.2773
2026-07-28 07:00:00,28.9,90,975.0,akshardham,28.6127,77.2773
2026-07-28 08:00:00,27.9,88,975.7,akshardham,28.6127,77.2773
2026-07-28 09:00:00,27.6,91,976.4,akshardham,28.6127,77.2773
2026-07-28 10:00:00,27.2,93,977.2,akshardham,28.6127,77.2773
2026-07-28 11:00:00,27.3,93,977.1,akshardham,28.6127,77.2773
2026-07-28 12:00:00,27.1,94,976.4,akshardham,28.6127,77.2773
2026-07-28 13:00:00,26.9,93,976.2,akshardham,28.6127,77.2773
2026-07-28 14:00:00,27.4,90,975.3,akshardham,28.6127,77.2773
2026-07-28 15:00:00,27.9,85,974.6,akshardham,28.6127,77.2773
2026-07-28 16:00:00,27.7,86,974.1,akshardham,28.6127,77.2773
2026-07-28 17:00:00,30.5,74,974.2,akshardham,28.6127,77.2773
2026-07-28 18:00:00,29.9,77,974.3,akshardham,28.6127,77.2773
2026-07-28 19:00:00,29.0,83,974.8,akshardham,28.6127,77.2773
2026-07-28 20:00:00,28.5,85,975.6,akshardham,28.6127,77.2773
2026-07-28 21:00:00,28.3,87,976.4,akshardham,28.6127,77.2773
2026-07-28 22:00:00,28.0,89,977.0,akshardham,28.6127,77.2773
2026-07-28 23:00:00,27.6,90,976.8,akshardham,28.6127,77.2773
2026-07-29 00:00:00,27.4,92,976.8,akshardham,28.6127,77.2773
2026-07-29 01:00:00,26.9,96,976.7,akshardham,28.6127,77.2773
2026-07-29 02:00:00,26.7,97,976.2,akshardham,28.6127,77.2773
2026-07-29 03:00:00,26.6,97,976.2,akshardham,28.6127,77.2773
2026-07-29 04:00:00,26.6,98,976.5,akshardham,28.6127,77.2773
2026-07-29 05:00:00,27.0,96,976.1,akshardham,28.6127,77.2773
2026-07-29 06:00:00,26.3,98,976.7,akshardham,28.6127,77.2773
2026-07-29 07:00:00,26.5,99,977.2,akshardham,28.6127,77.2773
2026-07-29 08:00:00,27.0,95,977.3,akshardham,28.6127,77.2773
2026-07-29 09:00:00,28.3,85,977.7,akshardham,28.6127,77.2773
2026-07-29 10:00:00,28.9,82,977.8,akshardham,28.6127,77.2773
2026-07-29 11:00:00,30.5,76,977.3,akshardham,28.6127,77.2773
2026-07-29 12:00:00,31.9,71,977.1,akshardham,28.6127,77.2773
2026-07-29 13:00:00,32.3,69,976.5,akshardham,28.6127,77.2773
2026-07-29 14:00:00,32.6,68,975.5,akshardham,28.6127,77.2773
2026-07-29 15:00:00,32.1,70,975.0,akshardham,28.6127,77.2773
2026-07-29 16:00:00,31.1,78,974.2,akshardham,28.6127,77.2773
2026-07-29 17:00:00,33.0,64,974.0,akshardham,28.6127,77.2773
2026-07-29 18:00:00,32.2,69,973.9,akshardham,28.6127,77.2773
2026-07-29 19:00:00,31.1,78,974.7,akshardham,28.6127,77.2773
2026-07-29 20:00:00,30.5,82,975.5,akshardham,28.6127,77.2773
2026-07-29 21:00:00,30.0,84,976.5,akshardham,28.6127,77.2773
2026-07-29 22:00:00,29.5,88,976.6,akshardham,28.6127,77.2773
2026-07-29 23:00:00,29.9,85,976.3,akshardham,28.6127,77.2773
2026-07-30 00:00:00,29.2,89,975.9,akshardham,28.6127,77.2773
2026-07-30 01:00:00,28.9,88,975.8,akshardham,28.6127,77.2773
2026-07-30 02:00:00,25.9,96,975.8,akshardham,28.6127,77.2773
2026-07-30 03:00:00,26.1,97,975.3,akshardham,28.6127,77.2773
2026-07-30 04:00:00,26.4,99,975.1,akshardham,28.6127,77.2773
2026-07-30 05:00:00,28.9,92,974.6,akshardham,28.6127,77.2773
2026-07-30 06:00:00,28.6,94,975.0,akshardham,28.6127,77.2773
2026-07-30 07:00:00,28.8,85,975.9,akshardham,28.6127,77.2773
2026-07-30 08:00:00,29.3,83,976.3,akshardham,28.6127,77.2773
2026-07-30 09:00:00,30.9,75,976.6,akshardham,28.6127,77.2773
2026-07-30 10:00:00,32.1,70,977.0,akshardham,28.6127,77.2773
2026-07-30 11:00:00,32.6,67,976.9,akshardham,28.6127,77.2773
2026-07-30 12:00:00,32.8,65,976.5,akshardham,28.6127,77.2773
2026-07-30 13:00:00,33.0,66,976.1,akshardham,28.6127,77.2773
2026-07-30 14:00:00,33.2,66,975.3,akshardham,28.6127,77.2773
2026-07-30 15:00:00,33.5,63,974.4,akshardham,28.6127,77.2773
2026-07-30 16:00:00,33.7,57,973.8,akshardham,28.6127,77.2773
2026-07-30 17:00:00,31.3,74,973.7,akshardham,28.6127,77.2773
2026-07-30 18:00:00,28.8,84,974.2,akshardham,28.6127,77.2773
2026-07-30 19:00:00,28.8,86,974.9,akshardham,28.6127,77.2773
2026-07-30 20:00:00,28.7,90,975.7,akshardham,28.6127,77.2773
2026-07-30 21:00:00,28.4,91,976.5,akshardham,28.6127,77.2773
2026-07-30 22:00:00,28.4,90,976.7,akshardham,28.6127,77.2773
2026-07-30 23:00:00,29.1,89,976.5,akshardham,28.6127,77.2773
2026-07-31 00:00:00,28.8,90,976.1,akshardham,28.6127,77.2773
2026-07-31 01:00:00,28.7,88,976.0,akshardham,28.6127,77.2773
2026-07-31 02:00:00,28.5,87,976.0,akshardham,28.6127,77.2773
2026-07-31 03:00:00,28.3,87,975.9,akshardham,28.6127,77.2773
2026-07-31 04:00:00,28.0,86,976.1,akshardham,28.6127,77.2773
2026-07-31 05:00:00,28.3,83,975.9,akshardham,28.6127,77.2773
2026-07-31 06:00:00,28.1,84,976.3,akshardham,28.6127,77.2773
2026-07-31 07:00:00,28.7,81,976.9,akshardham,28.6127,77.2773
2026-07-31 08:00:00,29.0,79,977.2,akshardham,28.6127,77.2773
2026-07-31 09:00:00,29.7,75,977.4,akshardham,28.6127,77.2773
2026-07-31 10:00:00,30.2,72,977.6,akshardham,28.6127,77.2773
2026-07-31 11:00:00,30.9,70,977.7,akshardham,28.6127,77.2773
2026-07-31 12:00:00,31.3,66,977.2,akshardham,28.6127,77.2773
2026-07-31 13:00:00,31.6,67,976.4,akshardham,28.6127,77.2773
2026-07-31 14:00:00,32.4,67,975.5,akshardham,28.6127,77.2773
2026-07-31 15:00:00,32.6,66,974.4,akshardham,28.6127,77.2773
2026-07-31 16:00:00,31.8,69,974.0,akshardham,28.6127,77.2773
2026-07-31 17:00:00,31.8,69,974.0,akshardham,28.6127,77.2773
2026-07-31 18:00:00,31.2,73,974.5,akshardham,28.6127,77.2773
2026-07-31 19:00:00,30.3,79,975.1,akshardham,28.6127,77.2773
2026-07-31 20:00:00,29.9,82,975.9,akshardham,28.6127,77.2773
2026-07-31 21:00:00,29.7,82,976.7,akshardham,28.6127,77.2773
2026-07-31 22:00:00,29.2,84,977.1,akshardham,28.6127,77.2773
2026-07-31 23:00:00,28.4,86,976.6,akshardham,28.6127,77.2773
2026-08-01 00:00:00,28.7,86,976.5,akshardham,28.6127,77.2773
2026-08-01 01:00:00,27.8,90,976.5,akshardham,28.6127,77.2773
2026-08-01 02:00:00,27.7,87,976.0,akshardham,28.6127,77.2773
2026-08-01 03:00:00,27.6,88,976.0,akshardham,28.6127,77.2773
2026-08-01 04:00:00,27.6,89,976.1,akshardham,28.6127,77.2773
2026-08-01 05:00:00,27.0,93,976.1,akshardham,28.6127,77.2773
2026-08-01 06:00:00,26.8,92,976.5,akshardham,28.6127,77.2773
2026-08-01 07:00:00,27.1,88,976.9,akshardham,28.6127,77.2773
2026-08-01 08:00:00,27.9,83,976.9,akshardham,28.6127,77.2773
2026-08-01 09:00:00,29.7,76,976.8,akshardham,28.6127,77.2773
2026-08-01 10:00:00,31.0,70,976.8,akshardham,28.6127,77.2773
2026-08-01 11:00:00,32.0,66,976.6,akshardham,28.6127,77.2773
2026-08-01 12:00:00,32.6,66,976.0,akshardham,28.6127,77.2773
2026-08-01 13:00:00,32.4,67,975.5,akshardham,28.6127,77.2773
2026-08-01 14:00:00,31.1,73,974.9,akshardham,28.6127,77.2773
2026-08-01 15:00:00,31.3,74,974.0,akshardham,28.6127,77.2773
2026-08-01 16:00:00,31.8,71,973.6,akshardham,28.6127,77.2773
2026-08-01 17:00:00,30.4,80,974.1,akshardham,28.6127,77.2773
2026-08-01 18:00:00,30.7,78,974.5,akshardham,28.6127,77.2773
2026-08-01 19:00:00,30.2,82,974.8,akshardham,28.6127,77.2773
2026-08-01 20:00:00,29.9,84,975.6,akshardham,28.6127,77.2773
2026-08-01 21:00:00,29.6,85,976.4,akshardham,28.6127,77.2773
2026-08-01 22:00:00,29.4,85,976.7,akshardham,28.6127,77.2773
2026-08-01 23:00:00,26.7,90,976.8,akshardham,28.6127,77.2773
2026-08-02 00:00:00,26.9,91,976.3,akshardham,28.6127,77.2773
2026-08-02 01:00:00,27.0,92,976.7,akshardham,28.6127,77.2773
2026-08-02 02:00:00,27.0,93,976.5,akshardham,28.6127,77.2773
2026-08-02 03:00:00,26.9,94,976.0,akshardham,28.6127,77.2773
2026-08-02 04:00:00,26.9,94,976.5,akshardham,28.6127,77.2773
2026-08-02 05:00:00,27.1,96,976.7,akshardham,28.6127,77.2773
2026-08-02 06:00:00,26.5,96,977.3,akshardham,28.6127,77.2773
2026-08-02 07:00:00,27.1,94,977.4,akshardham,28.6127,77.2773
2026-08-02 08:00:00,28.8,85,977.7,akshardham,28.6127,77.2773
2026-08-02 09:00:00,30.6,76,977.6,akshardham,28.6127,77.2773
2026-08-02 10:00:00,32.0,68,977.5,akshardham,28.6127,77.2773
2026-08-02 11:00:00,33.7,59,977.4,akshardham,28.6127,77.2773
2026-08-02 12:00:00,33.4,61,977.1,akshardham,28.6127,77.2773
2026-08-02 13:00:00,32.4,65,977.0,akshardham,28.6127,77.2773
2026-08-02 14:00:00,32.5,68,976.0,akshardham,28.6127,77.2773
2026-08-02 15:00:00,33.0,65,975.2,akshardham,28.6127,77.2773
2026-08-02 16:00:00,33.0,64,974.8,akshardham,28.6127,77.2773
2026-08-02 17:00:00,29.2,84,975.7,akshardham,28.6127,77.2773
2026-08-02 18:00:00,27.9,90,976.3,akshardham,28.6127,77.2773
2026-08-02 19:00:00,27.5,94,975.9,akshardham,28.6127,77.2773
2026-08-02 20:00:00,27.7,95,976.8,akshardham,28.6127,77.2773
2026-08-02 21:00:00,27.9,96,977.9,akshardham,28.6127,77.2773
2026-08-02 22:00:00,27.9,97,978.2,akshardham,28.6127,77.2773
2026-08-02 23:00:00,28.8,96,977.6,akshardham,28.6127,77.2773
2026-08-03 00:00:00,28.5,97,977.2,akshardham,28.6127,77.2773
2026-08-03 01:00:00,28.3,96,977.2,akshardham,28.6127,77.2773
2026-08-03 02:00:00,27.7,94,976.9,akshardham,28.6127,77.2773
2026-08-03 03:00:00,27.4,94,976.6,akshardham,28.6127,77.2773
2026-08-03 04:00:00,27.3,95,976.7,akshardham,28.6127,77.2773
2026-08-03 05:00:00,27.7,95,976.5,akshardham,28.6127,77.2773
2026-08-03 06:00:00,27.1,97,977.0,akshardham,28.6127,77.2773
2026-08-03 07:00:00,27.7,93,977.3,akshardham,28.6127,77.2773
2026-08-03 08:00:00,28.7,87,978.1,akshardham,28.6127,77.2773
2026-08-03 09:00:00,29.6,81,978.4,akshardham,28.6127,77.2773
2026-08-03 10:00:00,30.8,77,978.6,akshardham,28.6127,77.2773
2026-08-03 11:00:00,31.7,71,978.3,akshardham,28.6127,77.2773
2026-08-03 12:00:00,33.3,65,978.0,akshardham,28.6127,77.2773
2026-08-03 13:00:00,34.1,62,977.8,akshardham,28.6127,77.2773
2026-08-03 14:00:00,31.9,68,976.8,akshardham,28.6127,77.2773
2026-08-03 15:00:00,31.6,74,977.0,akshardham,28.6127,77.2773
2026-08-03 16:00:00,31.3,74,976.2,akshardham,28.6127,77.2773
2026-08-03 17:00:00,33.3,67,975.6,akshardham,28.6127,77.2773
2026-08-03 18:00:00,30.6,75,975.4,akshardham,28.6127,77.2773
2026-08-03 19:00:00,27.4,93,977.3,akshardham,28.6127,77.2773
2026-08-03 20:00:00,27.4,95,977.8,akshardham,28.6127,77.2773
2026-08-03 21:00:00,27.4,94,978.7,akshardham,28.6127,77.2773
2026-08-03 22:00:00,27.2,94,978.9,akshardham,28.6127,77.2773
2026-08-03 23:00:00,26.7,97,978.7,akshardham,28.6127,77.2773
2026-08-04 00:00:00,27.1,96,978.3,akshardham,28.6127,77.2773
2026-08-04 01:00:00,27.0,97,977.9,akshardham,28.6127,77.2773
2026-08-04 02:00:00,26.7,98,977.8,akshardham,28.6127,77.2773
2026-08-04 03:00:00,26.7,97,978.1,akshardham,28.6127,77.2773
2026-08-04 04:00:00,26.7,97,978.0,akshardham,28.6127,77.2773
2026-08-04 05:00:00,27.0,96,977.4,akshardham,28.6127,77.2773
2026-08-04 06:00:00,26.6,97,978.3,akshardham,28.6127,77.2773
2026-08-04 07:00:00,27.1,93,978.5,akshardham,28.6127,77.2773
2026-08-04 08:00:00,28.0,88,979.0,akshardham,28.6127,77.2773
2026-08-04 09:00:00,29.7,79,979.3,akshardham,28.6127,77.2773
2026-08-04 10:00:00,30.6,77,979.8,akshardham,28.6127,77.2773
2026-08-04 11:00:00,28.9,85,979.7,akshardham,28.6127,77.2773
2026-08-04 12:00:00,28.2,91,979.3,akshardham,28.6127,77.2773
2026-08-04 13:00:00,28.8,85,978.8,akshardham,28.6127,77.2773
2026-08-04 14:00:00,29.1,84,978.3,akshardham,28.6127,77.2773
2026-08-04 15:00:00,29.5,82,977.6,akshardham,28.6127,77.2773
2026-08-04 16:00:00,29.1,83,976.7,akshardham,28.6127,77.2773
2026-08-04 17:00:00,27.5,92,977.1,akshardham,28.6127,77.2773
2026-08-04 18:00:00,27.3,94,977.1,akshardham,28.6127,77.2773
2026-08-04 19:00:00,27.2,95,977.3,akshardham,28.6127,77.2773
2026-08-04 20:00:00,27.3,96,978.0,akshardham,28.6127,77.2773
2026-08-04 21:00:00,27.3,96,978.8,akshardham,28.6127,77.2773
2026-08-04 22:00:00,27.1,96,978.9,akshardham,28.6127,77.2773
2026-08-04 23:00:00,27.7,96,978.1,akshardham,28.6127,77.2773
2026-08-05 00:00:00,27.5,97,977.5,akshardham,28.6127,77.2773
2026-08-05 01:00:00,27.4,99,977.2,akshardham,28.6127,77.2773
2026-08-05 02:00:00,27.4,93,976.8,akshardham,28.6127,77.2773
2026-08-05 03:00:00,27.0,92,976.7,akshardham,28.6127,77.2773
2026-08-05 04:00:00,26.4,96,976.7,akshardham,28.6127,77.2773
2026-08-05 05:00:00,26.1,95,976.6,akshardham,28.6127,77.2773
2026-08-05 06:00:00,25.7,95,976.9,akshardham,28.6127,77.2773
2026-08-05 07:00:00,26.8,94,977.0,akshardham,28.6127,77.2773
2026-08-05 08:00:00,28.5,85,977.1,akshardham,28.6127,77.2773
2026-08-05 09:00:00,30.0,77,977.2,akshardham,28.6127,77.2773
2026-08-05 10:00:00,31.3,69,977.0,akshardham,28.6127,77.2773
2026-08-05 11:00:00,31.6,71,977.1,akshardham,28.6127,77.2773
2026-08-05 12:00:00,31.1,72,975.9,akshardham,28.6127,77.2773
2026-08-05 13:00:00,31.9,69,975.5,akshardham,28.6127,77.2773
2026-08-05 14:00:00,31.8,68,974.6,akshardham,28.6127,77.2773
2026-08-05 15:00:00,33.0,62,974.2,akshardham,28.6127,77.2773
2026-08-05 16:00:00,32.7,63,973.8,akshardham,28.6127,77.2773
2026-08-05 17:00:00,28.3,94,974.0,akshardham,28.6127,77.2773
2026-08-05 18:00:00,28.4,88,974.5,akshardham,28.6127,77.2773
2026-08-05 19:00:00,28.1,90,975.4,akshardham,28.6127,77.2773
2026-08-05 20:00:00,27.6,92,976.1,akshardham,28.6127,77.2773
2026-08-05 21:00:00,27.8,93,976.7,akshardham,28.6127,77.2773
2026-08-05 22:00:00,27.8,95,976.7,akshardham,28.6127,77.2773
2026-08-05 23:00:00,27.3,100,976.3,akshardham,28.6127,77.2773
2026-08-06 00:00:00,27.3,96,975.8,akshardham,28.6127,77.2773
2026-08-06 01:00:00,26.4,95,975.8,akshardham,28.6127,77.2773
2026-08-06 02:00:00,26.5,96,975.1,akshardham,28.6127,77.2773
2026-08-06 03:00:00,26.8,95,975.2,akshardham,28.6127,77.2773
2026-08-06 04:00:00,26.9,97,975.6,akshardham,28.6127,77.2773
2026-08-06 05:00:00,27.4,95,975.1,akshardham,28.6127,77.2773
2026-08-06 06:00:00,27.5,94,976.1,akshardham,28.6127,77.2773
2026-08-06 07:00:00,27.7,92,976.9,akshardham,28.6127,77.2773
2026-08-06 08:00:00,27.3,90,977.5,akshardham,28.6127,77.2773
2026-08-06 09:00:00,27.0,88,978.1,akshardham,28.6127,77.2773
2026-08-06 10:00:00,26.7,87,978.2,akshardham,28.6127,77.2773
2026-08-06 11:00:00,26.8,85,978.1,akshardham,28.6127,77.2773
2026-08-06 12:00:00,28.0,80,977.7,akshardham,28.6127,77.2773
2026-08-06 13:00:00,27.5,84,977.2,akshardham,28.6127,77.2773
2026-08-06 14:00:00,27.3,85,976.4,akshardham,28.6127,77.2773
2026-08-06 15:00:00,27.2,87,976.2,akshardham,28.6127,77.2773
2026-08-06 16:00:00,27.8,84,975.7,akshardham,28.6127,77.2773
2026-08-06 17:00:00,27.7,90,975.4,akshardham,28.6127,77.2773
2026-08-06 18:00:00,27.5,91,975.6,akshardham,28.6127,77.2773
2026-08-06 19:00:00,27.3,92,976.2,akshardham,28.6127,77.2773
2026-08-06 20:00:00,27.1,93,976.7,akshardham,28.6127,77.2773
2026-08-06 21:00:00,27.0,94,977.1,akshardham,28.6127,77.2773
2026-08-06 22:00:00,26.9,94,977.2,akshardham,28.6127,77.2773
2026-08-06 23:00:00,26.7,93,977.4,akshardham,28.6127,77.2773
2026-08-07 00:00:00,26.0,97,976.9,akshardham,28.6127,77.2773
2026-08-07 01:00:00,26.0,97,976.6,akshardham,28.6127,77.2773
2026-08-07 02:00:00,26.0,98,976.3,akshardham,28.6127,77.2773
2026-08-07 03:00:00,25.9,99,976.1,akshardham,28.6127,77.2773
2026-08-07 04:00:00,25.9,95,976.1,akshardham,28.6127,77.2773
2026-08-07 05:00:00,26.3,97,975.7,akshardham,28.6127,77.2773
2026-08-07 06:00:00,26.2,98,975.9,akshardham,28.6127,77.2773
2026-08-07 07:00:00,25.9,96,976.7,akshardham,28.6127,77.2773
2026-08-07 08:00:00,26.5,94,976.8,akshardham,28.6127,77.2773
2026-08-07 09:00:00,26.6,92,977.1,akshardham,28.6127,77.2773
2026-08-07 10:00:00,27.0,92,977.2,akshardham,28.6127,77.2773
2026-08-07 11:00:00,27.3,90,977.0,akshardham,28.6127,77.2773
2026-08-07 12:00:00,26.4,96,976.5,akshardham,28.6127,77.2773
2026-08-07 13:00:00,27.2,95,975.9,akshardham,28.6127,77.2773
2026-08-07 14:00:00,28.4,89,975.3,akshardham,28.6127,77.2773
2026-08-07 15:00:00,29.5,82,974.8,akshardham,28.6127,77.2773
2026-08-07 16:00:00,28.6,79,974.7,akshardham,28.6127,77.2773
2026-08-07 17:00:00,27.2,92,975.0,akshardham,28.6127,77.2773
2026-08-07 18:00:00,27.0,93,975.0,akshardham,28.6127,77.2773
2026-08-07 19:00:00,26.7,95,975.8,akshardham,28.6127,77.2773
2026-08-07 20:00:00,26.4,95,976.6,akshardham,28.6127,77.2773
2026-08-07 21:00:00,25.7,97,977.2,akshardham,28.6127,77.2773
2026-08-07 22:00:00,25.7,96,977.5,akshardham,28.6127,77.2773
2026-08-07 23:00:00,25.9,97,977.3,akshardham,28.6127,77.2773
2026-08-08 00:00:00,26.0,98,976.9,akshardham,28.6127,77.2773
2026-08-08 01:00:00,25.8,96,976.4,akshardham,28.6127,77.2773
2026-08-08 02:00:00,25.3,96,976.3,akshardham,28.6127,77.2773
2026-08-08 03:00:00,24.9,99,976.3,akshardham,28.6127,77.2773
2026-08-08 04:00:00,24.8,99,976.4,akshardham,28.6127,77.2773
2026-08-08 05:00:00,25.5,96,976.1,akshardham,28.6127,77.2773
2026-08-08 06:00:00,25.6,96,976.9,akshardham,28.6127,77.2773
2026-08-08 07:00:00,26.0,95,977.0,akshardham,28.6127,77.2773
2026-08-08 08:00:00,27.3,93,977.7,akshardham,28.6127,77.2773
2026-08-08 09:00:00,29.6,85,978.0,akshardham,28.6127,77.2773
2026-08-08 10:00:00,31.1,77,978.1,akshardham,28.6127,77.2773
2026-08-08 11:00:00,29.6,80,978.6,akshardham,28.6127,77.2773
2026-08-08 12:00:00,31.2,74,978.3,akshardham,28.6127,77.2773
2026-08-08 13:00:00,30.8,73,977.7,akshardham,28.6127,77.2773
2026-08-08 14:00:00,30.7,76,976.7,akshardham,28.6127,77.2773
2026-08-08 15:00:00,32.3,66,976.3,akshardham,28.6127,77.2773
2026-08-08 16:00:00,32.2,66,975.7,akshardham,28.6127,77.2773
2026-08-08 17:00:00,31.1,73,976.5,akshardham,28.6127,77.2773
2026-08-08 18:00:00,30.3,78,976.7,akshardham,28.6127,77.2773
2026-08-08 19:00:00,29.4,82,976.9,akshardham,28.6127,77.2773
2026-08-08 20:00:00,29.1,85,978.0,akshardham,28.6127,77.2773
2026-08-08 21:00:00,28.9,87,978.7,akshardham,28.6127,77.2773
2026-08-08 22:00:00,28.6,87,979.3,akshardham,28.6127,77.2773
2026-08-08 23:00:00,29.1,89,979.0,akshardham,28.6127,77.2773
2026-08-09 00:00:00,28.5,90,978.9,akshardham,28.6127,77.2773
2026-08-09 01:00:00,28.2,90,978.6,akshardham,28.6127,77.2773
2026-08-09 02:00:00,27.2,92,978.7,akshardham,28.6127,77.2773
2026-08-09 03:00:00,26.9,94,978.7,akshardham,28.6127,77.2773
2026-08-09 04:00:00,26.6,95,978.8,akshardham,28.6127,77.2773
2026-08-09 05:00:00,25.3,97,978.7,akshardham,28.6127,77.2773
2026-08-09 06:00:00,26.0,96,979.0,akshardham,28.6127,77.2773
2026-08-09 07:00:00,27.3,93,979.5,akshardham,28.6127,77.2773
2026-08-09 08:00:00,29.2,85,979.7,akshardham,28.6127,77.2773
2026-08-09 09:00:00,30.8,79,979.9,akshardham,28.6127,77.2773
2026-08-09 10:00:00,31.7,74,980.2,akshardham,28.6127,77.2773
2026-08-09 11:00:00,32.6,68,979.6,akshardham,28.6127,77.2773
2026-08-09 12:00:00,32.9,66,979.0,akshardham,28.6127,77.2773
2026-08-09 13:00:00,33.6,62,978.4,akshardham,28.6127,77.2773
2026-08-09 14:00:00,33.9,61,977.6,akshardham,28.6127,77.2773
2026-08-09 15:00:00,34.1,61,976.9,akshardham,28.6127,77.2773
2026-08-09 16:00:00,33.8,61,976.3,akshardham,28.6127,77.2773
2026-08-09 17:00:00,34.0,60,976.0,akshardham,28.6127,77.2773
2026-08-09 18:00:00,32.0,71,976.7,akshardham,28.6127,77.2773
2026-08-09 19:00:00,30.9,80,977.2,akshardham,28.6127,77.2773
2026-08-09 20:00:00,30.4,82,977.5,akshardham,28.6127,77.2773
2026-08-09 21:00:00,30.0,83,978.5,akshardham,28.6127,77.2773
2026-08-09 22:00:00,29.6,85,978.9,akshardham,28.6127,77.2773
2026-08-09 23:00:00,30.3,80,978.3,akshardham,28.6127,77.2773
2026-08-10 00:00:00,29.3,85,978.1,akshardham,28.6127,77.2773
2026-08-10 01:00:00,27.4,92,977.9,akshardham,28.6127,77.2773
2026-08-10 02:00:00,27.1,92,977.5,akshardham,28.6127,77.2773
2026-08-10 03:00:00,27.4,93,977.2,akshardham,28.6127,77.2773
2026-08-10 04:00:00,27.7,93,977.6,akshardham,28.6127,77.2773
2026-08-10 05:00:00,27.8,90,977.4,akshardham,28.6127,77.2773
2026-08-10 06:00:00,27.4,91,978.2,akshardham,28.6127,77.2773
2026-08-10 07:00:00,27.5,89,978.3,akshardham,28.6127,77.2773
2026-08-10 08:00:00,28.5,85,978.6,akshardham,28.6127,77.2773
2026-08-10 09:00:00,29.7,80,978.8,akshardham,28.6127,77.2773
2026-08-10 10:00:00,31.1,74,979.0,akshardham,28.6127,77.2773
2026-08-10 11:00:00,33.0,64,978.4,akshardham,28.6127,77.2773
2026-08-10 12:00:00,33.0,66,978.2,akshardham,28.6127,77.2773
2026-08-10 13:00:00,29.5,81,978.2,akshardham,28.6127,77.2773
2026-08-10 14:00:00,28.4,89,977.1,akshardham,28.6127,77.2773
2026-08-10 15:00:00,29.2,86,976.8,akshardham,28.6127,77.2773
2026-08-10 16:00:00,29.6,83,976.2,akshardham,28.6127,77.2773
2026-08-10 17:00:00,29.9,82,976.5,akshardham,28.6127,77.2773
2026-08-10 18:00:00,29.4,85,976.7,akshardham,28.6127,77.2773
2026-08-10 19:00:00,28.9,88,977.2,akshardham,28.6127,77.2773
2026-08-10 20:00:00,28.6,90,977.9,akshardham,28.6127,77.2773
2026-08-10 21:00:00,28.6,91,978.6,akshardham,28.6127,77.2773
2026-08-10 22:00:00,28.5,92,978.5,akshardham,28.6127,77.2773
2026-08-10 23:00:00,27.9,95,977.6,akshardham,28.6127,77.2773
2026-08-11 00:00:00,27.7,95,977.5,akshardham,28.6127,77.2773
2026-08-11 01:00:00,27.5,94,977.4,akshardham,28.6127,77.2773
2026-08-11 02:00:00,27.3,95,977.4,akshardham,28.6127,77.2773
2026-08-11 03:00:00,27.1,96,977.0,akshardham,28.6127,77.2773
2026-08-11 04:00:00,27.3,90,977.4,akshardham,28.6127,77.2773
2026-08-11 05:00:00,26.8,94,977.8,akshardham,28.6127,77.2773
2026-08-11 06:00:00,27.0,93,977.9,akshardham,28.6127,77.2773
2026-08-11 07:00:00,27.6,90,978.6,akshardham,28.6127,77.2773
2026-08-11 08:00:00,28.5,87,979.0,akshardham,28.6127,77.2773
2026-08-11 09:00:00,29.0,85,979.3,akshardham,28.6127,77.2773
2026-08-11 10:00:00,30.1,81,979.4,akshardham,28.6127,77.2773
2026-08-11 11:00:00,30.0,81,979.2,akshardham,28.6127,77.2773
2026-08-11 12:00:00,28.2,88,979.1,akshardham,28.6127,77.2773
2026-08-11 13:00:00,28.3,92,978.5,akshardham,28.6127,77.2773
2026-08-11 14:00:00,29.2,89,977.7,akshardham,28.6127,77.2773
2026-08-11 15:00:00,30.3,83,976.5,akshardham,28.6127,77.2773
2026-08-11 16:00:00,30.5,79,976.2,akshardham,28.6127,77.2773
2026-08-11 17:00:00,30.4,79,976.6,akshardham,28.6127,77.2773
2026-08-11 18:00:00,30.2,80,976.5,akshardham,28.6127,77.2773
2026-08-11 19:00:00,29.3,87,977.0,akshardham,28.6127,77.2773
2026-08-11 20:00:00,28.9,89,978.0,akshardham,28.6127,77.2773
2026-08-11 21:00:00,28.7,89,978.7,akshardham,28.6127,77.2773
2026-08-11 22:00:00,28.3,90,978.9,akshardham,28.6127,77.2773
2026-08-11 23:00:00,28.7,87,978.5,akshardham,28.6127,77.2773
2026-08-12 00:00:00,28.4,88,978.4,akshardham,28.6127,77.2773
2026-08-12 01:00:00,28.3,89,978.4,akshardham,28.6127,77.2773
2026-08-12 02:00:00,27.8,91,978.4,akshardham,28.6127,77.2773
2026-08-12 03:00:00,27.4,93,978.4,akshardham,28.6127,77.2773
2026-08-12 04:00:00,27.1,95,978.5,akshardham,28.6127,77.2773
2026-08-12 05:00:00,27.5,97,978.3,akshardham,28.6127,77.2773
2026-08-12 06:00:00,27.4,97,978.6,akshardham,28.6127,77.2773
2026-08-12 07:00:00,28.5,92,978.9,akshardham,28.6127,77.2773
2026-08-12 08:00:00,30.0,82,979.4,akshardham,28.6127,77.2773
2026-08-12 09:00:00,31.2,74,979.5,akshardham,28.6127,77.2773
2026-08-12 10:00:00,32.1,69,979.5,akshardham,28.6127,77.2773
2026-08-12 11:00:00,33.0,64,979.1,akshardham,28.6127,77.2773
2026-08-12 12:00:00,33.6,63,978.7,akshardham,28.6127,77.2773
2026-08-12 13:00:00,34.1,60,977.8,akshardham,28.6127,77.2773
2026-08-12 14:00:00,34.5,59,977.2,akshardham,28.6127,77.2773
2026-08-12 15:00:00,34.7,59,976.9,akshardham,28.6127,77.2773
2026-08-12 16:00:00,34.4,60,976.2,akshardham,28.6127,77.2773
2026-08-12 17:00:00,34.3,61,976.5,akshardham,28.6127,77.2773
2026-08-12 18:00:00,31.9,73,977.4,akshardham,28.6127,77.2773
2026-08-12 19:00:00,30.0,83,978.4,akshardham,28.6127,77.2773
2026-08-12 20:00:00,28.7,87,978.9,akshardham,28.6127,77.2773
2026-08-12 21:00:00,28.6,91,979.9,akshardham,28.6127,77.2773
2026-08-12 22:00:00,28.5,92,980.2,akshardham,28.6127,77.2773
2026-08-12 23:00:00,30.0,84,980.1,akshardham,28.6127,77.2773
2026-08-13 00:00:00,29.3,87,980.1,akshardham,28.6127,77.2773
2026-08-13 01:00:00,29.0,88,979.4,akshardham,28.6127,77.2773
2026-08-13 02:00:00,28.8,88,978.8,akshardham,28.6127,77.2773
2026-08-13 03:00:00,28.5,89,978.9,akshardham,28.6127,77.2773
2026-08-13 04:00:00,28.1,92,978.6,akshardham,28.6127,77.2773
2026-08-13 05:00:00,27.3,95,978.6,akshardham,28.6127,77.2773
2026-08-13 06:00:00,26.9,94,979.0,akshardham,28.6127,77.2773
2026-08-13 07:00:00,28.1,90,979.2,akshardham,28.6127,77.2773
2026-08-13 08:00:00,30.1,80,979.1,akshardham,28.6127,77.2773
2026-08-13 09:00:00,31.6,75,979.2,akshardham,28.6127,77.2773
2026-08-13 10:00:00,32.6,71,979.5,akshardham,28.6127,77.2773
2026-08-13 11:00:00,33.3,67,979.6,akshardham,28.6127,77.2773
2026-08-13 12:00:00,34.2,64,978.9,akshardham,28.6127,77.2773
2026-08-13 13:00:00,33.5,63,978.1,akshardham,28.6127,77.2773
2026-08-13 14:00:00,32.8,68,977.8,akshardham,28.6127,77.2773
2026-08-13 15:00:00,33.7,66,976.9,akshardham,28.6127,77.2773
2026-08-13 16:00:00,33.5,67,976.3,akshardham,28.6127,77.2773
2026-08-13 17:00:00,30.2,87,976.9,akshardham,28.6127,77.2773
2026-08-13 18:00:00,30.3,85,976.9,akshardham,28.6127,77.2773
2026-08-13 19:00:00,29.9,89,977.5,akshardham,28.6127,77.2773
2026-08-13 20:00:00,30.0,89,978.1,akshardham,28.6127,77.2773
2026-08-13 21:00:00,30.1,88,978.8,akshardham,28.6127,77.2773
2026-08-13 22:00:00,29.9,88,978.7,akshardham,28.6127,77.2773
2026-08-13 23:00:00,30.5,88,978.2,akshardham,28.6127,77.2773
2026-08-14 00:00:00,30.0,88,977.9,akshardham,28.6127,77.2773
2026-08-14 01:00:00,29.6,89,977.6,akshardham,28.6127,77.2773
2026-08-14 02:00:00,29.4,89,977.5,akshardham,28.6127,77.2773
2026-08-14 03:00:00,29.2,89,977.3,akshardham,28.6127,77.2773
2026-08-14 04:00:00,28.9,90,977.4,akshardham,28.6127,77.2773
2026-08-14 05:00:00,27.5,96,977.5,akshardham,28.6127,77.2773
2026-08-14 06:00:00,26.8,98,978.5,akshardham,28.6127,77.2773
2026-08-14 07:00:00,27.2,96,978.9,akshardham,28.6127,77.2773
2026-08-14 08:00:00,28.2,91,979.7,akshardham,28.6127,77.2773
2026-08-14 09:00:00,28.8,85,979.7,akshardham,28.6127,77.2773
2026-08-14 10:00:00,29.8,81,979.7,akshardham,28.6127,77.2773
2026-08-14 11:00:00,30.4,79,980.3,akshardham,28.6127,77.2773
2026-08-14 12:00:00,30.6,80,980.5,akshardham,28.6127,77.2773
2026-08-14 13:00:00,31.2,78,979.9,akshardham,28.6127,77.2773
2026-08-14 14:00:00,30.3,80,979.6,akshardham,28.6127,77.2773
2026-08-14 15:00:00,29.1,85,979.0,akshardham,28.6127,77.2773
2026-08-14 16:00:00,29.4,84,978.1,akshardham,28.6127,77.2773
2026-08-14 17:00:00,29.9,80,977.8,akshardham,28.6127,77.2773
2026-08-14 18:00:00,29.3,83,978.2,akshardham,28.6127,77.2773
2026-08-14 19:00:00,28.7,87,978.7,akshardham,28.6127,77.2773
2026-08-14 20:00:00,28.3,89,979.1,akshardham,28.6127,77.2773
2026-08-14 21:00:00,28.2,89,979.8,akshardham,28.6127,77.2773
2026-08-14 22:00:00,28.1,90,979.7,akshardham,28.6127,77.2773
2026-08-14 23:00:00,28.3,88,979.3,akshardham,28.6127,77.2773
2026-08-15 00:00:00,28.0,90,979.3,akshardham,28.6127,77.2773
2026-08-15 01:00:00,27.7,92,979.0,akshardham,28.6127,77.2773
2026-08-15 02:00:00,27.5,93,979.2,akshardham,28.6127,77.2773
2026-08-15 03:00:00,27.3,93,978.8,akshardham,28.6127,77.2773
2026-08-15 04:00:00,27.2,94,979.1,akshardham,28.6127,77.2773
2026-08-15 05:00:00,26.7,95,979.5,akshardham,28.6127,77.2773
2026-08-15 06:00:00,26.5,99,979.9,akshardham,28.6127,77.2773
2026-08-15 07:00:00,26.5,98,980.1,akshardham,28.6127,77.2773
2026-08-15 08:00:00,27.5,93,980.6,akshardham,28.6127,77.2773
2026-08-15 09:00:00,28.0,89,980.7,akshardham,28.6127,77.2773
2026-08-15 10:00:00,29.6,82,980.7,akshardham,28.6127,77.2773
2026-08-15 11:00:00,32.3,71,980.5,akshardham,28.6127,77.2773
2026-08-15 12:00:00,31.8,70,979.6,akshardham,28.6127,77.2773
2026-08-15 13:00:00,30.6,80,979.4,akshardham,28.6127,77.2773
2026-08-15 14:00:00,32.3,71,978.2,akshardham,28.6127,77.2773
2026-08-15 15:00:00,32.7,64,977.4,akshardham,28.6127,77.2773
2026-08-15 16:00:00,32.5,67,976.7,akshardham,28.6127,77.2773
2026-08-15 17:00:00,31.9,73,976.4,akshardham,28.6127,77.2773
2026-08-15 18:00:00,31.3,78,976.8,akshardham,28.6127,77.2773
2026-08-15 19:00:00,30.7,82,977.3,akshardham,28.6127,77.2773
2026-08-15 20:00:00,30.3,85,978.0,akshardham,28.6127,77.2773
2026-08-15 21:00:00,30.0,87,978.4,akshardham,28.6127,77.2773
2026-08-15 22:00:00,29.7,88,978.6,akshardham,28.6127,77.2773
2026-08-15 23:00:00,29.6,83,978.2,akshardham,28.6127,77.2773
2026-08-16 00:00:00,29.1,86,978.1,akshardham,28.6127,77.2773
2026-08-16 01:00:00,28.8,88,977.6,akshardham,28.6127,77.2773
2026-08-16 02:00:00,28.6,88,977.3,akshardham,28.6127,77.2773
2026-08-16 03:00:00,26.1,93,976.9,akshardham,28.6127,77.2773
2026-08-16 04:00:00,26.4,92,977.0,akshardham,28.6127,77.2773
2026-08-16 05:00:00,28.0,86,976.5,akshardham,28.6127,77.2773
2026-08-16 06:00:00,27.7,85,977.4,akshardham,28.6127,77.2773
2026-08-16 07:00:00,28.7,80,977.7,akshardham,28.6127,77.2773
2026-08-16 08:00:00,29.5,78,978.2,akshardham,28.6127,77.2773
2026-08-16 09:00:00,30.2,76,978.3,akshardham,28.6127,77.2773
2026-08-16 10:00:00,31.9,70,978.4,akshardham,28.6127,77.2773
2026-08-16 11:00:00,32.6,67,978.1,akshardham,28.6127,77.2773
2026-08-16 12:00:00,33.3,65,977.7,akshardham,28.6127,77.2773
2026-08-16 13:00:00,33.5,65,977.5,akshardham,28.6127,77.2773
2026-08-16 14:00:00,33.6,65,976.5,akshardham,28.6127,77.2773
2026-08-16 15:00:00,33.5,64,975.8,akshardham,28.6127,77.2773
2026-08-16 16:00:00,33.2,65,975.6,akshardham,28.6127,77.2773
2026-08-16 17:00:00,31.6,74,976.4,akshardham,28.6127,77.2773
2026-08-16 18:00:00,31.2,78,976.6,akshardham,28.6127,77.2773
2026-08-16 19:00:00,30.6,81,977.1,akshardham,28.6127,77.2773
2026-08-16 20:00:00,29.9,84,977.8,akshardham,28.6127,77.2773
2026-08-16 21:00:00,29.5,87,978.4,akshardham,28.6127,77.2773
2026-08-16 22:00:00,29.1,88,978.6,akshardham,28.6127,77.2773
2026-08-16 23:00:00,29.5,84,977.9,akshardham,28.6127,77.2773
2026-08-17 00:00:00,29.0,84,977.8,akshardham,28.6127,77.2773
2026-08-17 01:00:00,28.5,87,977.7,akshardham,28.6127,77.2773
2026-08-17 02:00:00,28.2,87,977.1,akshardham,28.6127,77.2773
2026-08-17 03:00:00,28.2,85,977.1,akshardham,28.6127,77.2773
2026-08-17 04:00:00,28.0,84,977.1,akshardham,28.6127,77.2773
2026-08-17 05:00:00,28.4,82,977.5,akshardham,28.6127,77.2773
2026-08-17 06:00:00,28.0,84,978.0,akshardham,28.6127,77.2773
2026-08-17 07:00:00,28.8,79,978.6,akshardham,28.6127,77.2773
2026-08-17 08:00:00,29.4,76,979.2,akshardham,28.6127,77.2773
2026-08-17 09:00:00,30.3,74,979.3,akshardham,28.6127,77.2773
2026-08-17 10:00:00,31.4,71,979.7,akshardham,28.6127,77.2773
2026-08-17 11:00:00,32.7,65,979.5,akshardham,28.6127,77.2773
2026-08-17 12:00:00,33.2,64,978.9,akshardham,28.6127,77.2773
2026-08-17 13:00:00,32.0,67,978.3,akshardham,28.6127,77.2773
2026-08-17 14:00:00,31.3,71,977.8,akshardham,28.6127,77.2773
2026-08-17 15:00:00,31.9,70,977.4,akshardham,28.6127,77.2773
2026-08-17 16:00:00,31.8,73,976.6,akshardham,28.6127,77.2773
2026-08-17 17:00:00,29.7,78,977.6,akshardham,28.6127,77.2773
2026-08-17 18:00:00,27.1,95,977.2,akshardham,28.6127,77.2773
2026-08-17 19:00:00,27.5,95,977.9,akshardham,28.6127,77.2773
2026-08-17 20:00:00,27.8,90,978.7,akshardham,28.6127,77.2773
2026-08-17 21:00:00,28.1,89,979.2,akshardham,28.6127,77.2773
2026-08-17 22:00:00,28.1,89,979.6,akshardham,28.6127,77.2773
2026-08-17 23:00:00,28.7,87,979.4,akshardham,28.6127,77.2773
2026-08-18 00:00:00,28.4,88,979.3,akshardham,28.6127,77.2773
2026-08-18 01:00:00,28.1,90,979.0,akshardham,28.6127,77.2773
2026-08-18 02:00:00,27.9,90,978.8,akshardham,28.6127,77.2773
2026-08-18 03:00:00,27.6,92,978.6,akshardham,28.6127,77.2773
2026-08-18 04:00:00,27.6,88,978.6,akshardham,28.6127,77.2773
2026-08-18 05:00:00,27.7,86,978.5,akshardham,28.6127,77.2773
2026-08-18 06:00:00,27.4,89,979.1,akshardham,28.6127,77.2773
2026-08-18 07:00:00,28.3,84,979.8,akshardham,28.6127,77.2773
2026-08-18 08:00:00,29.4,75,980.0,akshardham,28.6127,77.2773
2026-08-18 09:00:00,30.6,71,980.5,akshardham,28.6127,77.2773
2026-08-18 10:00:00,31.6,68,980.6,akshardham,28.6127,77.2773
2026-08-18 11:00:00,32.5,63,980.9,akshardham,28.6127,77.2773
2026-08-18 12:00:00,33.1,60,980.4,akshardham,28.6127,77.2773
2026-08-18 13:00:00,33.5,59,979.9,akshardham,28.6127,77.2773
2026-08-18 14:00:00,33.3,60,979.1,akshardham,28.6127,77.2773
2026-08-18 15:00:00,33.1,62,978.3,akshardham,28.6127,77.2773
2026-08-18 16:00:00,31.4,69,977.8,akshardham,28.6127,77.2773
2026-08-18 17:00:00,33.0,60,978.0,akshardham,28.6127,77.2773
2026-08-18 18:00:00,30.6,74,978.9,akshardham,28.6127,77.2773
2026-08-18 19:00:00,29.2,84,979.5,akshardham,28.6127,77.2773
2026-08-18 20:00:00,28.5,89,980.3,akshardham,28.6127,77.2773
2026-08-18 21:00:00,26.7,88,980.9,akshardham,28.6127,77.2773
2026-08-18 22:00:00,26.5,87,980.7,akshardham,28.6127,77.2773
2026-08-18 23:00:00,27.6,87,980.4,akshardham,28.6127,77.2773
2026-08-19 00:00:00,27.5,88,980.0,akshardham,28.6127,77.2773
2026-08-19 01:00:00,27.4,89,979.5,akshardham,28.6127,77.2773
2026-08-19 02:00:00,27.1,92,979.5,akshardham,28.6127,77.2773
2026-08-19 03:00:00,27.0,93,979.2,akshardham,28.6127,77.2773
2026-08-19 04:00:00,26.8,95,979.7,akshardham,28.6127,77.2773
2026-08-19 05:00:00,28.2,93,979.0,akshardham,28.6127,77.2773
2026-08-19 06:00:00,28.2,90,979.9,akshardham,28.6127,77.2773
2026-08-19 07:00:00,28.7,87,980.6,akshardham,28.6127,77.2773
2026-08-19 08:00:00,29.7,81,981.1,akshardham,28.6127,77.2773
2026-08-19 09:00:00,30.7,74,981.5,akshardham,28.6127,77.2773
2026-08-19 10:00:00,31.6,69,981.3,akshardham,28.6127,77.2773
2026-08-19 11:00:00,31.7,64,981.5,akshardham,28.6127,77.2773
2026-08-19 12:00:00,31.9,65,980.7,akshardham,28.6127,77.2773
2026-08-19 13:00:00,32.6,63,980.3,akshardham,28.6127,77.2773
2026-08-19 14:00:00,32.9,63,979.6,akshardham,28.6127,77.2773
2026-08-19 15:00:00,33.0,61,978.9,akshardham,28.6127,77.2773
2026-08-19 16:00:00,33.1,59,978.4,akshardham,28.6127,77.2773
2026-08-19 17:00:00,28.4,87,979.9,akshardham,28.6127,77.2773
2026-08-19 18:00:00,28.0,92,979.5,akshardham,28.6127,77.2773
2026-08-19 19:00:00,28.4,91,979.9,akshardham,28.6127,77.2773
2026-08-19 20:00:00,28.3,92,980.6,akshardham,28.6127,77.2773
2026-08-19 21:00:00,28.0,93,981.2,akshardham,28.6127,77.2773
2026-08-19 22:00:00,27.8,94,981.0,akshardham,28.6127,77.2773
2026-08-19 23:00:00,29.2,92,980.8,akshardham,28.6127,77.2773
2026-08-20 00:00:00,28.7,94,980.6,akshardham,28.6127,77.2773
2026-08-20 01:00:00,28.2,92,980.7,akshardham,28.6127,77.2773
2026-08-20 02:00:00,27.3,95,980.3,akshardham,28.6127,77.2773
2026-08-20 03:00:00,27.1,96,980.3,akshardham,28.6127,77.2773
2026-08-20 04:00:00,27.0,95,980.3,akshardham,28.6127,77.2773
2026-08-20 05:00:00,27.0,96,980.3,akshardham,28.6127,77.2773
2026-08-20 06:00:00,27.2,95,980.6,akshardham,28.6127,77.2773
2026-08-20 07:00:00,27.7,95,981.4,akshardham,28.6127,77.2773
2026-08-20 08:00:00,27.8,91,981.8,akshardham,28.6127,77.2773
2026-08-20 09:00:00,28.9,81,982.4,akshardham,28.6127,77.2773
2026-08-20 10:00:00,30.0,75,982.4,akshardham,28.6127,77.2773
2026-08-20 11:00:00,30.8,69,981.9,akshardham,28.6127,77.2773
2026-08-20 12:00:00,32.1,66,981.2,akshardham,28.6127,77.2773
2026-08-20 13:00:00,32.9,62,980.5,akshardham,28.6127,77.2773
2026-08-20 14:00:00,33.3,60,979.4,akshardham,28.6127,77.2773
2026-08-20 15:00:00,33.5,60,978.8,akshardham,28.6127,77.2773
2026-08-20 16:00:00,33.3,60,978.2,akshardham,28.6127,77.2773
2026-08-20 17:00:00,29.2,91,978.8,akshardham,28.6127,77.2773
2026-08-20 18:00:00,28.8,94,979.2,akshardham,28.6127,77.2773
2026-08-20 19:00:00,28.3,95,979.4,akshardham,28.6127,77.2773
2026-08-20 20:00:00,28.1,97,979.9,akshardham,28.6127,77.2773
2026-08-20 21:00:00,28.1,97,980.2,akshardham,28.6127,77.2773
2026-08-20 22:00:00,28.1,92,980.3,akshardham,28.6127,77.2773
2026-08-20 23:00:00,29.8,91,979.8,akshardham,28.6127,77.2773
2026-08-21 00:00:00,29.0,90,979.9,akshardham,28.6127,77.2773
2026-08-21 01:00:00,28.7,88,979.4,akshardham,28.6127,77.2773
2026-08-21 02:00:00,28.3,89,979.1,akshardham,28.6127,77.2773
2026-08-21 03:00:00,28.2,91,979.0,akshardham,28.6127,77.2773
2026-08-21 04:00:00,27.9,92,979.0,akshardham,28.6127,77.2773
2026-08-21 05:00:00,27.2,95,979.2,akshardham,28.6127,77.2773
2026-08-21 06:00:00,27.0,92,979.3,akshardham,28.6127,77.2773
2026-08-21 07:00:00,27.7,87,980.1,akshardham,28.6127,77.2773
2026-08-21 08:00:00,29.2,79,980.8,akshardham,28.6127,77.2773
2026-08-21 09:00:00,30.7,71,980.6,akshardham,28.6127,77.2773
2026-08-21 10:00:00,32.0,67,980.8,akshardham,28.6127,77.2773
2026-08-21 11:00:00,33.2,62,980.6,akshardham,28.6127,77.2773
2026-08-21 12:00:00,33.8,59,979.9,akshardham,28.6127,77.2773
2026-08-21 13:00:00,33.8,58,979.1,akshardham,28.6127,77.2773
2026-08-21 14:00:00,33.9,57,978.1,akshardham,28.6127,77.2773
2026-08-21 15:00:00,34.0,54,977.6,akshardham,28.6127,77.2773
2026-08-21 16:00:00,32.8,60,977.0,akshardham,28.6127,77.2773
2026-08-21 17:00:00,32.2,67,977.0,akshardham,28.6127,77.2773
2026-08-21 18:00:00,32.0,72,977.2,akshardham,28.6127,77.2773
2026-08-21 19:00:00,31.3,77,977.8,akshardham,28.6127,77.2773
2026-08-21 20:00:00,30.6,80,978.3,akshardham,28.6127,77.2773
2026-08-21 21:00:00,30.2,83,978.8,akshardham,28.6127,77.2773
2026-08-21 22:00:00,29.8,85,978.9,akshardham,28.6127,77.2773
2026-08-21 23:00:00,29.0,82,978.8,akshardham,28.6127,77.2773
2026-08-22 00:00:00,28.4,85,978.4,akshardham,28.6127,77.2773
2026-08-22 01:00:00,27.9,87,978.4,akshardham,28.6127,77.2773
2026-08-22 02:00:00,26.0,97,979.2,akshardham,28.6127,77.2773
2026-08-22 03:00:00,25.3,99,978.1,akshardham,28.6127,77.2773
2026-08-22 04:00:00,25.6,99,978.3,akshardham,28.6127,77.2773
2026-08-22 05:00:00,26.9,93,979.0,akshardham,28.6127,77.2773
2026-08-22 06:00:00,27.0,93,979.4,akshardham,28.6127,77.2773
2026-08-22 07:00:00,27.9,90,980.0,akshardham,28.6127,77.2773
2026-08-22 08:00:00,29.3,82,980.2,akshardham,28.6127,77.2773
2026-08-22 09:00:00,30.8,71,980.4,akshardham,28.6127,77.2773
2026-08-22 10:00:00,32.1,65,980.5,akshardham,28.6127,77.2773
2026-08-22 11:00:00,31.8,65,980.7,akshardham,28.6127,77.2773
2026-08-22 12:00:00,32.4,62,979.8,akshardham,28.6127,77.2773
2026-08-22 13:00:00,33.0,60,978.9,akshardham,28.6127,77.2773
2026-08-22 14:00:00,33.4,60,978.1,akshardham,28.6127,77.2773
2026-08-22 15:00:00,33.2,61,977.4,akshardham,28.6127,77.2773
2026-08-22 16:00:00,29.5,76,977.3,akshardham,28.6127,77.2773
2026-08-22 17:00:00,31.7,68,977.6,akshardham,28.6127,77.2773
2026-08-22 18:00:00,30.9,73,977.9,akshardham,28.6127,77.2773
2026-08-22 19:00:00,29.4,83,978.3,akshardham,28.6127,77.2773
2026-08-22 20:00:00,28.5,85,978.9,akshardham,28.6127,77.2773
2026-08-22 21:00:00,28.2,85,979.4,akshardham,28.6127,77.2773
2026-08-22 22:00:00,27.9,87,979.6,akshardham,28.6127,77.2773
2026-08-22 23:00:00,29.1,86,979.7,akshardham,28.6127,77.2773
2026-08-23 00:00:00,28.3,86,979.5,akshardham,28.6127,77.2773
2026-08-23 01:00:00,28.1,86,979.4,akshardham,28.6127,77.2773
2026-08-23 02:00:00,27.7,89,978.8,akshardham,28.6127,77.2773
2026-08-23 03:00:00,27.4,90,978.8,akshardham,28.6127,77.2773
2026-08-23 04:00:00,26.8,91,979.3,akshardham,28.6127,77.2773
2026-08-23 05:00:00,26.5,93,979.6,akshardham,28.6127,77.2773
2026-08-23 06:00:00,25.4,98,980.3,akshardham,28.6127,77.2773
2026-08-23 07:00:00,26.4,95,980.4,akshardham,28.6127,77.2773
2026-08-23 08:00:00,28.4,84,980.9,akshardham,28.6127,77.2773
2026-08-23 09:00:00,29.8,73,981.6,akshardham,28.6127,77.2773
2026-08-23 10:00:00,30.2,74,982.0,akshardham,28.6127,77.2773
2026-08-23 11:00:00,30.8,71,982.1,akshardham,28.6127,77.2773
2026-08-23 12:00:00,31.0,71,981.3,akshardham,28.6127,77.2773
2026-08-23 13:00:00,32.4,65,980.4,akshardham,28.6127,77.2773
2026-08-23 14:00:00,33.0,63,979.3,akshardham,28.6127,77.2773
2026-08-23 15:00:00,33.1,62,978.7,akshardham,28.6127,77.2773
2026-08-23 16:00:00,32.8,63,978.0,akshardham,28.6127,77.2773
2026-08-23 17:00:00,32.9,64,977.7,akshardham,28.6127,77.2773
2026-08-23 18:00:00,31.9,71,978.5,akshardham,28.6127,77.2773
2026-08-23 19:00:00,31.2,77,979.1,akshardham,28.6127,77.2773
2026-08-23 20:00:00,30.9,80,980.2,akshardham,28.6127,77.2773
2026-08-23 21:00:00,30.2,83,980.9,akshardham,28.6127,77.2773
2026-08-23 22:00:00,29.4,86,980.4,akshardham,28.6127,77.2773
2026-08-23 23:00:00,28.7,88,980.8,akshardham,28.6127,77.2773
2026-08-24 00:00:00,27.9,93,980.2,akshardham,28.6127,77.2773
2026-08-24 01:00:00,27.9,93,979.6,akshardham,28.6127,77.2773
2026-08-24 02:00:00,27.8,92,979.5,akshardham,28.6127,77.2773
2026-08-24 03:00:00,27.5,90,979.5,akshardham,28.6127,77.2773
2026-08-24 04:00:00,25.7,95,980.4,akshardham,28.6127,77.2773
2026-08-24 05:00:00,26.7,90,980.1,akshardham,28.6127,77.2773
2026-08-24 06:00:00,25.8,96,980.7,akshardham,28.6127,77.2773
2026-08-24 07:00:00,26.2,95,981.0,akshardham,28.6127,77.2773
2026-08-24 08:00:00,27.2,91,981.0,akshardham,28.6127,77.2773
2026-08-24 09:00:00,28.6,85,981.2,akshardham,28.6127,77.2773
2026-08-24 10:00:00,30.7,75,981.3,akshardham,28.6127,77.2773
2026-08-24 11:00:00,29.9,74,981.6,akshardham,28.6127,77.2773
2026-08-24 12:00:00,30.2,71,981.2,akshardham,28.6127,77.2773
2026-08-24 13:00:00,30.8,69,980.4,akshardham,28.6127,77.2773
2026-08-24 14:00:00,31.7,65,979.3,akshardham,28.6127,77.2773
2026-08-24 15:00:00,32.1,63,978.6,akshardham,28.6127,77.2773
2026-08-24 16:00:00,32.0,64,978.4,akshardham,28.6127,77.2773
2026-08-24 17:00:00,31.5,70,978.2,akshardham,28.6127,77.2773
2026-08-24 18:00:00,31.1,76,978.6,akshardham,28.6127,77.2773
2026-08-24 19:00:00,30.7,78,979.3,akshardham,28.6127,77.2773
2026-08-24 20:00:00,30.2,82,980.1,akshardham,28.6127,77.2773
2026-08-24 21:00:00,29.4,85,980.8,akshardham,28.6127,77.2773
2026-08-24 22:00:00,28.8,88,980.7,akshardham,28.6127,77.2773
2026-08-24 23:00:00,28.8,88,980.2,akshardham,28.6127,77.2773
2026-08-25 00:00:00,28.4,91,980.2,akshardham,28.6127,77.2773
2026-08-25 01:00:00,28.1,92,979.9,akshardham,28.6127,77.2773
2026-08-25 02:00:00,28.1,93,979.7,akshardham,28.6127,77.2773
2026-08-25 03:00:00,28.0,93,979.7,akshardham,28.6127,77.2773
2026-08-25 04:00:00,27.9,94,979.8,akshardham,28.6127,77.2773
2026-08-25 05:00:00,26.1,97,980.3,akshardham,28.6127,77.2773
2026-08-25 06:00:00,26.4,97,981.0,akshardham,28.6127,77.2773
2026-08-25 07:00:00,26.8,97,980.9,akshardham,28.6127,77.2773
2026-08-25 08:00:00,27.4,93,981.4,akshardham,28.6127,77.2773
2026-08-25 09:00:00,28.9,86,981.7,akshardham,28.6127,77.2773
2026-08-25 10:00:00,30.2,79,982.0,akshardham,28.6127,77.2773
2026-08-25 11:00:00,31.5,66,981.8,akshardham,28.6127,77.2773
2026-08-25 12:00:00,31.8,64,981.4,akshardham,28.6127,77.2773
2026-08-25 13:00:00,32.4,63,980.7,akshardham,28.6127,77.2773
2026-08-25 14:00:00,32.6,62,979.8,akshardham,28.6127,77.2773
2026-08-25 15:00:00,32.7,62,979.2,akshardham,28.6127,77.2773
2026-08-25 16:00:00,32.6,63,978.8,akshardham,28.6127,77.2773
2026-08-25 17:00:00,28.4,92,979.4,akshardham,28.6127,77.2773
2026-08-25 18:00:00,28.8,90,979.7,akshardham,28.6127,77.2773
2026-08-25 19:00:00,28.7,91,979.8,akshardham,28.6127,77.2773
2026-08-25 20:00:00,28.8,91,980.6,akshardham,28.6127,77.2773
2026-08-25 21:00:00,28.5,93,980.9,akshardham,28.6127,77.2773
2026-08-25 22:00:00,28.1,93,980.7,akshardham,28.6127,77.2773
2026-08-25 23:00:00,28.3,91,980.7,akshardham,28.6127,77.2773
2026-07-20 00:00:00,28.4,90,975.2,lotus_temple,28.5535,77.2588
2026-07-20 01:00:00,27.4,90,974.8,lotus_temple,28.5535,77.2588
2026-07-20 02:00:00,27.3,91,974.5,lotus_temple,28.5535,77.2588
2026-07-20 03:00:00,27.7,92,974.5,lotus_temple,28.5535,77.2588
2026-07-20 04:00:00,27.2,93,974.7,lotus_temple,28.5535,77.2588
2026-07-20 05:00:00,28.9,80,974.4,lotus_temple,28.5535,77.2588
2026-07-20 06:00:00,28.8,84,974.3,lotus_temple,28.5535,77.2588
2026-07-20 07:00:00,28.8,83,974.9,lotus_temple,28.5535,77.2588
2026-07-20 08:00:00,28.1,89,975.5,lotus_temple,28.5535,77.2588
2026-07-20 09:00:00,28.6,90,976.0,lotus_temple,28.5535,77.2588
2026-07-20 10:00:00,28.4,89,976.5,lotus_temple,28.5535,77.2588
2026-07-20 11:00:00,31.3,71,976.3,lotus_temple,28.5535,77.2588
2026-07-20 12:00:00,30.2,78,976.4,lotus_temple,28.5535,77.2588
2026-07-20 13:00:00,29.5,82,975.7,lotus_temple,28.5535,77.2588
2026-07-20 14:00:00,29.5,82,974.8,lotus_temple,28.5535,77.2588
2026-07-20 15:00:00,30.4,80,974.2,lotus_temple,28.5535,77.2588
2026-07-20 16:00:00,30.9,77,974.1,lotus_temple,28.5535,77.2588
2026-07-20 17:00:00,30.3,78,975.2,lotus_temple,28.5535,77.2588
2026-07-20 18:00:00,27.4,93,975.4,lotus_temple,28.5535,77.2588
2026-07-20 19:00:00,27.2,95,975.0,lotus_temple,28.5535,77.2588
2026-07-20 20:00:00,27.4,95,975.7,lotus_temple,28.5535,77.2588
2026-07-20 21:00:00,27.5,95,976.5,lotus_temple,28.5535,77.2588
2026-07-20 22:00:00,27.5,95,976.9,lotus_temple,28.5535,77.2588
2026-07-20 23:00:00,26.9,95,976.8,lotus_temple,28.5535,77.2588
2026-07-21 00:00:00,26.8,93,976.3,lotus_temple,28.5535,77.2588
2026-07-21 01:00:00,26.6,94,975.8,lotus_temple,28.5535,77.2588
2026-07-21 02:00:00,26.5,93,975.7,lotus_temple,28.5535,77.2588
2026-07-21 03:00:00,26.3,95,975.3,lotus_temple,28.5535,77.2588
2026-07-21 04:00:00,26.0,93,975.4,lotus_temple,28.5535,77.2588
2026-07-21 05:00:00,26.1,94,975.0,lotus_temple,28.5535,77.2588
2026-07-21 06:00:00,26.0,93,975.9,lotus_temple,28.5535,77.2588
2026-07-21 07:00:00,26.0,94,975.9,lotus_temple,28.5535,77.2588
2026-07-21 08:00:00,26.5,91,976.2,lotus_temple,28.5535,77.2588
2026-07-21 09:00:00,27.3,86,976.1,lotus_temple,28.5535,77.2588
2026-07-21 10:00:00,28.3,82,976.3,lotus_temple,28.5535,77.2588
2026-07-21 11:00:00,27.2,93,976.0,lotus_temple,28.5535,77.2588
2026-07-21 12:00:00,28.5,91,975.5,lotus_temple,28.5535,77.2588
2026-07-21 13:00:00,30.2,81,974.8,lotus_temple,28.5535,77.2588
2026-07-21 14:00:00,28.4,86,974.4,lotus_temple,28.5535,77.2588
2026-07-21 15:00:00,27.5,92,973.9,lotus_temple,28.5535,77.2588
2026-07-21 16:00:00,28.8,85,973.3,lotus_temple,28.5535,77.2588
2026-07-21 17:00:00,29.7,81,973.0,lotus_temple,28.5535,77.2588
2026-07-21 18:00:00,29.0,81,973.5,lotus_temple,28.5535,77.2588
2026-07-21 19:00:00,28.5,86,974.3,lotus_temple,28.5535,77.2588
2026-07-21 20:00:00,28.3,86,974.9,lotus_temple,28.5535,77.2588
2026-07-21 21:00:00,28.0,87,975.6,lotus_temple,28.5535,77.2588
2026-07-21 22:00:00,27.6,88,976.1,lotus_temple,28.5535,77.2588
2026-07-21 23:00:00,26.7,95,976.0,lotus_temple,28.5535,77.2588
2026-07-22 00:00:00,26.5,94,975.5,lotus_temple,28.5535,77.2588
2026-07-22 01:00:00,26.4,95,974.9,lotus_temple,28.5535,77.2588
2026-07-22 02:00:00,26.4,96,974.4,lotus_temple,28.5535,77.2588
2026-07-22 03:00:00,25.8,97,974.6,lotus_temple,28.5535,77.2588
2026-07-22 04:00:00,25.5,97,975.2,lotus_temple,28.5535,77.2588
2026-07-22 05:00:00,25.4,95,974.6,lotus_temple,28.5535,77.2588
2026-07-22 06:00:00,25.9,95,975.1,lotus_temple,28.5535,77.2588
2026-07-22 07:00:00,26.8,90,975.4,lotus_temple,28.5535,77.2588
2026-07-22 08:00:00,27.1,87,975.9,lotus_temple,28.5535,77.2588
2026-07-22 09:00:00,28.9,80,975.9,lotus_temple,28.5535,77.2588
2026-07-22 10:00:00,30.0,77,975.9,lotus_temple,28.5535,77.2588
2026-07-22 11:00:00,30.9,66,975.6,lotus_temple,28.5535,77.2588
2026-07-22 12:00:00,31.4,67,975.4,lotus_temple,28.5535,77.2588
2026-07-22 13:00:00,31.8,66,974.6,lotus_temple,28.5535,77.2588
2026-07-22 14:00:00,31.8,67,973.5,lotus_temple,28.5535,77.2588
2026-07-22 15:00:00,31.8,66,973.0,lotus_temple,28.5535,77.2588
2026-07-22 16:00:00,31.7,66,972.1,lotus_temple,28.5535,77.2588
2026-07-22 17:00:00,28.5,88,972.6,lotus_temple,28.5535,77.2588
2026-07-22 18:00:00,29.1,86,973.2,lotus_temple,28.5535,77.2588
2026-07-22 19:00:00,28.8,90,973.5,lotus_temple,28.5535,77.2588
2026-07-22 20:00:00,29.1,89,974.2,lotus_temple,28.5535,77.2588
2026-07-22 21:00:00,28.9,85,974.6,lotus_temple,28.5535,77.2588
2026-07-22 22:00:00,28.4,84,974.8,lotus_temple,28.5535,77.2588
2026-07-22 23:00:00,28.3,84,974.6,lotus_temple,28.5535,77.2588
2026-07-23 00:00:00,28.3,84,974.3,lotus_temple,28.5535,77.2588
2026-07-23 01:00:00,27.9,84,973.7,lotus_temple,28.5535,77.2588
2026-07-23 02:00:00,27.7,85,973.4,lotus_temple,28.5535,77.2588
2026-07-23 03:00:00,27.5,85,973.2,lotus_temple,28.5535,77.2588
2026-07-23 04:00:00,27.2,85,973.4,lotus_temple,28.5535,77.2588
2026-07-23 05:00:00,26.7,92,973.4,lotus_temple,28.5535,77.2588
2026-07-23 06:00:00,26.5,92,973.7,lotus_temple,28.5535,77.2588
2026-07-23 07:00:00,26.5,92,973.9,lotus_temple,28.5535,77.2588
2026-07-23 08:00:00,27.4,84,974.4,lotus_temple,28.5535,77.2588
2026-07-23 09:00:00,28.8,80,974.1,lotus_temple,28.5535,77.2588
2026-07-23 10:00:00,30.5,73,974.0,lotus_temple,28.5535,77.2588
2026-07-23 11:00:00,31.1,67,974.0,lotus_temple,28.5535,77.2588
2026-07-23 12:00:00,31.7,64,973.3,lotus_temple,28.5535,77.2588
2026-07-23 13:00:00,32.0,66,972.5,lotus_temple,28.5535,77.2588
2026-07-23 14:00:00,32.3,64,971.8,lotus_temple,28.5535,77.2588
2026-07-23 15:00:00,29.6,78,971.6,lotus_temple,28.5535,77.2588
2026-07-23 16:00:00,30.8,75,971.0,lotus_temple,28.5535,77.2588
2026-07-23 17:00:00,31.7,67,971.1,lotus_temple,28.5535,77.2588
2026-07-23 18:00:00,30.5,73,971.8,lotus_temple,28.5535,77.2588
2026-07-23 19:00:00,29.9,76,972.2,lotus_temple,28.5535,77.2588
2026-07-23 20:00:00,28.9,80,972.9,lotus_temple,28.5535,77.2588
2026-07-23 21:00:00,26.6,93,974.0,lotus_temple,28.5535,77.2588
2026-07-23 22:00:00,26.9,92,973.9,lotus_temple,28.5535,77.2588
2026-07-23 23:00:00,27.5,87,973.9,lotus_temple,28.5535,77.2588
2026-07-24 00:00:00,27.2,88,973.6,lotus_temple,28.5535,77.2588
2026-07-24 01:00:00,27.0,89,973.4,lotus_temple,28.5535,77.2588
2026-07-24 02:00:00,26.9,89,972.8,lotus_temple,28.5535,77.2588
2026-07-24 03:00:00,26.7,90,972.8,lotus_temple,28.5535,77.2588
2026-07-24 04:00:00,26.5,91,972.8,lotus_temple,28.5535,77.2588
2026-07-24 05:00:00,25.9,95,973.1,lotus_temple,28.5535,77.2588
2026-07-24 06:00:00,26.0,94,972.7,lotus_temple,28.5535,77.2588
2026-07-24 07:00:00,27.0,90,973.2,lotus_temple,28.5535,77.2588
2026-07-24 08:00:00,28.3,83,973.2,lotus_temple,28.5535,77.2588
2026-07-24 09:00:00,29.4,76,973.6,lotus_temple,28.5535,77.2588
2026-07-24 10:00:00,30.3,73,973.7,lotus_temple,28.5535,77.2588
2026-07-24 11:00:00,30.5,74,974.0,lotus_temple,28.5535,77.2588
2026-07-24 12:00:00,31.4,72,973.6,lotus_temple,28.5535,77.2588
2026-07-24 13:00:00,31.0,73,972.5,lotus_temple,28.5535,77.2588
2026-07-24 14:00:00,29.0,82,972.5,lotus_temple,28.5535,77.2588
2026-07-24 15:00:00,30.0,79,971.4,lotus_temple,28.5535,77.2588
2026-07-24 16:00:00,30.6,74,970.8,lotus_temple,28.5535,77.2588
2026-07-24 17:00:00,30.5,79,970.5,lotus_temple,28.5535,77.2588
2026-07-24 18:00:00,30.4,81,971.0,lotus_temple,28.5535,77.2588
2026-07-24 19:00:00,29.9,82,972.0,lotus_temple,28.5535,77.2588
2026-07-24 20:00:00,29.5,82,973.0,lotus_temple,28.5535,77.2588
2026-07-24 21:00:00,28.9,84,973.9,lotus_temple,28.5535,77.2588
2026-07-24 22:00:00,28.7,84,974.3,lotus_temple,28.5535,77.2588
2026-07-24 23:00:00,28.4,86,974.1,lotus_temple,28.5535,77.2588
2026-07-25 00:00:00,28.3,83,974.0,lotus_temple,28.5535,77.2588
2026-07-25 01:00:00,28.1,83,974.2,lotus_temple,28.5535,77.2588
2026-07-25 02:00:00,27.8,85,974.2,lotus_temple,28.5535,77.2588
2026-07-25 03:00:00,27.7,87,974.0,lotus_temple,28.5535,77.2588
2026-07-25 04:00:00,27.5,88,974.0,lotus_temple,28.5535,77.2588
2026-07-25 05:00:00,27.2,91,973.9,lotus_temple,28.5535,77.2588
2026-07-25 06:00:00,27.5,90,975.1,lotus_temple,28.5535,77.2588
2026-07-25 07:00:00,28.4,86,975.5,lotus_temple,28.5535,77.2588
2026-07-25 08:00:00,28.9,81,975.8,lotus_temple,28.5535,77.2588
2026-07-25 09:00:00,29.8,78,976.1,lotus_temple,28.5535,77.2588
2026-07-25 10:00:00,30.1,74,976.4,lotus_temple,28.5535,77.2588
2026-07-25 11:00:00,31.5,67,976.1,lotus_temple,28.5535,77.2588
2026-07-25 12:00:00,31.6,66,975.3,lotus_temple,28.5535,77.2588
2026-07-25 13:00:00,32.3,63,974.8,lotus_temple,28.5535,77.2588
2026-07-25 14:00:00,32.4,62,974.0,lotus_temple,28.5535,77.2588
2026-07-25 15:00:00,32.2,63,973.7,lotus_temple,28.5535,77.2588
2026-07-25 16:00:00,30.9,72,973.3,lotus_temple,28.5535,77.2588
2026-07-25 17:00:00,30.8,79,973.6,lotus_temple,28.5535,77.2588
2026-07-25 18:00:00,29.2,82,973.9,lotus_temple,28.5535,77.2588
2026-07-25 19:00:00,28.6,85,974.8,lotus_temple,28.5535,77.2588
2026-07-25 20:00:00,28.2,88,975.7,lotus_temple,28.5535,77.2588
2026-07-25 21:00:00,27.8,89,976.3,lotus_temple,28.5535,77.2588
2026-07-25 22:00:00,27.6,90,976.5,lotus_temple,28.5535,77.2588
2026-07-25 23:00:00,27.2,94,975.9,lotus_temple,28.5535,77.2588
2026-07-26 00:00:00,27.5,95,975.8,lotus_temple,28.5535,77.2588
2026-07-26 01:00:00,27.5,95,975.4,lotus_temple,28.5535,77.2588
2026-07-26 02:00:00,27.4,95,975.1,lotus_temple,28.5535,77.2588
2026-07-26 03:00:00,27.3,95,975.0,lotus_temple,28.5535,77.2588
2026-07-26 04:00:00,27.2,96,975.2,lotus_temple,28.5535,77.2588
2026-07-26 05:00:00,28.0,93,975.0,lotus_temple,28.5535,77.2588
2026-07-26 06:00:00,27.7,93,975.2,lotus_temple,28.5535,77.2588
2026-07-26 07:00:00,28.1,93,975.5,lotus_temple,28.5535,77.2588
2026-07-26 08:00:00,29.2,88,975.8,lotus_temple,28.5535,77.2588
2026-07-26 09:00:00,30.5,80,975.6,lotus_temple,28.5535,77.2588
2026-07-26 10:00:00,31.5,73,976.0,lotus_temple,28.5535,77.2588
2026-07-26 11:00:00,32.5,71,976.1,lotus_temple,28.5535,77.2588
2026-07-26 12:00:00,32.8,71,975.9,lotus_temple,28.5535,77.2588
2026-07-26 13:00:00,33.4,68,975.3,lotus_temple,28.5535,77.2588
2026-07-26 14:00:00,33.5,64,974.3,lotus_temple,28.5535,77.2588
2026-07-26 15:00:00,33.6,63,973.7,lotus_temple,28.5535,77.2588
2026-07-26 16:00:00,33.4,62,972.9,lotus_temple,28.5535,77.2588
2026-07-26 17:00:00,33.7,60,972.7,lotus_temple,28.5535,77.2588
2026-07-26 18:00:00,32.8,69,972.7,lotus_temple,28.5535,77.2588
2026-07-26 19:00:00,31.9,76,973.0,lotus_temple,28.5535,77.2588
2026-07-26 20:00:00,31.5,80,973.5,lotus_temple,28.5535,77.2588
2026-07-26 21:00:00,31.2,82,974.1,lotus_temple,28.5535,77.2588
2026-07-26 22:00:00,30.7,84,974.4,lotus_temple,28.5535,77.2588
2026-07-26 23:00:00,30.5,87,973.9,lotus_temple,28.5535,77.2588
2026-07-27 00:00:00,30.0,88,973.6,lotus_temple,28.5535,77.2588
2026-07-27 01:00:00,29.7,89,972.9,lotus_temple,28.5535,77.2588
2026-07-27 02:00:00,29.4,90,972.6,lotus_temple,28.5535,77.2588
2026-07-27 03:00:00,29.2,88,972.6,lotus_temple,28.5535,77.2588
2026-07-27 04:00:00,29.1,87,972.7,lotus_temple,28.5535,77.2588
2026-07-27 05:00:00,29.6,88,972.6,lotus_temple,28.5535,77.2588
2026-07-27 06:00:00,29.6,88,972.8,lotus_temple,28.5535,77.2588
2026-07-27 07:00:00,30.5,83,973.1,lotus_temple,28.5535,77.2588
2026-07-27 08:00:00,31.6,76,973.3,lotus_temple,28.5535,77.2588
2026-07-27 09:00:00,32.4,71,973.1,lotus_temple,28.5535,77.2588
2026-07-27 10:00:00,33.1,67,973.5,lotus_temple,28.5535,77.2588
2026-07-27 11:00:00,34.3,55,973.0,lotus_temple,28.5535,77.2588
2026-07-27 12:00:00,35.1,52,973.1,lotus_temple,28.5535,77.2588
2026-07-27 13:00:00,35.3,53,972.3,lotus_temple,28.5535,77.2588
2026-07-27 14:00:00,35.2,53,971.3,lotus_temple,28.5535,77.2588
2026-07-27 15:00:00,34.6,53,970.7,lotus_temple,28.5535,77.2588
2026-07-27 16:00:00,33.8,58,970.7,lotus_temple,28.5535,77.2588
2026-07-27 17:00:00,33.4,60,970.5,lotus_temple,28.5535,77.2588
2026-07-27 18:00:00,32.3,72,970.5,lotus_temple,28.5535,77.2588
2026-07-27 19:00:00,31.5,74,970.7,lotus_temple,28.5535,77.2588
2026-07-27 20:00:00,30.4,81,971.6,lotus_temple,28.5535,77.2588
2026-07-27 21:00:00,29.5,86,972.2,lotus_temple,28.5535,77.2588
2026-07-27 22:00:00,29.1,85,972.9,lotus_temple,28.5535,77.2588
2026-07-27 23:00:00,30.1,87,972.4,lotus_temple,28.5535,77.2588
2026-07-28 00:00:00,28.1,91,972.8,lotus_temple,28.5535,77.2588
2026-07-28 01:00:00,27.0,94,972.6,lotus_temple,28.5535,77.2588
2026-07-28 02:00:00,26.3,96,972.4,lotus_temple,28.5535,77.2588
2026-07-28 03:00:00,25.9,96,971.9,lotus_temple,28.5535,77.2588
2026-07-28 04:00:00,25.9,97,971.8,lotus_temple,28.5535,77.2588
2026-07-28 05:00:00,28.7,93,971.4,lotus_temple,28.5535,77.2588
2026-07-28 06:00:00,28.4,94,971.9,lotus_temple,28.5535,77.2588
2026-07-28 07:00:00,28.9,90,972.1,lotus_temple,28.5535,77.2588
2026-07-28 08:00:00,27.4,93,972.8,lotus_temple,28.5535,77.2588
2026-07-28 09:00:00,27.0,95,973.6,lotus_temple,28.5535,77.2588
2026-07-28 10:00:00,27.2,95,974.5,lotus_temple,28.5535,77.2588
2026-07-28 11:00:00,27.3,92,974.2,lotus_temple,28.5535,77.2588
2026-07-28 12:00:00,26.7,95,973.4,lotus_temple,28.5535,77.2588
2026-07-28 13:00:00,26.8,93,973.4,lotus_temple,28.5535,77.2588
2026-07-28 14:00:00,27.2,92,972.3,lotus_temple,28.5535,77.2588
2026-07-28 15:00:00,27.4,91,971.7,lotus_temple,28.5535,77.2588
2026-07-28 16:00:00,27.3,92,971.1,lotus_temple,28.5535,77.2588
2026-07-28 17:00:00,30.6,74,971.2,lotus_temple,28.5535,77.2588
2026-07-28 18:00:00,30.0,77,971.4,lotus_temple,28.5535,77.2588
2026-07-28 19:00:00,29.2,83,971.9,lotus_temple,28.5535,77.2588
2026-07-28 20:00:00,28.6,86,972.6,lotus_temple,28.5535,77.2588
2026-07-28 21:00:00,28.3,87,973.5,lotus_temple,28.5535,77.2588
2026-07-28 22:00:00,28.0,88,974.0,lotus_temple,28.5535,77.2588
2026-07-28 23:00:00,27.8,88,973.8,lotus_temple,28.5535,77.2588
2026-07-29 00:00:00,27.6,90,973.8,lotus_temple,28.5535,77.2588
2026-07-29 01:00:00,27.2,93,973.8,lotus_temple,28.5535,77.2588
2026-07-29 02:00:00,26.9,95,973.3,lotus_temple,28.5535,77.2588
2026-07-29 03:00:00,26.6,95,973.2,lotus_temple,28.5535,77.2588
2026-07-29 04:00:00,26.6,95,973.5,lotus_temple,28.5535,77.2588
2026-07-29 05:00:00,26.9,97,973.1,lotus_temple,28.5535,77.2588
2026-07-29 06:00:00,26.2,99,973.7,lotus_temple,28.5535,77.2588
2026-07-29 07:00:00,26.3,99,974.2,lotus_temple,28.5535,77.2588
2026-07-29 08:00:00,27.0,92,974.4,lotus_temple,28.5535,77.2588
2026-07-29 09:00:00,28.2,84,974.7,lotus_temple,28.5535,77.2588
2026-07-29 10:00:00,28.7,82,974.9,lotus_temple,28.5535,77.2588
2026-07-29 11:00:00,30.8,76,974.4,lotus_temple,28.5535,77.2588
2026-07-29 12:00:00,31.7,74,974.3,lotus_temple,28.5535,77.2588
2026-07-29 13:00:00,32.1,72,973.6,lotus_temple,28.5535,77.2588
2026-07-29 14:00:00,32.3,67,972.7,lotus_temple,28.5535,77.2588
2026-07-29 15:00:00,32.7,65,972.0,lotus_temple,28.5535,77.2588
2026-07-29 16:00:00,31.8,69,971.3,lotus_temple,28.5535,77.2588
2026-07-29 17:00:00,33.0,64,971.1,lotus_temple,28.5535,77.2588
2026-07-29 18:00:00,32.0,72,971.1,lotus_temple,28.5535,77.2588
2026-07-29 19:00:00,30.9,78,971.8,lotus_temple,28.5535,77.2588
2026-07-29 20:00:00,30.3,82,972.7,lotus_temple,28.5535,77.2588
2026-07-29 21:00:00,29.8,85,973.6,lotus_temple,28.5535,77.2588
2026-07-29 22:00:00,29.3,90,973.8,lotus_temple,28.5535,77.2588
2026-07-29 23:00:00,29.7,87,973.3,lotus_temple,28.5535,77.2588
2026-07-30 00:00:00,29.1,90,973.1,lotus_temple,28.5535,77.2588
2026-07-30 01:00:00,28.9,92,972.7,lotus_temple,28.5535,77.2588
2026-07-30 02:00:00,26.3,93,972.9,lotus_temple,28.5535,77.2588
2026-07-30 03:00:00,26.3,98,972.3,lotus_temple,28.5535,77.2588
2026-07-30 04:00:00,26.6,97,972.3,lotus_temple,28.5535,77.2588
2026-07-30 05:00:00,28.8,94,971.8,lotus_temple,28.5535,77.2588
2026-07-30 06:00:00,28.8,93,972.1,lotus_temple,28.5535,77.2588
2026-07-30 07:00:00,28.3,89,973.1,lotus_temple,28.5535,77.2588
2026-07-30 08:00:00,29.0,85,973.4,lotus_temple,28.5535,77.2588
2026-07-30 09:00:00,30.9,76,973.7,lotus_temple,28.5535,77.2588
2026-07-30 10:00:00,31.7,72,974.1,lotus_temple,28.5535,77.2588
2026-07-30 11:00:00,32.7,67,973.9,lotus_temple,28.5535,77.2588
2026-07-30 12:00:00,32.6,66,973.5,lotus_temple,28.5535,77.2588
2026-07-30 13:00:00,32.3,69,973.2,lotus_temple,28.5535,77.2588
2026-07-30 14:00:00,33.1,66,972.3,lotus_temple,28.5535,77.2588
2026-07-30 15:00:00,33.5,62,971.4,lotus_temple,28.5535,77.2588
2026-07-30 16:00:00,33.5,58,970.9,lotus_temple,28.5535,77.2588
2026-07-30 17:00:00,31.3,76,970.8,lotus_temple,28.5535,77.2588
2026-07-30 18:00:00,28.7,85,971.3,lotus_temple,28.5535,77.2588
2026-07-30 19:00:00,28.6,88,971.9,lotus_temple,28.5535,77.2588
2026-07-30 20:00:00,28.6,90,972.7,lotus_temple,28.5535,77.2588
2026-07-30 21:00:00,28.4,91,973.5,lotus_temple,28.5535,77.2588
2026-07-30 22:00:00,28.3,91,973.9,lotus_temple,28.5535,77.2588
2026-07-30 23:00:00,28.9,89,973.5,lotus_temple,28.5535,77.2588
2026-07-31 00:00:00,28.7,90,973.1,lotus_temple,28.5535,77.2588
2026-07-31 01:00:00,28.5,89,973.1,lotus_temple,28.5535,77.2588
2026-07-31 02:00:00,28.4,88,973.0,lotus_temple,28.5535,77.2588
2026-07-31 03:00:00,28.2,87,972.9,lotus_temple,28.5535,77.2588
2026-07-31 04:00:00,28.0,86,973.1,lotus_temple,28.5535,77.2588
2026-07-31 05:00:00,28.2,83,972.9,lotus_temple,28.5535,77.2588
2026-07-31 06:00:00,28.1,84,973.4,lotus_temple,28.5535,77.2588
2026-07-31 07:00:00,28.6,82,973.9,lotus_temple,28.5535,77.2588
2026-07-31 08:00:00,29.0,79,974.2,lotus_temple,28.5535,77.2588
2026-07-31 09:00:00,29.6,76,974.5,lotus_temple,28.5535,77.2588
2026-07-31 10:00:00,30.2,74,974.5,lotus_temple,28.5535,77.2588
2026-07-31 11:00:00,30.8,71,974.8,lotus_temple,28.5535,77.2588
2026-07-31 12:00:00,31.6,66,974.1,lotus_temple,28.5535,77.2588
2026-07-31 13:00:00,32.0,63,973.4,lotus_temple,28.5535,77.2588
2026-07-31 14:00:00,32.5,64,972.5,lotus_temple,28.5535,77.2588
2026-07-31 15:00:00,32.2,71,971.6,lotus_temple,28.5535,77.2588
2026-07-31 16:00:00,30.7,76,971.0,lotus_temple,28.5535,77.2588
2026-07-31 17:00:00,31.7,72,970.9,lotus_temple,28.5535,77.2588
2026-07-31 18:00:00,31.0,75,971.6,lotus_temple,28.5535,77.2588
2026-07-31 19:00:00,30.0,81,972.2,lotus_temple,28.5535,77.2588
2026-07-31 20:00:00,29.6,84,972.9,lotus_temple,28.5535,77.2588
2026-07-31 21:00:00,29.3,84,973.7,lotus_temple,28.5535,77.2588
2026-07-31 22:00:00,28.8,86,974.1,lotus_temple,28.5535,77.2588
2026-07-31 23:00:00,28.1,88,973.6,lotus_temple,28.5535,77.2588
2026-08-01 00:00:00,28.4,88,973.6,lotus_temple,28.5535,77.2588
2026-08-01 01:00:00,27.6,90,973.5,lotus_temple,28.5535,77.2588
2026-08-01 02:00:00,27.3,89,973.0,lotus_temple,28.5535,77.2588
2026-08-01 03:00:00,27.3,90,973.0,lotus_temple,28.5535,77.2588
2026-08-01 04:00:00,27.3,90,973.1,lotus_temple,28.5535,77.2588
2026-08-01 05:00:00,26.8,94,973.1,lotus_temple,28.5535,77.2588
2026-08-01 06:00:00,26.8,93,973.5,lotus_temple,28.5535,77.2588
2026-08-01 07:00:00,27.1,90,974.0,lotus_temple,28.5535,77.2588
2026-08-01 08:00:00,27.8,86,973.9,lotus_temple,28.5535,77.2588
2026-08-01 09:00:00,29.6,77,973.9,lotus_temple,28.5535,77.2588
2026-08-01 10:00:00,30.7,72,973.9,lotus_temple,28.5535,77.2588
2026-08-01 11:00:00,31.4,70,973.6,lotus_temple,28.5535,77.2588
2026-08-01 12:00:00,32.1,69,973.0,lotus_temple,28.5535,77.2588
2026-08-01 13:00:00,31.6,67,972.6,lotus_temple,28.5535,77.2588
2026-08-01 14:00:00,31.4,74,971.8,lotus_temple,28.5535,77.2588
2026-08-01 15:00:00,31.2,76,971.1,lotus_temple,28.5535,77.2588
2026-08-01 16:00:00,31.4,73,970.7,lotus_temple,28.5535,77.2588
2026-08-01 17:00:00,30.4,80,971.2,lotus_temple,28.5535,77.2588
2026-08-01 18:00:00,30.2,82,971.5,lotus_temple,28.5535,77.2588
2026-08-01 19:00:00,29.7,85,971.9,lotus_temple,28.5535,77.2588
2026-08-01 20:00:00,29.5,87,972.6,lotus_temple,28.5535,77.2588
2026-08-01 21:00:00,29.3,88,973.5,lotus_temple,28.5535,77.2588
2026-08-01 22:00:00,29.1,88,973.8,lotus_temple,28.5535,77.2588
2026-08-01 23:00:00,26.9,91,973.9,lotus_temple,28.5535,77.2588
2026-08-02 00:00:00,26.6,93,973.4,lotus_temple,28.5535,77.2588
2026-08-02 01:00:00,26.7,94,973.8,lotus_temple,28.5535,77.2588
2026-08-02 02:00:00,26.9,95,973.6,lotus_temple,28.5535,77.2588
2026-08-02 03:00:00,26.8,95,973.0,lotus_temple,28.5535,77.2588
2026-08-02 04:00:00,26.8,96,973.5,lotus_temple,28.5535,77.2588
2026-08-02 05:00:00,26.9,96,973.7,lotus_temple,28.5535,77.2588
2026-08-02 06:00:00,26.3,97,974.4,lotus_temple,28.5535,77.2588
2026-08-02 07:00:00,26.9,96,974.4,lotus_temple,28.5535,77.2588
2026-08-02 08:00:00,28.5,88,974.7,lotus_temple,28.5535,77.2588
2026-08-02 09:00:00,30.3,79,974.6,lotus_temple,28.5535,77.2588
2026-08-02 10:00:00,31.6,71,974.5,lotus_temple,28.5535,77.2588
2026-08-02 11:00:00,32.9,65,974.5,lotus_temple,28.5535,77.2588
2026-08-02 12:00:00,33.2,63,974.1,lotus_temple,28.5535,77.2588
2026-08-02 13:00:00,31.7,69,974.1,lotus_temple,28.5535,77.2588
2026-08-02 14:00:00,31.7,73,973.0,lotus_temple,28.5535,77.2588
2026-08-02 15:00:00,32.4,69,972.4,lotus_temple,28.5535,77.2588
2026-08-02 16:00:00,32.3,68,972.0,lotus_temple,28.5535,77.2588
2026-08-02 17:00:00,28.2,92,972.6,lotus_temple,28.5535,77.2588
2026-08-02 18:00:00,27.6,95,973.3,lotus_temple,28.5535,77.2588
2026-08-02 19:00:00,27.4,96,973.0,lotus_temple,28.5535,77.2588
2026-08-02 20:00:00,27.5,96,973.8,lotus_temple,28.5535,77.2588
2026-08-02 21:00:00,27.6,97,974.9,lotus_temple,28.5535,77.2588
2026-08-02 22:00:00,27.8,98,975.3,lotus_temple,28.5535,77.2588
2026-08-02 23:00:00,28.6,96,974.5,lotus_temple,28.5535,77.2588
2026-08-03 00:00:00,28.5,95,974.3,lotus_temple,28.5535,77.2588
2026-08-03 01:00:00,28.1,95,974.2,lotus_temple,28.5535,77.2588
2026-08-03 02:00:00,27.5,94,973.9,lotus_temple,28.5535,77.2588
2026-08-03 03:00:00,27.1,96,973.6,lotus_temple,28.5535,77.2588
2026-08-03 04:00:00,27.1,97,973.8,lotus_temple,28.5535,77.2588
2026-08-03 05:00:00,27.4,96,973.5,lotus_temple,28.5535,77.2588
2026-08-03 06:00:00,27.5,96,974.0,lotus_temple,28.5535,77.2588
2026-08-03 07:00:00,27.8,93,974.3,lotus_temple,28.5535,77.2588
2026-08-03 08:00:00,28.6,87,975.2,lotus_temple,28.5535,77.2588
2026-08-03 09:00:00,29.6,83,975.4,lotus_temple,28.5535,77.2588
2026-08-03 10:00:00,30.6,80,975.7,lotus_temple,28.5535,77.2588
2026-08-03 11:00:00,31.0,76,975.3,lotus_temple,28.5535,77.2588
2026-08-03 12:00:00,32.7,70,975.1,lotus_temple,28.5535,77.2588
2026-08-03 13:00:00,31.9,72,974.8,lotus_temple,28.5535,77.2588
2026-08-03 14:00:00,30.5,79,974.1,lotus_temple,28.5535,77.2588
2026-08-03 15:00:00,30.8,78,974.0,lotus_temple,28.5535,77.2588
2026-08-03 16:00:00,30.5,77,973.3,lotus_temple,28.5535,77.2588
2026-08-03 17:00:00,32.3,74,972.7,lotus_temple,28.5535,77.2588
2026-08-03 18:00:00,29.8,75,972.6,lotus_temple,28.5535,77.2588
2026-08-03 19:00:00,27.1,95,974.1,lotus_temple,28.5535,77.2588
2026-08-03 20:00:00,27.1,95,974.9,lotus_temple,28.5535,77.2588
2026-08-03 21:00:00,27.2,95,975.7,lotus_temple,28.5535,77.2588
2026-08-03 22:00:00,27.1,96,976.0,lotus_temple,28.5535,77.2588
2026-08-03 23:00:00,27.0,98,975.8,lotus_temple,28.5535,77.2588
2026-08-04 00:00:00,27.1,97,975.3,lotus_temple,28.5535,77.2588
2026-08-04 01:00:00,26.7,98,975.0,lotus_temple,28.5535,77.2588
2026-08-04 02:00:00,26.6,98,974.9,lotus_temple,28.5535,77.2588
2026-08-04 03:00:00,26.6,98,975.1,lotus_temple,28.5535,77.2588
2026-08-04 04:00:00,26.7,97,975.0,lotus_temple,28.5535,77.2588
2026-08-04 05:00:00,26.5,97,974.5,lotus_temple,28.5535,77.2588
2026-08-04 06:00:00,26.2,99,975.3,lotus_temple,28.5535,77.2588
2026-08-04 07:00:00,26.9,97,975.4,lotus_temple,28.5535,77.2588
2026-08-04 08:00:00,27.7,91,976.2,lotus_temple,28.5535,77.2588
2026-08-04 09:00:00,29.1,82,976.4,lotus_temple,28.5535,77.2588
2026-08-04 10:00:00,30.0,81,976.9,lotus_temple,28.5535,77.2588
2026-08-04 11:00:00,28.6,88,976.6,lotus_temple,28.5535,77.2588
2026-08-04 12:00:00,28.0,92,976.2,lotus_temple,28.5535,77.2588
2026-08-04 13:00:00,28.6,88,975.8,lotus_temple,28.5535,77.2588
2026-08-04 14:00:00,29.3,84,975.2,lotus_temple,28.5535,77.2588
2026-08-04 15:00:00,29.8,81,974.7,lotus_temple,28.5535,77.2588
2026-08-04 16:00:00,29.4,81,973.8,lotus_temple,28.5535,77.2588
2026-08-04 17:00:00,27.3,93,974.2,lotus_temple,28.5535,77.2588
2026-08-04 18:00:00,27.3,93,974.1,lotus_temple,28.5535,77.2588
2026-08-04 19:00:00,27.0,95,974.3,lotus_temple,28.5535,77.2588
2026-08-04 20:00:00,27.0,96,975.0,lotus_temple,28.5535,77.2588
2026-08-04 21:00:00,27.1,96,975.8,lotus_temple,28.5535,77.2588
2026-08-04 22:00:00,26.9,97,975.9,lotus_temple,28.5535,77.2588
2026-08-04 23:00:00,27.5,94,975.1,lotus_temple,28.5535,77.2588
2026-08-05 00:00:00,27.3,97,974.5,lotus_temple,28.5535,77.2588
2026-08-05 01:00:00,27.2,98,974.2,lotus_temple,28.5535,77.2588
2026-08-05 02:00:00,27.2,98,973.8,lotus_temple,28.5535,77.2588
2026-08-05 03:00:00,27.0,90,973.8,lotus_temple,28.5535,77.2588
2026-08-05 04:00:00,26.5,94,973.7,lotus_temple,28.5535,77.2588
2026-08-05 05:00:00,25.7,99,973.5,lotus_temple,28.5535,77.2588
2026-08-05 06:00:00,25.8,97,974.0,lotus_temple,28.5535,77.2588
2026-08-05 07:00:00,26.8,94,974.0,lotus_temple,28.5535,77.2588
2026-08-05 08:00:00,28.4,87,974.2,lotus_temple,28.5535,77.2588
2026-08-05 09:00:00,30.0,77,974.2,lotus_temple,28.5535,77.2588
2026-08-05 10:00:00,31.2,71,974.1,lotus_temple,28.5535,77.2588
2026-08-05 11:00:00,31.4,71,974.2,lotus_temple,28.5535,77.2588
2026-08-05 12:00:00,30.5,75,973.0,lotus_temple,28.5535,77.2588
2026-08-05 13:00:00,31.4,71,972.7,lotus_temple,28.5535,77.2588
2026-08-05 14:00:00,31.5,68,971.6,lotus_temple,28.5535,77.2588
2026-08-05 15:00:00,32.5,64,971.3,lotus_temple,28.5535,77.2588
2026-08-05 16:00:00,32.3,64,970.9,lotus_temple,28.5535,77.2588
2026-08-05 17:00:00,28.3,93,971.0,lotus_temple,28.5535,77.2588
2026-08-05 18:00:00,28.0,91,971.7,lotus_temple,28.5535,77.2588
2026-08-05 19:00:00,27.9,93,972.5,lotus_temple,28.5535,77.2588
2026-08-05 20:00:00,27.7,94,973.1,lotus_temple,28.5535,77.2588
2026-08-05 21:00:00,27.7,95,973.7,lotus_temple,28.5535,77.2588
2026-08-05 22:00:00,27.6,96,973.8,lotus_temple,28.5535,77.2588
2026-08-05 23:00:00,27.1,99,973.3,lotus_temple,28.5535,77.2588
2026-08-06 00:00:00,27.4,95,972.9,lotus_temple,28.5535,77.2588
2026-08-06 01:00:00,26.4,98,972.8,lotus_temple,28.5535,77.2588
2026-08-06 02:00:00,26.6,97,972.3,lotus_temple,28.5535,77.2588
2026-08-06 03:00:00,26.8,97,972.2,lotus_temple,28.5535,77.2588
2026-08-06 04:00:00,26.9,98,972.7,lotus_temple,28.5535,77.2588
2026-08-06 05:00:00,27.4,95,972.2,lotus_temple,28.5535,77.2588
2026-08-06 06:00:00,27.5,95,973.2,lotus_temple,28.5535,77.2588
2026-08-06 07:00:00,27.6,91,973.9,lotus_temple,28.5535,77.2588
2026-08-06 08:00:00,27.1,92,974.5,lotus_temple,28.5535,77.2588
2026-08-06 09:00:00,26.9,88,975.2,lotus_temple,28.5535,77.2588
2026-08-06 10:00:00,26.8,86,975.2,lotus_temple,28.5535,77.2588
2026-08-06 11:00:00,26.9,84,975.1,lotus_temple,28.5535,77.2588
2026-08-06 12:00:00,28.3,78,974.7,lotus_temple,28.5535,77.2588
2026-08-06 13:00:00,27.8,82,974.1,lotus_temple,28.5535,77.2588
2026-08-06 14:00:00,27.4,84,973.4,lotus_temple,28.5535,77.2588
2026-08-06 15:00:00,27.1,85,973.2,lotus_temple,28.5535,77.2588
2026-08-06 16:00:00,27.7,83,972.8,lotus_temple,28.5535,77.2588
2026-08-06 17:00:00,27.6,90,972.4,lotus_temple,28.5535,77.2588
2026-08-06 18:00:00,27.3,91,972.7,lotus_temple,28.5535,77.2588
2026-08-06 19:00:00,27.2,92,973.2,lotus_temple,28.5535,77.2588
2026-08-06 20:00:00,27.1,93,973.7,lotus_temple,28.5535,77.2588
2026-08-06 21:00:00,27.0,93,974.1,lotus_temple,28.5535,77.2588
2026-08-06 22:00:00,26.9,93,974.2,lotus_temple,28.5535,77.2588
2026-08-06 23:00:00,26.6,94,974.3,lotus_temple,28.5535,77.2588
2026-08-07 00:00:00,25.9,97,973.9,lotus_temple,28.5535,77.2588
2026-08-07 01:00:00,25.9,97,973.6,lotus_temple,28.5535,77.2588
2026-08-07 02:00:00,25.9,99,973.2,lotus_temple,28.5535,77.2588
2026-08-07 03:00:00,25.9,98,973.1,lotus_temple,28.5535,77.2588
2026-08-07 04:00:00,25.6,96,973.1,lotus_temple,28.5535,77.2588
2026-08-07 05:00:00,26.0,97,972.7,lotus_temple,28.5535,77.2588
2026-08-07 06:00:00,26.0,97,973.0,lotus_temple,28.5535,77.2588
2026-08-07 07:00:00,26.0,97,973.7,lotus_temple,28.5535,77.2588
2026-08-07 08:00:00,26.4,95,973.8,lotus_temple,28.5535,77.2588
2026-08-07 09:00:00,26.4,93,974.0,lotus_temple,28.5535,77.2588
2026-08-07 10:00:00,26.9,93,974.1,lotus_temple,28.5535,77.2588
2026-08-07 11:00:00,27.1,90,973.9,lotus_temple,28.5535,77.2588
2026-08-07 12:00:00,26.5,96,973.5,lotus_temple,28.5535,77.2588
2026-08-07 13:00:00,27.2,95,972.8,lotus_temple,28.5535,77.2588
2026-08-07 14:00:00,28.6,89,972.2,lotus_temple,28.5535,77.2588
2026-08-07 15:00:00,29.7,81,971.8,lotus_temple,28.5535,77.2588
2026-08-07 16:00:00,27.9,87,971.8,lotus_temple,28.5535,77.2588
2026-08-07 17:00:00,27.4,90,971.9,lotus_temple,28.5535,77.2588
2026-08-07 18:00:00,26.8,93,972.1,lotus_temple,28.5535,77.2588
2026-08-07 19:00:00,26.6,93,972.8,lotus_temple,28.5535,77.2588
2026-08-07 20:00:00,26.4,95,973.5,lotus_temple,28.5535,77.2588
2026-08-07 21:00:00,25.7,96,974.2,lotus_temple,28.5535,77.2588
2026-08-07 22:00:00,25.6,96,974.4,lotus_temple,28.5535,77.2588
2026-08-07 23:00:00,25.4,97,974.4,lotus_temple,28.5535,77.2588
2026-08-08 00:00:00,25.9,96,973.9,lotus_temple,28.5535,77.2588
2026-08-08 01:00:00,25.8,95,973.5,lotus_temple,28.5535,77.2588
2026-08-08 02:00:00,25.2,97,973.3,lotus_temple,28.5535,77.2588
2026-08-08 03:00:00,24.8,98,973.3,lotus_temple,28.5535,77.2588
2026-08-08 04:00:00,24.7,99,973.3,lotus_temple,28.5535,77.2588
2026-08-08 05:00:00,25.7,98,973.2,lotus_temple,28.5535,77.2588
2026-08-08 06:00:00,25.5,96,973.9,lotus_temple,28.5535,77.2588
2026-08-08 07:00:00,25.8,95,974.0,lotus_temple,28.5535,77.2588
2026-08-08 08:00:00,27.3,93,974.7,lotus_temple,28.5535,77.2588
2026-08-08 09:00:00,29.7,85,975.1,lotus_temple,28.5535,77.2588
2026-08-08 10:00:00,31.0,77,975.2,lotus_temple,28.5535,77.2588
2026-08-08 11:00:00,29.4,79,975.6,lotus_temple,28.5535,77.2588
2026-08-08 12:00:00,31.5,73,975.4,lotus_temple,28.5535,77.2588
2026-08-08 13:00:00,30.3,74,974.9,lotus_temple,28.5535,77.2588
2026-08-08 14:00:00,31.2,73,973.8,lotus_temple,28.5535,77.2588
2026-08-08 15:00:00,32.2,67,973.3,lotus_temple,28.5535,77.2588
2026-08-08 16:00:00,31.1,72,972.7,lotus_temple,28.5535,77.2588
2026-08-08 17:00:00,30.9,75,973.6,lotus_temple,28.5535,77.2588
2026-08-08 18:00:00,30.3,79,973.7,lotus_temple,28.5535,77.2588
2026-08-08 19:00:00,29.3,84,974.1,lotus_temple,28.5535,77.2588
2026-08-08 20:00:00,29.0,87,975.1,lotus_temple,28.5535,77.2588
2026-08-08 21:00:00,28.8,88,975.9,lotus_temple,28.5535,77.2588
2026-08-08 22:00:00,28.5,89,976.3,lotus_temple,28.5535,77.2588
2026-08-08 23:00:00,29.1,89,976.1,lotus_temple,28.5535,77.2588
2026-08-09 00:00:00,28.5,89,975.9,lotus_temple,28.5535,77.2588
2026-08-09 01:00:00,28.2,90,975.6,lotus_temple,28.5535,77.2588
2026-08-09 02:00:00,27.5,91,975.7,lotus_temple,28.5535,77.2588
2026-08-09 03:00:00,26.3,95,975.7,lotus_temple,28.5535,77.2588
2026-08-09 04:00:00,26.1,95,975.7,lotus_temple,28.5535,77.2588
2026-08-09 05:00:00,25.3,98,975.8,lotus_temple,28.5535,77.2588
2026-08-09 06:00:00,25.9,98,976.0,lotus_temple,28.5535,77.2588
2026-08-09 07:00:00,27.4,93,976.5,lotus_temple,28.5535,77.2588
2026-08-09 08:00:00,29.2,86,976.9,lotus_temple,28.5535,77.2588
2026-08-09 09:00:00,30.8,77,976.9,lotus_temple,28.5535,77.2588
2026-08-09 10:00:00,31.6,74,977.3,lotus_temple,28.5535,77.2588
2026-08-09 11:00:00,32.5,69,976.7,lotus_temple,28.5535,77.2588
2026-08-09 12:00:00,33.1,64,976.1,lotus_temple,28.5535,77.2588
2026-08-09 13:00:00,33.6,62,975.5,lotus_temple,28.5535,77.2588
2026-08-09 14:00:00,33.9,61,974.6,lotus_temple,28.5535,77.2588
2026-08-09 15:00:00,34.1,61,974.0,lotus_temple,28.5535,77.2588
2026-08-09 16:00:00,33.8,62,973.4,lotus_temple,28.5535,77.2588
2026-08-09 17:00:00,33.6,64,973.1,lotus_temple,28.5535,77.2588
2026-08-09 18:00:00,32.1,73,973.8,lotus_temple,28.5535,77.2588
2026-08-09 19:00:00,30.9,79,974.3,lotus_temple,28.5535,77.2588
2026-08-09 20:00:00,30.2,82,974.6,lotus_temple,28.5535,77.2588
2026-08-09 21:00:00,29.7,84,975.5,lotus_temple,28.5535,77.2588
2026-08-09 22:00:00,29.3,84,975.9,lotus_temple,28.5535,77.2588
2026-08-09 23:00:00,30.0,82,975.4,lotus_temple,28.5535,77.2588
2026-08-10 00:00:00,29.4,84,975.1,lotus_temple,28.5535,77.2588
2026-08-10 01:00:00,28.3,88,974.8,lotus_temple,28.5535,77.2588
2026-08-10 02:00:00,27.4,92,974.7,lotus_temple,28.5535,77.2588
2026-08-10 03:00:00,27.5,93,974.2,lotus_temple,28.5535,77.2588
2026-08-10 04:00:00,27.6,93,974.6,lotus_temple,28.5535,77.2588
2026-08-10 05:00:00,27.4,92,974.5,lotus_temple,28.5535,77.2588
2026-08-10 06:00:00,27.0,91,975.2,lotus_temple,28.5535,77.2588
2026-08-10 07:00:00,27.3,90,975.3,lotus_temple,28.5535,77.2588
2026-08-10 08:00:00,28.4,86,975.6,lotus_temple,28.5535,77.2588
2026-08-10 09:00:00,29.7,81,975.9,lotus_temple,28.5535,77.2588
2026-08-10 10:00:00,31.0,75,976.0,lotus_temple,28.5535,77.2588
2026-08-10 11:00:00,33.0,65,975.5,lotus_temple,28.5535,77.2588
2026-08-10 12:00:00,33.1,65,975.2,lotus_temple,28.5535,77.2588
2026-08-10 13:00:00,29.5,82,975.2,lotus_temple,28.5535,77.2588
2026-08-10 14:00:00,28.9,87,974.2,lotus_temple,28.5535,77.2588
2026-08-10 15:00:00,29.4,86,973.9,lotus_temple,28.5535,77.2588
2026-08-10 16:00:00,29.6,84,973.2,lotus_temple,28.5535,77.2588
2026-08-10 17:00:00,29.8,85,973.5,lotus_temple,28.5535,77.2588
2026-08-10 18:00:00,29.2,88,973.7,lotus_temple,28.5535,77.2588
2026-08-10 19:00:00,28.7,91,974.2,lotus_temple,28.5535,77.2588
2026-08-10 20:00:00,28.5,92,975.1,lotus_temple,28.5535,77.2588
2026-08-10 21:00:00,28.4,92,975.7,lotus_temple,28.5535,77.2588
2026-08-10 22:00:00,28.3,92,975.4,lotus_temple,28.5535,77.2588
2026-08-10 23:00:00,28.0,96,974.6,lotus_temple,28.5535,77.2588
2026-08-11 00:00:00,27.6,96,974.5,lotus_temple,28.5535,77.2588
2026-08-11 01:00:00,27.4,95,974.5,lotus_temple,28.5535,77.2588
2026-08-11 02:00:00,27.2,96,974.5,lotus_temple,28.5535,77.2588
2026-08-11 03:00:00,27.1,96,974.1,lotus_temple,28.5535,77.2588
2026-08-11 04:00:00,27.1,91,974.4,lotus_temple,28.5535,77.2588
2026-08-11 05:00:00,26.7,95,974.8,lotus_temple,28.5535,77.2588
2026-08-11 06:00:00,26.8,95,974.9,lotus_temple,28.5535,77.2588
2026-08-11 07:00:00,27.5,92,975.6,lotus_temple,28.5535,77.2588
2026-08-11 08:00:00,28.3,87,976.0,lotus_temple,28.5535,77.2588
2026-08-11 09:00:00,29.0,85,976.4,lotus_temple,28.5535,77.2588
2026-08-11 10:00:00,30.1,81,976.6,lotus_temple,28.5535,77.2588
2026-08-11 11:00:00,29.6,83,976.2,lotus_temple,28.5535,77.2588
2026-08-11 12:00:00,28.7,84,976.1,lotus_temple,28.5535,77.2588
2026-08-11 13:00:00,28.4,90,975.5,lotus_temple,28.5535,77.2588
2026-08-11 14:00:00,29.3,89,974.7,lotus_temple,28.5535,77.2588
2026-08-11 15:00:00,30.6,81,973.5,lotus_temple,28.5535,77.2588
2026-08-11 16:00:00,30.7,78,973.2,lotus_temple,28.5535,77.2588
2026-08-11 17:00:00,30.2,79,973.6,lotus_temple,28.5535,77.2588
2026-08-11 18:00:00,30.0,81,973.6,lotus_temple,28.5535,77.2588
2026-08-11 19:00:00,29.2,87,974.1,lotus_temple,28.5535,77.2588
2026-08-11 20:00:00,28.8,90,975.0,lotus_temple,28.5535,77.2588
2026-08-11 21:00:00,28.6,91,975.7,lotus_temple,28.5535,77.2588
2026-08-11 22:00:00,28.2,93,976.0,lotus_temple,28.5535,77.2588
2026-08-11 23:00:00,28.5,88,975.5,lotus_temple,28.5535,77.2588
2026-08-12 00:00:00,28.2,91,975.4,lotus_temple,28.5535,77.2588
2026-08-12 01:00:00,28.1,92,975.4,lotus_temple,28.5535,77.2588
2026-08-12 02:00:00,27.6,94,975.4,lotus_temple,28.5535,77.2588
2026-08-12 03:00:00,27.3,95,975.4,lotus_temple,28.5535,77.2588
2026-08-12 04:00:00,27.1,96,975.5,lotus_temple,28.5535,77.2588
2026-08-12 05:00:00,27.3,97,975.3,lotus_temple,28.5535,77.2588
2026-08-12 06:00:00,27.4,97,975.6,lotus_temple,28.5535,77.2588
2026-08-12 07:00:00,28.5,92,975.9,lotus_temple,28.5535,77.2588
2026-08-12 08:00:00,30.0,83,976.4,lotus_temple,28.5535,77.2588
2026-08-12 09:00:00,31.2,74,976.6,lotus_temple,28.5535,77.2588
2026-08-12 10:00:00,32.1,69,976.6,lotus_temple,28.5535,77.2588
2026-08-12 11:00:00,33.0,64,976.3,lotus_temple,28.5535,77.2588
2026-08-12 12:00:00,33.4,63,975.9,lotus_temple,28.5535,77.2588
2026-08-12 13:00:00,34.0,60,974.8,lotus_temple,28.5535,77.2588
2026-08-12 14:00:00,34.3,60,974.4,lotus_temple,28.5535,77.2588
2026-08-12 15:00:00,34.4,59,974.1,lotus_temple,28.5535,77.2588
2026-08-12 16:00:00,34.4,57,973.4,lotus_temple,28.5535,77.2588
2026-08-12 17:00:00,34.4,60,973.7,lotus_temple,28.5535,77.2588
2026-08-12 18:00:00,31.4,76,974.5,lotus_temple,28.5535,77.2588
2026-08-12 19:00:00,29.5,86,975.5,lotus_temple,28.5535,77.2588
2026-08-12 20:00:00,28.5,88,975.9,lotus_temple,28.5535,77.2588
2026-08-12 21:00:00,28.4,91,977.0,lotus_temple,28.5535,77.2588
2026-08-12 22:00:00,28.2,94,977.3,lotus_temple,28.5535,77.2588
2026-08-12 23:00:00,29.7,86,977.1,lotus_temple,28.5535,77.2588
2026-08-13 00:00:00,29.1,89,977.2,lotus_temple,28.5535,77.2588
2026-08-13 01:00:00,28.8,89,976.4,lotus_temple,28.5535,77.2588
2026-08-13 02:00:00,28.6,89,975.8,lotus_temple,28.5535,77.2588
2026-08-13 03:00:00,28.4,89,975.9,lotus_temple,28.5535,77.2588
2026-08-13 04:00:00,28.0,92,975.6,lotus_temple,28.5535,77.2588
2026-08-13 05:00:00,26.9,96,975.6,lotus_temple,28.5535,77.2588
2026-08-13 06:00:00,26.6,98,976.0,lotus_temple,28.5535,77.2588
2026-08-13 07:00:00,28.0,94,976.2,lotus_temple,28.5535,77.2588
2026-08-13 08:00:00,30.2,81,976.2,lotus_temple,28.5535,77.2588
2026-08-13 09:00:00,31.7,76,976.3,lotus_temple,28.5535,77.2588
2026-08-13 10:00:00,32.8,70,976.6,lotus_temple,28.5535,77.2588
2026-08-13 11:00:00,32.1,71,976.5,lotus_temple,28.5535,77.2588
2026-08-13 12:00:00,33.6,67,976.2,lotus_temple,28.5535,77.2588
2026-08-13 13:00:00,31.9,71,975.2,lotus_temple,28.5535,77.2588
2026-08-13 14:00:00,32.5,72,974.8,lotus_temple,28.5535,77.2588
2026-08-13 15:00:00,33.6,65,974.0,lotus_temple,28.5535,77.2588
2026-08-13 16:00:00,33.4,66,973.4,lotus_temple,28.5535,77.2588
2026-08-13 17:00:00,30.0,89,973.8,lotus_temple,28.5535,77.2588
2026-08-13 18:00:00,30.0,84,974.0,lotus_temple,28.5535,77.2588
2026-08-13 19:00:00,29.7,88,974.6,lotus_temple,28.5535,77.2588
2026-08-13 20:00:00,29.8,90,975.2,lotus_temple,28.5535,77.2588
2026-08-13 21:00:00,29.9,89,975.9,lotus_temple,28.5535,77.2588
2026-08-13 22:00:00,29.8,89,975.8,lotus_temple,28.5535,77.2588
2026-08-13 23:00:00,30.3,89,975.2,lotus_temple,28.5535,77.2588
2026-08-14 00:00:00,29.8,90,975.0,lotus_temple,28.5535,77.2588
2026-08-14 01:00:00,29.4,90,974.7,lotus_temple,28.5535,77.2588
2026-08-14 02:00:00,29.2,90,974.5,lotus_temple,28.5535,77.2588
2026-08-14 03:00:00,28.9,90,974.3,lotus_temple,28.5535,77.2588
2026-08-14 04:00:00,28.6,91,974.4,lotus_temple,28.5535,77.2588
2026-08-14 05:00:00,27.1,97,974.4,lotus_temple,28.5535,77.2588
2026-08-14 06:00:00,26.6,97,975.5,lotus_temple,28.5535,77.2588
2026-08-14 07:00:00,27.2,95,976.0,lotus_temple,28.5535,77.2588
2026-08-14 08:00:00,28.1,91,976.8,lotus_temple,28.5535,77.2588
2026-08-14 09:00:00,28.8,87,976.6,lotus_temple,28.5535,77.2588
2026-08-14 10:00:00,30.0,80,976.7,lotus_temple,28.5535,77.2588
2026-08-14 11:00:00,30.6,78,977.4,lotus_temple,28.5535,77.2588
2026-08-14 12:00:00,30.7,80,977.6,lotus_temple,28.5535,77.2588
2026-08-14 13:00:00,30.8,80,976.9,lotus_temple,28.5535,77.2588
2026-08-14 14:00:00,30.3,80,976.6,lotus_temple,28.5535,77.2588
2026-08-14 15:00:00,28.4,89,976.1,lotus_temple,28.5535,77.2588
2026-08-14 16:00:00,28.9,86,975.2,lotus_temple,28.5535,77.2588
2026-08-14 17:00:00,29.7,81,975.0,lotus_temple,28.5535,77.2588
2026-08-14 18:00:00,29.2,83,975.2,lotus_temple,28.5535,77.2588
2026-08-14 19:00:00,28.7,87,975.7,lotus_temple,28.5535,77.2588
2026-08-14 20:00:00,28.4,88,976.2,lotus_temple,28.5535,77.2588
2026-08-14 21:00:00,28.3,89,976.8,lotus_temple,28.5535,77.2588
2026-08-14 22:00:00,28.1,90,976.8,lotus_temple,28.5535,77.2588
2026-08-14 23:00:00,28.2,88,976.3,lotus_temple,28.5535,77.2588
2026-08-15 00:00:00,28.0,90,976.3,lotus_temple,28.5535,77.2588
2026-08-15 01:00:00,27.6,92,976.1,lotus_temple,28.5535,77.2588
2026-08-15 02:00:00,27.4,94,976.2,lotus_temple,28.5535,77.2588
2026-08-15 03:00:00,27.1,95,975.8,lotus_temple,28.5535,77.2588
2026-08-15 04:00:00,27.1,97,976.1,lotus_temple,28.5535,77.2588
2026-08-15 05:00:00,26.7,95,976.6,lotus_temple,28.5535,77.2588
2026-08-15 06:00:00,26.8,97,976.8,lotus_temple,28.5535,77.2588
2026-08-15 07:00:00,26.9,97,977.2,lotus_temple,28.5535,77.2588
2026-08-15 08:00:00,27.9,92,977.6,lotus_temple,28.5535,77.2588
2026-08-15 09:00:00,28.6,87,977.8,lotus_temple,28.5535,77.2588
2026-08-15 10:00:00,30.1,81,977.7,lotus_temple,28.5535,77.2588
2026-08-15 11:00:00,32.3,70,977.5,lotus_temple,28.5535,77.2588
2026-08-15 12:00:00,32.8,68,976.7,lotus_temple,28.5535,77.2588
2026-08-15 13:00:00,30.8,76,976.5,lotus_temple,28.5535,77.2588
2026-08-15 14:00:00,32.0,74,975.4,lotus_temple,28.5535,77.2588
2026-08-15 15:00:00,32.7,66,974.4,lotus_temple,28.5535,77.2588
2026-08-15 16:00:00,32.6,66,973.7,lotus_temple,28.5535,77.2588
2026-08-15 17:00:00,31.8,73,973.6,lotus_temple,28.5535,77.2588
2026-08-15 18:00:00,31.1,80,973.9,lotus_temple,28.5535,77.2588
2026-08-15 19:00:00,30.5,83,974.4,lotus_temple,28.5535,77.2588
2026-08-15 20:00:00,30.1,86,975.0,lotus_temple,28.5535,77.2588
2026-08-15 21:00:00,29.7,88,975.5,lotus_temple,28.5535,77.2588
2026-08-15 22:00:00,29.3,90,975.8,lotus_temple,28.5535,77.2588
2026-08-15 23:00:00,29.3,86,975.3,lotus_temple,28.5535,77.2588
2026-08-16 00:00:00,28.9,88,975.2,lotus_temple,28.5535,77.2588
2026-08-16 01:00:00,28.7,89,974.6,lotus_temple,28.5535,77.2588
2026-08-16 02:00:00,28.4,88,974.2,lotus_temple,28.5535,77.2588
2026-08-16 03:00:00,26.5,93,974.1,lotus_temple,28.5535,77.2588
2026-08-16 04:00:00,26.4,93,974.0,lotus_temple,28.5535,77.2588
2026-08-16 05:00:00,27.8,88,973.7,lotus_temple,28.5535,77.2588
2026-08-16 06:00:00,27.9,86,974.5,lotus_temple,28.5535,77.2588
2026-08-16 07:00:00,28.6,80,974.9,lotus_temple,28.5535,77.2588
2026-08-16 08:00:00,29.5,78,975.2,lotus_temple,28.5535,77.2588
2026-08-16 09:00:00,30.3,75,975.4,lotus_temple,28.5535,77.2588
2026-08-16 10:00:00,31.8,71,975.4,lotus_temple,28.5535,77.2588
2026-08-16 11:00:00,32.6,68,975.2,lotus_temple,28.5535,77.2588
2026-08-16 12:00:00,32.9,65,974.8,lotus_temple,28.5535,77.2588
2026-08-16 13:00:00,33.3,65,974.7,lotus_temple,28.5535,77.2588
2026-08-16 14:00:00,33.4,65,973.7,lotus_temple,28.5535,77.2588
2026-08-16 15:00:00,33.4,65,972.9,lotus_temple,28.5535,77.2588
2026-08-16 16:00:00,32.9,66,972.8,lotus_temple,28.5535,77.2588
2026-08-16 17:00:00,32.2,72,973.6,lotus_temple,28.5535,77.2588
2026-08-16 18:00:00,31.5,80,973.7,lotus_temple,28.5535,77.2588
2026-08-16 19:00:00,30.4,85,974.2,lotus_temple,28.5535,77.2588
2026-08-16 20:00:00,29.7,87,975.0,lotus_temple,28.5535,77.2588
2026-08-16 21:00:00,29.3,87,975.5,lotus_temple,28.5535,77.2588
2026-08-16 22:00:00,29.0,87,975.7,lotus_temple,28.5535,77.2588
2026-08-16 23:00:00,29.4,84,975.0,lotus_temple,28.5535,77.2588
2026-08-17 00:00:00,28.7,85,974.8,lotus_temple,28.5535,77.2588
2026-08-17 01:00:00,28.5,85,974.8,lotus_temple,28.5535,77.2588
2026-08-17 02:00:00,28.2,87,974.2,lotus_temple,28.5535,77.2588
2026-08-17 03:00:00,28.0,86,974.2,lotus_temple,28.5535,77.2588
2026-08-17 04:00:00,27.8,83,974.2,lotus_temple,28.5535,77.2588
2026-08-17 05:00:00,28.5,81,974.5,lotus_temple,28.5535,77.2588
2026-08-17 06:00:00,28.0,83,975.1,lotus_temple,28.5535,77.2588
2026-08-17 07:00:00,28.7,79,975.7,lotus_temple,28.5535,77.2588
2026-08-17 08:00:00,29.7,75,976.2,lotus_temple,28.5535,77.2588
2026-08-17 09:00:00,30.4,74,976.5,lotus_temple,28.5535,77.2588
2026-08-17 10:00:00,31.4,71,976.9,lotus_temple,28.5535,77.2588
2026-08-17 11:00:00,32.6,65,976.6,lotus_temple,28.5535,77.2588
2026-08-17 12:00:00,33.2,64,975.9,lotus_temple,28.5535,77.2588
2026-08-17 13:00:00,33.2,64,975.5,lotus_temple,28.5535,77.2588
2026-08-17 14:00:00,29.6,79,975.1,lotus_temple,28.5535,77.2588
2026-08-17 15:00:00,30.4,75,974.5,lotus_temple,28.5535,77.2588
2026-08-17 16:00:00,31.0,73,973.8,lotus_temple,28.5535,77.2588
2026-08-17 17:00:00,29.3,83,974.5,lotus_temple,28.5535,77.2588
2026-08-17 18:00:00,27.3,93,974.6,lotus_temple,28.5535,77.2588
2026-08-17 19:00:00,27.5,92,975.1,lotus_temple,28.5535,77.2588
2026-08-17 20:00:00,27.8,90,975.8,lotus_temple,28.5535,77.2588
2026-08-17 21:00:00,27.9,91,976.3,lotus_temple,28.5535,77.2588
2026-08-17 22:00:00,27.9,90,976.7,lotus_temple,28.5535,77.2588
2026-08-17 23:00:00,29.0,84,976.5,lotus_temple,28.5535,77.2588
2026-08-18 00:00:00,28.5,87,976.4,lotus_temple,28.5535,77.2588
2026-08-18 01:00:00,28.1,88,976.0,lotus_temple,28.5535,77.2588
2026-08-18 02:00:00,27.8,88,975.8,lotus_temple,28.5535,77.2588
2026-08-18 03:00:00,27.7,87,975.7,lotus_temple,28.5535,77.2588
2026-08-18 04:00:00,27.5,84,975.7,lotus_temple,28.5535,77.2588
2026-08-18 05:00:00,28.1,81,975.5,lotus_temple,28.5535,77.2588
2026-08-18 06:00:00,27.7,86,976.2,lotus_temple,28.5535,77.2588
2026-08-18 07:00:00,28.3,83,976.9,lotus_temple,28.5535,77.2588
2026-08-18 08:00:00,29.4,75,977.1,lotus_temple,28.5535,77.2588
2026-08-18 09:00:00,30.6,71,977.6,lotus_temple,28.5535,77.2588
2026-08-18 10:00:00,31.6,68,977.7,lotus_temple,28.5535,77.2588
2026-08-18 11:00:00,32.6,63,977.9,lotus_temple,28.5535,77.2588
2026-08-18 12:00:00,33.1,61,977.5,lotus_temple,28.5535,77.2588
2026-08-18 13:00:00,33.3,60,976.9,lotus_temple,28.5535,77.2588
2026-08-18 14:00:00,33.2,61,976.2,lotus_temple,28.5535,77.2588
2026-08-18 15:00:00,33.0,62,975.4,lotus_temple,28.5535,77.2588
2026-08-18 16:00:00,32.7,64,974.9,lotus_temple,28.5535,77.2588
2026-08-18 17:00:00,32.8,61,975.1,lotus_temple,28.5535,77.2588
2026-08-18 18:00:00,30.6,73,975.9,lotus_temple,28.5535,77.2588
2026-08-18 19:00:00,29.3,85,976.6,lotus_temple,28.5535,77.2588
2026-08-18 20:00:00,28.0,87,977.3,lotus_temple,28.5535,77.2588
2026-08-18 21:00:00,25.6,94,977.9,lotus_temple,28.5535,77.2588
2026-08-18 22:00:00,26.1,90,977.7,lotus_temple,28.5535,77.2588
2026-08-18 23:00:00,27.3,92,977.4,lotus_temple,28.5535,77.2588
2026-08-19 00:00:00,27.4,91,977.1,lotus_temple,28.5535,77.2588
2026-08-19 01:00:00,27.2,92,976.5,lotus_temple,28.5535,77.2588
2026-08-19 02:00:00,27.1,91,976.5,lotus_temple,28.5535,77.2588
2026-08-19 03:00:00,27.0,92,976.2,lotus_temple,28.5535,77.2588
2026-08-19 04:00:00,26.8,93,976.8,lotus_temple,28.5535,77.2588
2026-08-19 05:00:00,27.9,94,976.1,lotus_temple,28.5535,77.2588
2026-08-19 06:00:00,28.1,88,976.9,lotus_temple,28.5535,77.2588
2026-08-19 07:00:00,28.8,84,977.7,lotus_temple,28.5535,77.2588
2026-08-19 08:00:00,29.7,79,978.2,lotus_temple,28.5535,77.2588
2026-08-19 09:00:00,30.7,73,978.7,lotus_temple,28.5535,77.2588
2026-08-19 10:00:00,31.5,70,978.3,lotus_temple,28.5535,77.2588
2026-08-19 11:00:00,32.0,63,978.6,lotus_temple,28.5535,77.2588
2026-08-19 12:00:00,32.1,63,977.9,lotus_temple,28.5535,77.2588
2026-08-19 13:00:00,32.7,60,977.4,lotus_temple,28.5535,77.2588
2026-08-19 14:00:00,33.0,60,976.8,lotus_temple,28.5535,77.2588
2026-08-19 15:00:00,33.1,59,976.0,lotus_temple,28.5535,77.2588
2026-08-19 16:00:00,33.1,58,975.5,lotus_temple,28.5535,77.2588
2026-08-19 17:00:00,28.7,86,976.9,lotus_temple,28.5535,77.2588
2026-08-19 18:00:00,28.2,92,976.5,lotus_temple,28.5535,77.2588
2026-08-19 19:00:00,28.5,89,976.9,lotus_temple,28.5535,77.2588
2026-08-19 20:00:00,28.0,94,977.7,lotus_temple,28.5535,77.2588
2026-08-19 21:00:00,27.8,96,978.2,lotus_temple,28.5535,77.2588
2026-08-19 22:00:00,27.7,97,978.1,lotus_temple,28.5535,77.2588
2026-08-19 23:00:00,29.0,94,977.8,lotus_temple,28.5535,77.2588
2026-08-20 00:00:00,28.6,94,977.6,lotus_temple,28.5535,77.2588
2026-08-20 01:00:00,28.5,93,977.6,lotus_temple,28.5535,77.2588
2026-08-20 02:00:00,27.3,95,977.4,lotus_temple,28.5535,77.2588
2026-08-20 03:00:00,27.2,96,977.2,lotus_temple,28.5535,77.2588
2026-08-20 04:00:00,27.2,95,977.4,lotus_temple,28.5535,77.2588
2026-08-20 05:00:00,26.8,96,977.2,lotus_temple,28.5535,77.2588
2026-08-20 06:00:00,26.9,95,977.6,lotus_temple,28.5535,77.2588
2026-08-20 07:00:00,27.4,95,978.5,lotus_temple,28.5535,77.2588
2026-08-20 08:00:00,27.5,91,978.8,lotus_temple,28.5535,77.2588
2026-08-20 09:00:00,28.6,81,979.4,lotus_temple,28.5535,77.2588
2026-08-20 10:00:00,29.6,76,979.4,lotus_temple,28.5535,77.2588
2026-08-20 11:00:00,30.7,71,979.0,lotus_temple,28.5535,77.2588
2026-08-20 12:00:00,32.0,67,978.3,lotus_temple,28.5535,77.2588
2026-08-20 13:00:00,32.9,62,977.6,lotus_temple,28.5535,77.2588
2026-08-20 14:00:00,33.3,60,976.5,lotus_temple,28.5535,77.2588
2026-08-20 15:00:00,33.5,58,975.9,lotus_temple,28.5535,77.2588
2026-08-20 16:00:00,33.3,58,975.3,lotus_temple,28.5535,77.2588
2026-08-20 17:00:00,28.7,95,975.8,lotus_temple,28.5535,77.2588
2026-08-20 18:00:00,28.3,96,976.3,lotus_temple,28.5535,77.2588
2026-08-20 19:00:00,27.9,97,976.4,lotus_temple,28.5535,77.2588
2026-08-20 20:00:00,27.8,98,976.8,lotus_temple,28.5535,77.2588
2026-08-20 21:00:00,27.8,98,977.3,lotus_temple,28.5535,77.2588
2026-08-20 22:00:00,27.6,94,977.3,lotus_temple,28.5535,77.2588
2026-08-20 23:00:00,29.3,95,976.9,lotus_temple,28.5535,77.2588
2026-08-21 00:00:00,28.8,95,976.9,lotus_temple,28.5535,77.2588
2026-08-21 01:00:00,28.5,94,976.5,lotus_temple,28.5535,77.2588
2026-08-21 02:00:00,28.2,91,976.0,lotus_temple,28.5535,77.2588
2026-08-21 03:00:00,28.0,90,976.0,lotus_temple,28.5535,77.2588
2026-08-21 04:00:00,27.8,92,976.1,lotus_temple,28.5535,77.2588
2026-08-21 05:00:00,27.2,96,976.3,lotus_temple,28.5535,77.2588
2026-08-21 06:00:00,27.3,92,976.4,lotus_temple,28.5535,77.2588
2026-08-21 07:00:00,27.9,87,977.2,lotus_temple,28.5535,77.2588
2026-08-21 08:00:00,29.3,79,977.8,lotus_temple,28.5535,77.2588
2026-08-21 09:00:00,30.6,71,977.8,lotus_temple,28.5535,77.2588
2026-08-21 10:00:00,32.0,66,977.9,lotus_temple,28.5535,77.2588
2026-08-21 11:00:00,33.2,61,977.7,lotus_temple,28.5535,77.2588
2026-08-21 12:00:00,33.8,58,977.0,lotus_temple,28.5535,77.2588
2026-08-21 13:00:00,33.9,58,976.2,lotus_temple,28.5535,77.2588
2026-08-21 14:00:00,33.9,58,975.2,lotus_temple,28.5535,77.2588
2026-08-21 15:00:00,33.8,55,974.6,lotus_temple,28.5535,77.2588
2026-08-21 16:00:00,32.9,60,974.1,lotus_temple,28.5535,77.2588
2026-08-21 17:00:00,32.4,67,974.1,lotus_temple,28.5535,77.2588
2026-08-21 18:00:00,31.8,73,974.3,lotus_temple,28.5535,77.2588
2026-08-21 19:00:00,30.9,77,975.0,lotus_temple,28.5535,77.2588
2026-08-21 20:00:00,30.3,80,975.3,lotus_temple,28.5535,77.2588
2026-08-21 21:00:00,29.8,83,975.8,lotus_temple,28.5535,77.2588
2026-08-21 22:00:00,29.4,84,975.9,lotus_temple,28.5535,77.2588
2026-08-21 23:00:00,28.4,83,975.9,lotus_temple,28.5535,77.2588
2026-08-22 00:00:00,27.9,88,975.5,lotus_temple,28.5535,77.2588
2026-08-22 01:00:00,27.4,89,975.5,lotus_temple,28.5535,77.2588
2026-08-22 02:00:00,25.6,96,976.3,lotus_temple,28.5535,77.2588
2026-08-22 03:00:00,25.1,99,975.1,lotus_temple,28.5535,77.2588
2026-08-22 04:00:00,25.5,99,975.3,lotus_temple,28.5535,77.2588
2026-08-22 05:00:00,26.4,93,976.0,lotus_temple,28.5535,77.2588
2026-08-22 06:00:00,26.8,93,976.5,lotus_temple,28.5535,77.2588
2026-08-22 07:00:00,27.5,92,977.1,lotus_temple,28.5535,77.2588
2026-08-22 08:00:00,29.1,83,977.3,lotus_temple,28.5535,77.2588
2026-08-22 09:00:00,30.7,72,977.5,lotus_temple,28.5535,77.2588
2026-08-22 10:00:00,31.9,66,977.7,lotus_temple,28.5535,77.2588
2026-08-22 11:00:00,31.9,65,977.8,lotus_temple,28.5535,77.2588
2026-08-22 12:00:00,32.3,62,976.9,lotus_temple,28.5535,77.2588
2026-08-22 13:00:00,32.9,61,976.1,lotus_temple,28.5535,77.2588
2026-08-22 14:00:00,33.2,61,975.2,lotus_temple,28.5535,77.2588
2026-08-22 15:00:00,33.0,62,974.6,lotus_temple,28.5535,77.2588
2026-08-22 16:00:00,30.8,71,974.1,lotus_temple,28.5535,77.2588
2026-08-22 17:00:00,30.6,76,974.8,lotus_temple,28.5535,77.2588
2026-08-22 18:00:00,30.1,82,975.0,lotus_temple,28.5535,77.2588
2026-08-22 19:00:00,28.5,88,975.4,lotus_temple,28.5535,77.2588
2026-08-22 20:00:00,28.0,87,975.9,lotus_temple,28.5535,77.2588
2026-08-22 21:00:00,27.9,88,976.4,lotus_temple,28.5535,77.2588
2026-08-22 22:00:00,27.6,87,976.8,lotus_temple,28.5535,77.2588
2026-08-22 23:00:00,28.8,84,976.8,lotus_temple,28.5535,77.2588
2026-08-23 00:00:00,28.2,86,976.6,lotus_temple,28.5535,77.2588
2026-08-23 01:00:00,27.9,88,976.5,lotus_temple,28.5535,77.2588
2026-08-23 02:00:00,27.6,90,975.9,lotus_temple,28.5535,77.2588
2026-08-23 03:00:00,27.2,91,975.9,lotus_temple,28.5535,77.2588
2026-08-23 04:00:00,27.0,91,976.2,lotus_temple,28.5535,77.2588
2026-08-23 05:00:00,26.7,91,976.7,lotus_temple,28.5535,77.2588
2026-08-23 06:00:00,25.5,95,977.4,lotus_temple,28.5535,77.2588
2026-08-23 07:00:00,26.4,97,977.3,lotus_temple,28.5535,77.2588
2026-08-23 08:00:00,28.5,84,978.0,lotus_temple,28.5535,77.2588
2026-08-23 09:00:00,29.7,74,978.6,lotus_temple,28.5535,77.2588
2026-08-23 10:00:00,30.0,76,979.0,lotus_temple,28.5535,77.2588
2026-08-23 11:00:00,30.5,73,979.1,lotus_temple,28.5535,77.2588
2026-08-23 12:00:00,30.9,72,978.5,lotus_temple,28.5535,77.2588
2026-08-23 13:00:00,32.2,67,977.5,lotus_temple,28.5535,77.2588
2026-08-23 14:00:00,32.9,64,976.4,lotus_temple,28.5535,77.2588
2026-08-23 15:00:00,32.8,63,975.7,lotus_temple,28.5535,77.2588
2026-08-23 16:00:00,32.7,63,975.0,lotus_temple,28.5535,77.2588
2026-08-23 17:00:00,32.7,66,974.7,lotus_temple,28.5535,77.2588
2026-08-23 18:00:00,31.8,73,975.5,lotus_temple,28.5535,77.2588
2026-08-23 19:00:00,31.1,77,976.1,lotus_temple,28.5535,77.2588
2026-08-23 20:00:00,30.7,80,977.2,lotus_temple,28.5535,77.2588
2026-08-23 21:00:00,30.1,84,978.0,lotus_temple,28.5535,77.2588
2026-08-23 22:00:00,29.0,87,977.4,lotus_temple,28.5535,77.2588
2026-08-23 23:00:00,28.7,86,977.8,lotus_temple,28.5535,77.2588
2026-08-24 00:00:00,27.7,93,977.2,lotus_temple,28.5535,77.2588
2026-08-24 01:00:00,27.7,92,976.6,lotus_temple,28.5535,77.2588
2026-08-24 02:00:00,27.5,92,976.5,lotus_temple,28.5535,77.2588
2026-08-24 03:00:00,26.3,93,976.5,lotus_temple,28.5535,77.2588
2026-08-24 04:00:00,25.1,98,977.3,lotus_temple,28.5535,77.2588
2026-08-24 05:00:00,26.3,96,977.0,lotus_temple,28.5535,77.2588
2026-08-24 06:00:00,25.8,96,977.6,lotus_temple,28.5535,77.2588
2026-08-24 07:00:00,26.4,95,978.0,lotus_temple,28.5535,77.2588
2026-08-24 08:00:00,27.3,92,978.0,lotus_temple,28.5535,77.2588
2026-08-24 09:00:00,28.7,85,978.3,lotus_temple,28.5535,77.2588
2026-08-24 10:00:00,30.7,76,978.4,lotus_temple,28.5535,77.2588
2026-08-24 11:00:00,30.2,72,978.6,lotus_temple,28.5535,77.2588
2026-08-24 12:00:00,29.9,72,978.2,lotus_temple,28.5535,77.2588
2026-08-24 13:00:00,30.7,70,977.4,lotus_temple,28.5535,77.2588
2026-08-24 14:00:00,31.5,66,976.4,lotus_temple,28.5535,77.2588
2026-08-24 15:00:00,32.0,63,975.7,lotus_temple,28.5535,77.2588
2026-08-24 16:00:00,31.8,65,975.4,lotus_temple,28.5535,77.2588
2026-08-24 17:00:00,31.2,72,975.2,lotus_temple,28.5535,77.2588
2026-08-24 18:00:00,30.6,80,975.7,lotus_temple,28.5535,77.2588
2026-08-24 19:00:00,30.0,84,976.4,lotus_temple,28.5535,77.2588
2026-08-24 20:00:00,29.7,84,977.2,lotus_temple,28.5535,77.2588
2026-08-24 21:00:00,29.1,86,977.9,lotus_temple,28.5535,77.2588
2026-08-24 22:00:00,28.6,88,977.8,lotus_temple,28.5535,77.2588
2026-08-24 23:00:00,28.7,89,977.2,lotus_temple,28.5535,77.2588
2026-08-25 00:00:00,28.3,91,977.3,lotus_temple,28.5535,77.2588
2026-08-25 01:00:00,28.1,92,976.9,lotus_temple,28.5535,77.2588
2026-08-25 02:00:00,28.0,93,976.7,lotus_temple,28.5535,77.2588
2026-08-25 03:00:00,27.8,94,976.7,lotus_temple,28.5535,77.2588
2026-08-25 04:00:00,27.8,94,976.8,lotus_temple,28.5535,77.2588
2026-08-25 05:00:00,26.2,97,977.4,lotus_temple,28.5535,77.2588
2026-08-25 06:00:00,26.2,97,978.2,lotus_temple,28.5535,77.2588
2026-08-25 07:00:00,26.5,97,977.9,lotus_temple,28.5535,77.2588
2026-08-25 08:00:00,27.3,94,978.5,lotus_temple,28.5535,77.2588
2026-08-25 09:00:00,28.8,87,978.8,lotus_temple,28.5535,77.2588
2026-08-25 10:00:00,30.1,80,979.1,lotus_temple,28.5535,77.2588
2026-08-25 11:00:00,31.3,67,978.8,lotus_temple,28.5535,77.2588
2026-08-25 12:00:00,31.6,65,978.5,lotus_temple,28.5535,77.2588
2026-08-25 13:00:00,32.4,63,977.7,lotus_temple,28.5535,77.2588
2026-08-25 14:00:00,32.5,62,976.9,lotus_temple,28.5535,77.2588
2026-08-25 15:00:00,32.6,63,976.3,lotus_temple,28.5535,77.2588
2026-08-25 16:00:00,32.4,63,975.9,lotus_temple,28.5535,77.2588
2026-08-25 17:00:00,28.8,91,976.5,lotus_temple,28.5535,77.2588
2026-08-25 18:00:00,28.8,90,976.8,lotus_temple,28.5535,77.2588
2026-08-25 19:00:00,28.5,92,976.8,lotus_temple,28.5535,77.2588
2026-08-25 20:00:00,28.4,94,977.6,lotus_temple,28.5535,77.2588
2026-08-25 21:00:00,28.1,95,977.9,lotus_temple,28.5535,77.2588
2026-08-25 22:00:00,27.7,94,977.8,lotus_temple,28.5535,77.2588
2026-08-25 23:00:00,28.1,92,977.7,lotus_temple,28.5535,77.2588
2026-07-20 00:00:00,28.9,88,976.9,delhi_university,28.6892,77.2106
2026-07-20 01:00:00,28.2,88,976.8,delhi_university,28.6892,77.2106
2026-07-20 02:00:00,27.8,87,976.3,delhi_university,28.6892,77.2106
2026-07-20 03:00:00,27.8,87,976.5,delhi_university,28.6892,77.2106
2026-07-20 04:00:00,27.2,93,976.4,delhi_university,28.6892,77.2106
2026-07-20 05:00:00,29.7,76,976.2,delhi_university,28.6892,77.2106
2026-07-20 06:00:00,29.4,78,976.2,delhi_university,28.6892,77.2106
2026-07-20 07:00:00,28.2,87,977.0,delhi_university,28.6892,77.2106
2026-07-20 08:00:00,27.2,93,977.1,delhi_university,28.6892,77.2106
2026-07-20 09:00:00,28.6,87,978.1,delhi_university,28.6892,77.2106
2026-07-20 10:00:00,28.1,90,978.3,delhi_university,28.6892,77.2106
2026-07-20 11:00:00,32.6,70,978.0,delhi_university,28.6892,77.2106
2026-07-20 12:00:00,30.0,81,978.0,delhi_university,28.6892,77.2106
2026-07-20 13:00:00,30.9,77,977.3,delhi_university,28.6892,77.2106
2026-07-20 14:00:00,30.4,78,976.8,delhi_university,28.6892,77.2106
2026-07-20 15:00:00,30.8,78,976.1,delhi_university,28.6892,77.2106
2026-07-20 16:00:00,31.3,75,975.9,delhi_university,28.6892,77.2106
2026-07-20 17:00:00,29.5,81,977.2,delhi_university,28.6892,77.2106
2026-07-20 18:00:00,27.2,92,977.1,delhi_university,28.6892,77.2106
2026-07-20 19:00:00,27.3,94,976.9,delhi_university,28.6892,77.2106
2026-07-20 20:00:00,27.5,95,977.6,delhi_university,28.6892,77.2106
2026-07-20 21:00:00,27.6,95,978.3,delhi_university,28.6892,77.2106
2026-07-20 22:00:00,27.7,90,978.8,delhi_university,28.6892,77.2106
2026-07-20 23:00:00,26.9,96,978.7,delhi_university,28.6892,77.2106
2026-07-21 00:00:00,26.9,95,978.1,delhi_university,28.6892,77.2106
2026-07-21 01:00:00,26.7,94,977.7,delhi_university,28.6892,77.2106
2026-07-21 02:00:00,26.7,91,977.6,delhi_university,28.6892,77.2106
2026-07-21 03:00:00,26.5,92,977.2,delhi_university,28.6892,77.2106
2026-07-21 04:00:00,26.1,92,977.3,delhi_university,28.6892,77.2106
2026-07-21 05:00:00,26.1,95,977.0,delhi_university,28.6892,77.2106
2026-07-21 06:00:00,26.1,92,977.8,delhi_university,28.6892,77.2106
2026-07-21 07:00:00,26.0,95,977.9,delhi_university,28.6892,77.2106
2026-07-21 08:00:00,26.7,91,978.2,delhi_university,28.6892,77.2106
2026-07-21 09:00:00,27.5,85,978.2,delhi_university,28.6892,77.2106
2026-07-21 10:00:00,28.5,79,978.2,delhi_university,28.6892,77.2106
2026-07-21 11:00:00,27.6,91,978.1,delhi_university,28.6892,77.2106
2026-07-21 12:00:00,28.7,89,977.4,delhi_university,28.6892,77.2106
2026-07-21 13:00:00,29.6,83,976.8,delhi_university,28.6892,77.2106
2026-07-21 14:00:00,28.6,86,976.1,delhi_university,28.6892,77.2106
2026-07-21 15:00:00,29.3,81,975.7,delhi_university,28.6892,77.2106
2026-07-21 16:00:00,29.6,80,975.3,delhi_university,28.6892,77.2106
2026-07-21 17:00:00,29.4,82,974.9,delhi_university,28.6892,77.2106
2026-07-21 18:00:00,29.4,83,975.3,delhi_university,28.6892,77.2106
2026-07-21 19:00:00,28.8,84,976.2,delhi_university,28.6892,77.2106
2026-07-21 20:00:00,28.4,85,976.9,delhi_university,28.6892,77.2106
2026-07-21 21:00:00,28.1,87,977.6,delhi_university,28.6892,77.2106
2026-07-21 22:00:00,27.8,87,978.0,delhi_university,28.6892,77.2106
2026-07-21 23:00:00,27.4,92,977.8,delhi_university,28.6892,77.2106
2026-07-22 00:00:00,27.0,92,977.4,delhi_university,28.6892,77.2106
2026-07-22 01:00:00,26.7,93,976.9,delhi_university,28.6892,77.2106
2026-07-22 02:00:00,26.6,95,976.3,delhi_university,28.6892,77.2106
2026-07-22 03:00:00,26.0,95,976.6,delhi_university,28.6892,77.2106
2026-07-22 04:00:00,25.8,96,977.2,delhi_university,28.6892,77.2106
2026-07-22 05:00:00,26.4,92,976.6,delhi_university,28.6892,77.2106
2026-07-22 06:00:00,26.2,96,977.0,delhi_university,28.6892,77.2106
2026-07-22 07:00:00,26.7,93,977.4,delhi_university,28.6892,77.2106
2026-07-22 08:00:00,27.1,88,977.8,delhi_university,28.6892,77.2106
2026-07-22 09:00:00,28.9,77,977.7,delhi_university,28.6892,77.2106
2026-07-22 10:00:00,30.1,72,977.8,delhi_university,28.6892,77.2106
2026-07-22 11:00:00,30.8,66,977.5,delhi_university,28.6892,77.2106
2026-07-22 12:00:00,31.5,65,977.3,delhi_university,28.6892,77.2106
2026-07-22 13:00:00,31.6,67,976.5,delhi_university,28.6892,77.2106
2026-07-22 14:00:00,32.0,66,975.3,delhi_university,28.6892,77.2106
2026-07-22 15:00:00,32.0,66,974.9,delhi_university,28.6892,77.2106
2026-07-22 16:00:00,31.6,67,974.0,delhi_university,28.6892,77.2106
2026-07-22 17:00:00,28.0,90,974.6,delhi_university,28.6892,77.2106
2026-07-22 18:00:00,28.8,87,975.0,delhi_university,28.6892,77.2106
2026-07-22 19:00:00,28.8,90,975.5,delhi_university,28.6892,77.2106
2026-07-22 20:00:00,28.9,89,976.2,delhi_university,28.6892,77.2106
2026-07-22 21:00:00,28.9,86,976.5,delhi_university,28.6892,77.2106
2026-07-22 22:00:00,28.7,82,976.7,delhi_university,28.6892,77.2106
2026-07-22 23:00:00,28.5,83,976.4,delhi_university,28.6892,77.2106
2026-07-23 00:00:00,28.4,82,976.1,delhi_university,28.6892,77.2106
2026-07-23 01:00:00,28.2,83,975.6,delhi_university,28.6892,77.2106
2026-07-23 02:00:00,27.9,84,975.3,delhi_university,28.6892,77.2106
2026-07-23 03:00:00,27.6,84,975.1,delhi_university,28.6892,77.2106
2026-07-23 04:00:00,27.3,85,975.4,delhi_university,28.6892,77.2106
2026-07-23 05:00:00,26.9,92,975.3,delhi_university,28.6892,77.2106
2026-07-23 06:00:00,26.9,92,975.7,delhi_university,28.6892,77.2106
2026-07-23 07:00:00,27.0,87,975.9,delhi_university,28.6892,77.2106
2026-07-23 08:00:00,28.4,80,976.1,delhi_university,28.6892,77.2106
2026-07-23 09:00:00,29.2,78,976.0,delhi_university,28.6892,77.2106
2026-07-23 10:00:00,30.7,72,975.8,delhi_university,28.6892,77.2106
2026-07-23 11:00:00,31.3,64,976.0,delhi_university,28.6892,77.2106
2026-07-23 12:00:00,31.8,63,975.1,delhi_university,28.6892,77.2106
2026-07-23 13:00:00,32.4,61,974.4,delhi_university,28.6892,77.2106
2026-07-23 14:00:00,32.6,60,973.7,delhi_university,28.6892,77.2106
2026-07-23 15:00:00,31.1,66,973.3,delhi_university,28.6892,77.2106
2026-07-23 16:00:00,31.4,70,972.9,delhi_university,28.6892,77.2106
2026-07-23 17:00:00,32.0,64,973.0,delhi_university,28.6892,77.2106
2026-07-23 18:00:00,31.0,69,973.7,delhi_university,28.6892,77.2106
2026-07-23 19:00:00,30.3,73,974.0,delhi_university,28.6892,77.2106
2026-07-23 20:00:00,29.6,77,974.8,delhi_university,28.6892,77.2106
2026-07-23 21:00:00,26.7,92,976.1,delhi_university,28.6892,77.2106
2026-07-23 22:00:00,26.9,91,975.8,delhi_university,28.6892,77.2106
2026-07-23 23:00:00,27.5,88,975.8,delhi_university,28.6892,77.2106
2026-07-24 00:00:00,27.3,87,975.6,delhi_university,28.6892,77.2106
2026-07-24 01:00:00,27.2,88,975.4,delhi_university,28.6892,77.2106
2026-07-24 02:00:00,27.0,89,974.8,delhi_university,28.6892,77.2106
2026-07-24 03:00:00,26.9,89,974.7,delhi_university,28.6892,77.2106
2026-07-24 04:00:00,26.7,90,974.8,delhi_university,28.6892,77.2106
2026-07-24 05:00:00,25.8,95,975.0,delhi_university,28.6892,77.2106
2026-07-24 06:00:00,26.1,94,974.8,delhi_university,28.6892,77.2106
2026-07-24 07:00:00,26.9,91,975.0,delhi_university,28.6892,77.2106
2026-07-24 08:00:00,28.4,81,975.2,delhi_university,28.6892,77.2106
2026-07-24 09:00:00,29.7,75,975.6,delhi_university,28.6892,77.2106
2026-07-24 10:00:00,30.4,72,975.7,delhi_university,28.6892,77.2106
2026-07-24 11:00:00,30.8,73,975.8,delhi_university,28.6892,77.2106
2026-07-24 12:00:00,31.5,70,975.5,delhi_university,28.6892,77.2106
2026-07-24 13:00:00,31.6,70,974.4,delhi_university,28.6892,77.2106
2026-07-24 14:00:00,29.0,80,974.2,delhi_university,28.6892,77.2106
2026-07-24 15:00:00,28.8,84,973.3,delhi_university,28.6892,77.2106
2026-07-24 16:00:00,30.2,77,972.8,delhi_university,28.6892,77.2106
2026-07-24 17:00:00,30.2,84,972.4,delhi_university,28.6892,77.2106
2026-07-24 18:00:00,30.1,84,972.9,delhi_university,28.6892,77.2106
2026-07-24 19:00:00,29.5,84,973.8,delhi_university,28.6892,77.2106
2026-07-24 20:00:00,29.3,84,974.8,delhi_university,28.6892,77.2106
2026-07-24 21:00:00,29.0,83,975.8,delhi_university,28.6892,77.2106
2026-07-24 22:00:00,28.8,83,976.3,delhi_university,28.6892,77.2106
2026-07-24 23:00:00,28.7,85,976.0,delhi_university,28.6892,77.2106
2026-07-25 00:00:00,28.6,83,975.9,delhi_university,28.6892,77.2106
2026-07-25 01:00:00,28.4,83,976.1,delhi_university,28.6892,77.2106
2026-07-25 02:00:00,28.1,86,976.2,delhi_university,28.6892,77.2106
2026-07-25 03:00:00,27.9,88,975.9,delhi_university,28.6892,77.2106
2026-07-25 04:00:00,27.8,89,975.9,delhi_university,28.6892,77.2106
2026-07-25 05:00:00,27.1,93,975.7,delhi_university,28.6892,77.2106
2026-07-25 06:00:00,27.5,92,976.9,delhi_university,28.6892,77.2106
2026-07-25 07:00:00,28.6,82,977.4,delhi_university,28.6892,77.2106
2026-07-25 08:00:00,28.4,84,977.7,delhi_university,28.6892,77.2106
2026-07-25 09:00:00,29.3,82,978.1,delhi_university,28.6892,77.2106
2026-07-25 10:00:00,30.0,78,978.3,delhi_university,28.6892,77.2106
2026-07-25 11:00:00,31.5,67,977.9,delhi_university,28.6892,77.2106
2026-07-25 12:00:00,31.3,67,977.3,delhi_university,28.6892,77.2106
2026-07-25 13:00:00,32.1,64,976.7,delhi_university,28.6892,77.2106
2026-07-25 14:00:00,32.7,60,975.9,delhi_university,28.6892,77.2106
2026-07-25 15:00:00,32.4,62,975.7,delhi_university,28.6892,77.2106
2026-07-25 16:00:00,31.1,70,975.2,delhi_university,28.6892,77.2106
2026-07-25 17:00:00,30.3,76,975.4,delhi_university,28.6892,77.2106
2026-07-25 18:00:00,29.8,83,975.9,delhi_university,28.6892,77.2106
2026-07-25 19:00:00,29.1,86,976.7,delhi_university,28.6892,77.2106
2026-07-25 20:00:00,28.5,88,977.6,delhi_university,28.6892,77.2106
2026-07-25 21:00:00,28.1,88,978.2,delhi_university,28.6892,77.2106
2026-07-25 22:00:00,27.8,88,978.4,delhi_university,28.6892,77.2106
2026-07-25 23:00:00,27.6,94,977.9,delhi_university,28.6892,77.2106
2026-07-26 00:00:00,27.6,95,977.8,delhi_university,28.6892,77.2106
2026-07-26 01:00:00,27.5,95,977.2,delhi_university,28.6892,77.2106
2026-07-26 02:00:00,27.5,95,977.0,delhi_university,28.6892,77.2106
2026-07-26 03:00:00,27.4,95,976.9,delhi_university,28.6892,77.2106
2026-07-26 04:00:00,27.3,95,977.2,delhi_university,28.6892,77.2106
2026-07-26 05:00:00,28.2,95,976.9,delhi_university,28.6892,77.2106
2026-07-26 06:00:00,28.0,92,977.2,delhi_university,28.6892,77.2106
2026-07-26 07:00:00,28.7,91,977.4,delhi_university,28.6892,77.2106
2026-07-26 08:00:00,29.0,89,977.6,delhi_university,28.6892,77.2106
2026-07-26 09:00:00,30.3,81,977.6,delhi_university,28.6892,77.2106
2026-07-26 10:00:00,31.4,73,977.8,delhi_university,28.6892,77.2106
2026-07-26 11:00:00,32.4,69,978.0,delhi_university,28.6892,77.2106
2026-07-26 12:00:00,33.2,64,977.8,delhi_university,28.6892,77.2106
2026-07-26 13:00:00,33.8,61,977.2,delhi_university,28.6892,77.2106
2026-07-26 14:00:00,34.0,59,976.2,delhi_university,28.6892,77.2106
2026-07-26 15:00:00,34.1,58,975.5,delhi_university,28.6892,77.2106
2026-07-26 16:00:00,33.9,58,974.8,delhi_university,28.6892,77.2106
2026-07-26 17:00:00,32.1,73,974.5,delhi_university,28.6892,77.2106
2026-07-26 18:00:00,32.2,74,974.6,delhi_university,28.6892,77.2106
2026-07-26 19:00:00,31.7,78,974.8,delhi_university,28.6892,77.2106
2026-07-26 20:00:00,31.4,82,975.3,delhi_university,28.6892,77.2106
2026-07-26 21:00:00,31.2,84,975.9,delhi_university,28.6892,77.2106
2026-07-26 22:00:00,31.0,86,976.2,delhi_university,28.6892,77.2106
2026-07-26 23:00:00,31.1,84,975.8,delhi_university,28.6892,77.2106
2026-07-27 00:00:00,30.5,86,975.5,delhi_university,28.6892,77.2106
2026-07-27 01:00:00,30.0,88,974.8,delhi_university,28.6892,77.2106
2026-07-27 02:00:00,29.9,89,974.5,delhi_university,28.6892,77.2106
2026-07-27 03:00:00,29.7,89,974.5,delhi_university,28.6892,77.2106
2026-07-27 04:00:00,29.7,88,974.5,delhi_university,28.6892,77.2106
2026-07-27 05:00:00,28.8,91,974.4,delhi_university,28.6892,77.2106
2026-07-27 06:00:00,28.8,92,974.5,delhi_university,28.6892,77.2106
2026-07-27 07:00:00,29.8,86,974.9,delhi_university,28.6892,77.2106
2026-07-27 08:00:00,31.5,74,975.0,delhi_university,28.6892,77.2106
2026-07-27 09:00:00,32.8,67,975.0,delhi_university,28.6892,77.2106
2026-07-27 10:00:00,33.6,62,975.3,delhi_university,28.6892,77.2106
2026-07-27 11:00:00,34.4,53,974.9,delhi_university,28.6892,77.2106
2026-07-27 12:00:00,35.2,50,974.8,delhi_university,28.6892,77.2106
2026-07-27 13:00:00,35.7,49,974.1,delhi_university,28.6892,77.2106
2026-07-27 14:00:00,35.6,50,973.2,delhi_university,28.6892,77.2106
2026-07-27 15:00:00,34.3,52,972.5,delhi_university,28.6892,77.2106
2026-07-27 16:00:00,34.0,55,972.5,delhi_university,28.6892,77.2106
2026-07-27 17:00:00,32.9,64,972.4,delhi_university,28.6892,77.2106
2026-07-27 18:00:00,32.3,68,972.4,delhi_university,28.6892,77.2106
2026-07-27 19:00:00,31.5,75,972.5,delhi_university,28.6892,77.2106
2026-07-27 20:00:00,30.8,79,973.5,delhi_university,28.6892,77.2106
2026-07-27 21:00:00,29.8,83,974.0,delhi_university,28.6892,77.2106
2026-07-27 22:00:00,29.4,84,974.5,delhi_university,28.6892,77.2106
2026-07-27 23:00:00,30.4,83,974.0,delhi_university,28.6892,77.2106
2026-07-28 00:00:00,28.7,89,974.5,delhi_university,28.6892,77.2106
2026-07-28 01:00:00,26.8,96,974.6,delhi_university,28.6892,77.2106
2026-07-28 02:00:00,26.6,97,974.1,delhi_university,28.6892,77.2106
2026-07-28 03:00:00,26.1,96,973.7,delhi_university,28.6892,77.2106
2026-07-28 04:00:00,25.9,97,973.7,delhi_university,28.6892,77.2106
2026-07-28 05:00:00,28.8,92,973.0,delhi_university,28.6892,77.2106
2026-07-28 06:00:00,28.7,93,973.7,delhi_university,28.6892,77.2106
2026-07-28 07:00:00,28.9,90,973.8,delhi_university,28.6892,77.2106
2026-07-28 08:00:00,28.4,85,974.6,delhi_university,28.6892,77.2106
2026-07-28 09:00:00,28.3,84,975.3,delhi_university,28.6892,77.2106
2026-07-28 10:00:00,27.0,94,976.0,delhi_university,28.6892,77.2106
2026-07-28 11:00:00,27.2,94,975.9,delhi_university,28.6892,77.2106
2026-07-28 12:00:00,27.2,93,975.2,delhi_university,28.6892,77.2106
2026-07-28 13:00:00,27.0,93,975.0,delhi_university,28.6892,77.2106
2026-07-28 14:00:00,27.4,92,974.2,delhi_university,28.6892,77.2106
2026-07-28 15:00:00,28.0,85,973.5,delhi_university,28.6892,77.2106
2026-07-28 16:00:00,28.0,84,973.0,delhi_university,28.6892,77.2106
2026-07-28 17:00:00,30.2,75,973.2,delhi_university,28.6892,77.2106
2026-07-28 18:00:00,29.6,78,973.2,delhi_university,28.6892,77.2106
2026-07-28 19:00:00,28.6,84,973.7,delhi_university,28.6892,77.2106
2026-07-28 20:00:00,28.2,86,974.5,delhi_university,28.6892,77.2106
2026-07-28 21:00:00,28.0,87,975.4,delhi_university,28.6892,77.2106
2026-07-28 22:00:00,27.8,89,975.9,delhi_university,28.6892,77.2106
2026-07-28 23:00:00,27.4,90,975.7,delhi_university,28.6892,77.2106
2026-07-29 00:00:00,27.2,93,975.7,delhi_university,28.6892,77.2106
2026-07-29 01:00:00,26.7,96,975.6,delhi_university,28.6892,77.2106
2026-07-29 02:00:00,26.5,97,975.1,delhi_university,28.6892,77.2106
2026-07-29 03:00:00,26.5,97,975.1,delhi_university,28.6892,77.2106
2026-07-29 04:00:00,26.6,97,975.4,delhi_university,28.6892,77.2106
2026-07-29 05:00:00,26.5,98,975.0,delhi_university,28.6892,77.2106
2026-07-29 06:00:00,26.2,99,975.6,delhi_university,28.6892,77.2106
2026-07-29 07:00:00,26.4,96,976.1,delhi_university,28.6892,77.2106
2026-07-29 08:00:00,27.0,93,976.2,delhi_university,28.6892,77.2106
2026-07-29 09:00:00,28.2,84,976.6,delhi_university,28.6892,77.2106
2026-07-29 10:00:00,29.0,82,976.7,delhi_university,28.6892,77.2106
2026-07-29 11:00:00,31.2,75,976.3,delhi_university,28.6892,77.2106
2026-07-29 12:00:00,32.0,72,976.0,delhi_university,28.6892,77.2106
2026-07-29 13:00:00,32.3,70,975.4,delhi_university,28.6892,77.2106
2026-07-29 14:00:00,32.6,70,974.4,delhi_university,28.6892,77.2106
2026-07-29 15:00:00,31.5,75,973.8,delhi_university,28.6892,77.2106
2026-07-29 16:00:00,30.3,84,973.1,delhi_university,28.6892,77.2106
2026-07-29 17:00:00,32.6,67,973.0,delhi_university,28.6892,77.2106
2026-07-29 18:00:00,31.8,74,972.9,delhi_university,28.6892,77.2106
2026-07-29 19:00:00,30.9,81,973.7,delhi_university,28.6892,77.2106
2026-07-29 20:00:00,30.3,84,974.4,delhi_university,28.6892,77.2106
2026-07-29 21:00:00,29.9,85,975.5,delhi_university,28.6892,77.2106
2026-07-29 22:00:00,29.5,88,975.6,delhi_university,28.6892,77.2106
2026-07-29 23:00:00,29.8,86,975.2,delhi_university,28.6892,77.2106
2026-07-30 00:00:00,29.2,89,974.8,delhi_university,28.6892,77.2106
2026-07-30 01:00:00,27.9,90,974.9,delhi_university,28.6892,77.2106
2026-07-30 02:00:00,26.0,99,974.6,delhi_university,28.6892,77.2106
2026-07-30 03:00:00,26.3,97,974.2,delhi_university,28.6892,77.2106
2026-07-30 04:00:00,26.6,97,974.0,delhi_university,28.6892,77.2106
2026-07-30 05:00:00,28.7,92,973.5,delhi_university,28.6892,77.2106
2026-07-30 06:00:00,28.6,94,973.9,delhi_university,28.6892,77.2106
2026-07-30 07:00:00,29.2,87,974.7,delhi_university,28.6892,77.2106
2026-07-30 08:00:00,29.3,84,975.2,delhi_university,28.6892,77.2106
2026-07-30 09:00:00,30.8,75,975.6,delhi_university,28.6892,77.2106
2026-07-30 10:00:00,32.0,71,975.9,delhi_university,28.6892,77.2106
2026-07-30 11:00:00,32.5,69,975.9,delhi_university,28.6892,77.2106
2026-07-30 12:00:00,32.6,68,975.4,delhi_university,28.6892,77.2106
2026-07-30 13:00:00,33.2,65,975.1,delhi_university,28.6892,77.2106
2026-07-30 14:00:00,33.3,64,974.2,delhi_university,28.6892,77.2106
2026-07-30 15:00:00,33.4,63,973.3,delhi_university,28.6892,77.2106
2026-07-30 16:00:00,33.4,59,972.8,delhi_university,28.6892,77.2106
2026-07-30 17:00:00,30.8,75,972.7,delhi_university,28.6892,77.2106
2026-07-30 18:00:00,28.9,83,973.3,delhi_university,28.6892,77.2106
2026-07-30 19:00:00,28.8,87,973.9,delhi_university,28.6892,77.2106
2026-07-30 20:00:00,28.6,89,974.6,delhi_university,28.6892,77.2106
2026-07-30 21:00:00,28.4,88,975.4,delhi_university,28.6892,77.2106
2026-07-30 22:00:00,28.3,89,975.7,delhi_university,28.6892,77.2106
2026-07-30 23:00:00,29.1,90,975.4,delhi_university,28.6892,77.2106
2026-07-31 00:00:00,28.8,90,975.0,delhi_university,28.6892,77.2106
2026-07-31 01:00:00,28.8,87,975.0,delhi_university,28.6892,77.2106
2026-07-31 02:00:00,28.6,87,975.0,delhi_university,28.6892,77.2106
2026-07-31 03:00:00,28.4,86,974.9,delhi_university,28.6892,77.2106
2026-07-31 04:00:00,28.2,85,975.0,delhi_university,28.6892,77.2106
2026-07-31 05:00:00,28.5,82,974.9,delhi_university,28.6892,77.2106
2026-07-31 06:00:00,28.3,83,975.3,delhi_university,28.6892,77.2106
2026-07-31 07:00:00,28.8,80,975.9,delhi_university,28.6892,77.2106
2026-07-31 08:00:00,29.1,78,976.1,delhi_university,28.6892,77.2106
2026-07-31 09:00:00,29.6,76,976.4,delhi_university,28.6892,77.2106
2026-07-31 10:00:00,29.9,74,976.5,delhi_university,28.6892,77.2106
2026-07-31 11:00:00,30.9,69,976.7,delhi_university,28.6892,77.2106
2026-07-31 12:00:00,31.3,65,976.2,delhi_university,28.6892,77.2106
2026-07-31 13:00:00,31.3,69,975.4,delhi_university,28.6892,77.2106
2026-07-31 14:00:00,32.3,66,974.5,delhi_university,28.6892,77.2106
2026-07-31 15:00:00,32.6,66,973.4,delhi_university,28.6892,77.2106
2026-07-31 16:00:00,32.0,67,972.9,delhi_university,28.6892,77.2106
2026-07-31 17:00:00,31.4,72,973.0,delhi_university,28.6892,77.2106
2026-07-31 18:00:00,31.0,76,973.4,delhi_university,28.6892,77.2106
2026-07-31 19:00:00,30.2,81,974.1,delhi_university,28.6892,77.2106
2026-07-31 20:00:00,29.8,82,974.8,delhi_university,28.6892,77.2106
2026-07-31 21:00:00,29.8,82,975.6,delhi_university,28.6892,77.2106
2026-07-31 22:00:00,29.4,83,976.0,delhi_university,28.6892,77.2106
2026-07-31 23:00:00,28.4,86,975.5,delhi_university,28.6892,77.2106
2026-08-01 00:00:00,28.6,86,975.4,delhi_university,28.6892,77.2106
2026-08-01 01:00:00,28.1,88,975.4,delhi_university,28.6892,77.2106
2026-08-01 02:00:00,28.0,86,974.9,delhi_university,28.6892,77.2106
2026-08-01 03:00:00,27.8,86,974.9,delhi_university,28.6892,77.2106
2026-08-01 04:00:00,27.7,88,975.1,delhi_university,28.6892,77.2106
2026-08-01 05:00:00,27.2,93,975.0,delhi_university,28.6892,77.2106
2026-08-01 06:00:00,26.8,92,975.6,delhi_university,28.6892,77.2106
2026-08-01 07:00:00,26.9,91,975.9,delhi_university,28.6892,77.2106
2026-08-01 08:00:00,27.9,84,975.9,delhi_university,28.6892,77.2106
2026-08-01 09:00:00,29.5,77,975.8,delhi_university,28.6892,77.2106
2026-08-01 10:00:00,30.9,70,975.7,delhi_university,28.6892,77.2106
2026-08-01 11:00:00,31.9,67,975.6,delhi_university,28.6892,77.2106
2026-08-01 12:00:00,32.6,66,974.9,delhi_university,28.6892,77.2106
2026-08-01 13:00:00,32.5,67,974.4,delhi_university,28.6892,77.2106
2026-08-01 14:00:00,30.3,78,973.9,delhi_university,28.6892,77.2106
2026-08-01 15:00:00,31.1,75,973.0,delhi_university,28.6892,77.2106
2026-08-01 16:00:00,31.5,72,972.7,delhi_university,28.6892,77.2106
2026-08-01 17:00:00,30.2,80,973.0,delhi_university,28.6892,77.2106
2026-08-01 18:00:00,30.5,79,973.4,delhi_university,28.6892,77.2106
2026-08-01 19:00:00,30.2,81,973.8,delhi_university,28.6892,77.2106
2026-08-01 20:00:00,29.8,83,974.6,delhi_university,28.6892,77.2106
2026-08-01 21:00:00,29.5,84,975.3,delhi_university,28.6892,77.2106
2026-08-01 22:00:00,29.3,84,975.6,delhi_university,28.6892,77.2106
2026-08-01 23:00:00,26.7,92,975.7,delhi_university,28.6892,77.2106
2026-08-02 00:00:00,27.0,92,975.2,delhi_university,28.6892,77.2106
2026-08-02 01:00:00,26.9,94,975.6,delhi_university,28.6892,77.2106
2026-08-02 02:00:00,27.0,94,975.4,delhi_university,28.6892,77.2106
2026-08-02 03:00:00,26.9,94,974.8,delhi_university,28.6892,77.2106
2026-08-02 04:00:00,26.9,94,975.4,delhi_university,28.6892,77.2106
2026-08-02 05:00:00,27.2,96,975.5,delhi_university,28.6892,77.2106
2026-08-02 06:00:00,26.7,96,976.2,delhi_university,28.6892,77.2106
2026-08-02 07:00:00,27.3,93,976.4,delhi_university,28.6892,77.2106
2026-08-02 08:00:00,28.8,85,976.6,delhi_university,28.6892,77.2106
2026-08-02 09:00:00,30.7,75,976.6,delhi_university,28.6892,77.2106
2026-08-02 10:00:00,32.1,67,976.5,delhi_university,28.6892,77.2106
2026-08-02 11:00:00,33.9,57,976.4,delhi_university,28.6892,77.2106
2026-08-02 12:00:00,32.9,62,976.1,delhi_university,28.6892,77.2106
2026-08-02 13:00:00,32.4,67,975.9,delhi_university,28.6892,77.2106
2026-08-02 14:00:00,32.8,65,974.9,delhi_university,28.6892,77.2106
2026-08-02 15:00:00,33.1,65,974.2,delhi_university,28.6892,77.2106
2026-08-02 16:00:00,33.0,65,973.8,delhi_university,28.6892,77.2106
2026-08-02 17:00:00,29.5,84,974.8,delhi_university,28.6892,77.2106
2026-08-02 18:00:00,27.6,92,975.4,delhi_university,28.6892,77.2106
2026-08-02 19:00:00,27.3,95,974.7,delhi_university,28.6892,77.2106
2026-08-02 20:00:00,27.5,96,975.7,delhi_university,28.6892,77.2106
2026-08-02 21:00:00,27.7,96,976.9,delhi_university,28.6892,77.2106
2026-08-02 22:00:00,27.7,96,977.2,delhi_university,28.6892,77.2106
2026-08-02 23:00:00,28.9,93,976.6,delhi_university,28.6892,77.2106
2026-08-03 00:00:00,28.5,93,976.2,delhi_university,28.6892,77.2106
2026-08-03 01:00:00,28.2,95,976.1,delhi_university,28.6892,77.2106
2026-08-03 02:00:00,27.7,95,975.8,delhi_university,28.6892,77.2106
2026-08-03 03:00:00,27.4,95,975.5,delhi_university,28.6892,77.2106
2026-08-03 04:00:00,27.2,96,975.6,delhi_university,28.6892,77.2106
2026-08-03 05:00:00,27.6,95,975.4,delhi_university,28.6892,77.2106
2026-08-03 06:00:00,26.3,95,976.2,delhi_university,28.6892,77.2106
2026-08-03 07:00:00,27.0,95,976.3,delhi_university,28.6892,77.2106
2026-08-03 08:00:00,28.2,89,977.1,delhi_university,28.6892,77.2106
2026-08-03 09:00:00,29.3,83,977.4,delhi_university,28.6892,77.2106
2026-08-03 10:00:00,30.5,77,977.6,delhi_university,28.6892,77.2106
2026-08-03 11:00:00,32.2,69,977.1,delhi_university,28.6892,77.2106
2026-08-03 12:00:00,32.9,68,976.9,delhi_university,28.6892,77.2106
2026-08-03 13:00:00,34.0,64,976.7,delhi_university,28.6892,77.2106
2026-08-03 14:00:00,32.4,65,975.5,delhi_university,28.6892,77.2106
2026-08-03 15:00:00,30.4,79,976.1,delhi_university,28.6892,77.2106
2026-08-03 16:00:00,30.8,78,975.1,delhi_university,28.6892,77.2106
2026-08-03 17:00:00,33.8,64,974.5,delhi_university,28.6892,77.2106
2026-08-03 18:00:00,31.5,74,974.3,delhi_university,28.6892,77.2106
2026-08-03 19:00:00,27.4,93,976.3,delhi_university,28.6892,77.2106
2026-08-03 20:00:00,27.6,94,976.8,delhi_university,28.6892,77.2106
2026-08-03 21:00:00,27.5,94,977.7,delhi_university,28.6892,77.2106
2026-08-03 22:00:00,27.5,92,977.8,delhi_university,28.6892,77.2106
2026-08-03 23:00:00,26.6,94,977.5,delhi_university,28.6892,77.2106
2026-08-04 00:00:00,26.9,96,977.3,delhi_university,28.6892,77.2106
2026-08-04 01:00:00,27.0,97,976.8,delhi_university,28.6892,77.2106
2026-08-04 02:00:00,26.9,97,976.7,delhi_university,28.6892,77.2106
2026-08-04 03:00:00,26.8,97,977.0,delhi_university,28.6892,77.2106
2026-08-04 04:00:00,26.8,97,977.0,delhi_university,28.6892,77.2106
2026-08-04 05:00:00,27.5,95,976.4,delhi_university,28.6892,77.2106
2026-08-04 06:00:00,27.3,93,977.1,delhi_university,28.6892,77.2106
2026-08-04 07:00:00,27.4,92,977.5,delhi_university,28.6892,77.2106
2026-08-04 08:00:00,28.3,86,977.9,delhi_university,28.6892,77.2106
2026-08-04 09:00:00,29.9,77,978.3,delhi_university,28.6892,77.2106
2026-08-04 10:00:00,31.1,72,978.8,delhi_university,28.6892,77.2106
2026-08-04 11:00:00,28.7,87,978.7,delhi_university,28.6892,77.2106
2026-08-04 12:00:00,28.1,88,978.4,delhi_university,28.6892,77.2106
2026-08-04 13:00:00,28.3,88,977.8,delhi_university,28.6892,77.2106
2026-08-04 14:00:00,28.5,86,977.2,delhi_university,28.6892,77.2106
2026-08-04 15:00:00,28.8,84,976.7,delhi_university,28.6892,77.2106
2026-08-04 16:00:00,28.8,85,975.6,delhi_university,28.6892,77.2106
2026-08-04 17:00:00,27.6,94,976.0,delhi_university,28.6892,77.2106
2026-08-04 18:00:00,27.5,95,976.0,delhi_university,28.6892,77.2106
2026-08-04 19:00:00,27.5,95,976.4,delhi_university,28.6892,77.2106
2026-08-04 20:00:00,27.5,95,976.9,delhi_university,28.6892,77.2106
2026-08-04 21:00:00,27.5,96,977.7,delhi_university,28.6892,77.2106
2026-08-04 22:00:00,27.3,97,977.7,delhi_university,28.6892,77.2106
2026-08-04 23:00:00,27.8,95,977.0,delhi_university,28.6892,77.2106
2026-08-05 00:00:00,27.6,96,976.4,delhi_university,28.6892,77.2106
2026-08-05 01:00:00,27.5,96,976.0,delhi_university,28.6892,77.2106
2026-08-05 02:00:00,27.5,91,975.7,delhi_university,28.6892,77.2106
2026-08-05 03:00:00,26.8,93,975.6,delhi_university,28.6892,77.2106
2026-08-05 04:00:00,26.4,95,975.6,delhi_university,28.6892,77.2106
2026-08-05 05:00:00,25.9,96,975.4,delhi_university,28.6892,77.2106
2026-08-05 06:00:00,25.8,97,975.8,delhi_university,28.6892,77.2106
2026-08-05 07:00:00,26.9,93,975.9,delhi_university,28.6892,77.2106
2026-08-05 08:00:00,28.6,85,976.0,delhi_university,28.6892,77.2106
2026-08-05 09:00:00,30.1,76,976.1,delhi_university,28.6892,77.2106
2026-08-05 10:00:00,31.3,69,975.9,delhi_university,28.6892,77.2106
2026-08-05 11:00:00,31.9,69,976.0,delhi_university,28.6892,77.2106
2026-08-05 12:00:00,31.3,71,974.8,delhi_university,28.6892,77.2106
2026-08-05 13:00:00,31.7,69,974.5,delhi_university,28.6892,77.2106
2026-08-05 14:00:00,32.0,66,973.4,delhi_university,28.6892,77.2106
2026-08-05 15:00:00,33.1,61,973.1,delhi_university,28.6892,77.2106
2026-08-05 16:00:00,32.8,62,972.8,delhi_university,28.6892,77.2106
2026-08-05 17:00:00,28.5,93,973.0,delhi_university,28.6892,77.2106
2026-08-05 18:00:00,28.7,89,973.3,delhi_university,28.6892,77.2106
2026-08-05 19:00:00,28.1,91,974.3,delhi_university,28.6892,77.2106
2026-08-05 20:00:00,27.7,90,975.0,delhi_university,28.6892,77.2106
2026-08-05 21:00:00,27.7,93,975.5,delhi_university,28.6892,77.2106
2026-08-05 22:00:00,27.7,94,975.6,delhi_university,28.6892,77.2106
2026-08-05 23:00:00,27.5,99,975.1,delhi_university,28.6892,77.2106
2026-08-06 00:00:00,27.4,97,974.7,delhi_university,28.6892,77.2106
2026-08-06 01:00:00,26.7,98,974.6,delhi_university,28.6892,77.2106
2026-08-06 02:00:00,26.5,95,974.1,delhi_university,28.6892,77.2106
2026-08-06 03:00:00,26.7,95,974.0,delhi_university,28.6892,77.2106
2026-08-06 04:00:00,26.9,95,974.5,delhi_university,28.6892,77.2106
2026-08-06 05:00:00,27.4,95,974.0,delhi_university,28.6892,77.2106
2026-08-06 06:00:00,27.6,94,975.0,delhi_university,28.6892,77.2106
2026-08-06 07:00:00,27.8,91,975.8,delhi_university,28.6892,77.2106
2026-08-06 08:00:00,27.4,88,976.4,delhi_university,28.6892,77.2106
2026-08-06 09:00:00,26.9,89,977.1,delhi_university,28.6892,77.2106
2026-08-06 10:00:00,26.8,87,977.2,delhi_university,28.6892,77.2106
2026-08-06 11:00:00,26.7,88,977.0,delhi_university,28.6892,77.2106
2026-08-06 12:00:00,27.7,84,976.7,delhi_university,28.6892,77.2106
2026-08-06 13:00:00,27.3,87,976.0,delhi_university,28.6892,77.2106
2026-08-06 14:00:00,27.3,87,975.4,delhi_university,28.6892,77.2106
2026-08-06 15:00:00,27.2,88,975.1,delhi_university,28.6892,77.2106
2026-08-06 16:00:00,27.7,85,974.7,delhi_university,28.6892,77.2106
2026-08-06 17:00:00,27.6,91,974.3,delhi_university,28.6892,77.2106
2026-08-06 18:00:00,27.4,92,974.5,delhi_university,28.6892,77.2106
2026-08-06 19:00:00,27.0,94,975.1,delhi_university,28.6892,77.2106
2026-08-06 20:00:00,27.0,95,975.5,delhi_university,28.6892,77.2106
2026-08-06 21:00:00,26.8,95,976.1,delhi_university,28.6892,77.2106
2026-08-06 22:00:00,26.8,95,976.1,delhi_university,28.6892,77.2106
2026-08-06 23:00:00,26.7,90,976.3,delhi_university,28.6892,77.2106
2026-08-07 00:00:00,26.0,95,975.7,delhi_university,28.6892,77.2106
2026-08-07 01:00:00,26.0,96,975.5,delhi_university,28.6892,77.2106
2026-08-07 02:00:00,26.0,97,975.3,delhi_university,28.6892,77.2106
2026-08-07 03:00:00,25.9,97,975.0,delhi_university,28.6892,77.2106
2026-08-07 04:00:00,25.8,94,975.0,delhi_university,28.6892,77.2106
2026-08-07 05:00:00,26.7,97,974.6,delhi_university,28.6892,77.2106
2026-08-07 06:00:00,26.8,97,974.8,delhi_university,28.6892,77.2106
2026-08-07 07:00:00,26.1,96,975.5,delhi_university,28.6892,77.2106
2026-08-07 08:00:00,26.7,95,975.8,delhi_university,28.6892,77.2106
2026-08-07 09:00:00,26.8,93,976.1,delhi_university,28.6892,77.2106
2026-08-07 10:00:00,27.1,92,976.1,delhi_university,28.6892,77.2106
2026-08-07 11:00:00,27.6,89,976.0,delhi_university,28.6892,77.2106
2026-08-07 12:00:00,26.4,95,975.6,delhi_university,28.6892,77.2106
2026-08-07 13:00:00,27.2,94,975.0,delhi_university,28.6892,77.2106
2026-08-07 14:00:00,27.9,91,974.3,delhi_university,28.6892,77.2106
2026-08-07 15:00:00,28.8,84,973.8,delhi_university,28.6892,77.2106
2026-08-07 16:00:00,28.8,83,973.6,delhi_university,28.6892,77.2106
2026-08-07 17:00:00,27.0,93,974.0,delhi_university,28.6892,77.2106
2026-08-07 18:00:00,27.0,94,974.0,delhi_university,28.6892,77.2106
2026-08-07 19:00:00,26.7,95,974.7,delhi_university,28.6892,77.2106
2026-08-07 20:00:00,26.3,95,975.6,delhi_university,28.6892,77.2106
2026-08-07 21:00:00,25.8,97,976.3,delhi_university,28.6892,77.2106
2026-08-07 22:00:00,25.7,97,976.5,delhi_university,28.6892,77.2106
2026-08-07 23:00:00,26.1,97,976.2,delhi_university,28.6892,77.2106
2026-08-08 00:00:00,26.0,97,975.8,delhi_university,28.6892,77.2106
2026-08-08 01:00:00,25.6,96,975.5,delhi_university,28.6892,77.2106
2026-08-08 02:00:00,25.4,95,975.2,delhi_university,28.6892,77.2106
2026-08-08 03:00:00,25.1,97,975.3,delhi_university,28.6892,77.2106
2026-08-08 04:00:00,24.9,97,975.4,delhi_university,28.6892,77.2106
2026-08-08 05:00:00,25.4,95,975.1,delhi_university,28.6892,77.2106
2026-08-08 06:00:00,25.5,96,975.9,delhi_university,28.6892,77.2106
2026-08-08 07:00:00,26.2,94,976.1,delhi_university,28.6892,77.2106
2026-08-08 08:00:00,27.4,92,976.7,delhi_university,28.6892,77.2106
2026-08-08 09:00:00,29.5,86,977.1,delhi_university,28.6892,77.2106
2026-08-08 10:00:00,31.0,78,977.0,delhi_university,28.6892,77.2106
2026-08-08 11:00:00,29.9,77,977.4,delhi_university,28.6892,77.2106
2026-08-08 12:00:00,31.2,74,977.2,delhi_university,28.6892,77.2106
2026-08-08 13:00:00,30.9,73,976.5,delhi_university,28.6892,77.2106
2026-08-08 14:00:00,30.4,76,975.7,delhi_university,28.6892,77.2106
2026-08-08 15:00:00,32.2,69,975.2,delhi_university,28.6892,77.2106
2026-08-08 16:00:00,32.3,67,974.6,delhi_university,28.6892,77.2106
2026-08-08 17:00:00,31.1,73,975.4,delhi_university,28.6892,77.2106
2026-08-08 18:00:00,30.3,78,975.7,delhi_university,28.6892,77.2106
2026-08-08 19:00:00,29.4,82,975.9,delhi_university,28.6892,77.2106
2026-08-08 20:00:00,29.0,85,977.0,delhi_university,28.6892,77.2106
2026-08-08 21:00:00,28.8,86,977.7,delhi_university,28.6892,77.2106
2026-08-08 22:00:00,28.5,87,978.3,delhi_university,28.6892,77.2106
2026-08-08 23:00:00,28.9,88,978.0,delhi_university,28.6892,77.2106
2026-08-09 00:00:00,28.3,90,977.8,delhi_university,28.6892,77.2106
2026-08-09 01:00:00,27.9,91,977.6,delhi_university,28.6892,77.2106
2026-08-09 02:00:00,27.0,90,977.6,delhi_university,28.6892,77.2106
2026-08-09 03:00:00,27.1,91,977.5,delhi_university,28.6892,77.2106
2026-08-09 04:00:00,26.7,94,977.7,delhi_university,28.6892,77.2106
2026-08-09 05:00:00,25.9,95,977.6,delhi_university,28.6892,77.2106
2026-08-09 06:00:00,26.4,93,977.9,delhi_university,28.6892,77.2106
2026-08-09 07:00:00,27.5,91,978.5,delhi_university,28.6892,77.2106
2026-08-09 08:00:00,29.1,85,978.7,delhi_university,28.6892,77.2106
2026-08-09 09:00:00,30.7,79,978.8,delhi_university,28.6892,77.2106
2026-08-09 10:00:00,31.7,74,979.1,delhi_university,28.6892,77.2106
2026-08-09 11:00:00,32.5,67,978.5,delhi_university,28.6892,77.2106
2026-08-09 12:00:00,32.8,66,978.0,delhi_university,28.6892,77.2106
2026-08-09 13:00:00,33.5,63,977.3,delhi_university,28.6892,77.2106
2026-08-09 14:00:00,33.8,61,976.6,delhi_university,28.6892,77.2106
2026-08-09 15:00:00,34.0,60,975.8,delhi_university,28.6892,77.2106
2026-08-09 16:00:00,33.8,60,975.2,delhi_university,28.6892,77.2106
2026-08-09 17:00:00,33.4,64,975.0,delhi_university,28.6892,77.2106
2026-08-09 18:00:00,31.0,79,975.7,delhi_university,28.6892,77.2106
2026-08-09 19:00:00,30.4,83,976.1,delhi_university,28.6892,77.2106
2026-08-09 20:00:00,30.2,83,976.5,delhi_university,28.6892,77.2106
2026-08-09 21:00:00,30.0,84,977.4,delhi_university,28.6892,77.2106
2026-08-09 22:00:00,29.6,86,977.8,delhi_university,28.6892,77.2106
2026-08-09 23:00:00,30.3,81,977.3,delhi_university,28.6892,77.2106
2026-08-10 00:00:00,28.6,87,977.1,delhi_university,28.6892,77.2106
2026-08-10 01:00:00,26.7,94,977.0,delhi_university,28.6892,77.2106
2026-08-10 02:00:00,26.7,95,976.4,delhi_university,28.6892,77.2106
2026-08-10 03:00:00,27.1,95,976.0,delhi_university,28.6892,77.2106
2026-08-10 04:00:00,27.5,94,976.5,delhi_university,28.6892,77.2106
2026-08-10 05:00:00,27.6,93,976.4,delhi_university,28.6892,77.2106
2026-08-10 06:00:00,27.2,94,977.1,delhi_university,28.6892,77.2106
2026-08-10 07:00:00,27.4,92,977.2,delhi_university,28.6892,77.2106
2026-08-10 08:00:00,28.5,85,977.5,delhi_university,28.6892,77.2106
2026-08-10 09:00:00,29.7,80,977.7,delhi_university,28.6892,77.2106
2026-08-10 10:00:00,31.1,74,977.9,delhi_university,28.6892,77.2106
2026-08-10 11:00:00,33.0,66,977.4,delhi_university,28.6892,77.2106
2026-08-10 12:00:00,32.8,67,977.1,delhi_university,28.6892,77.2106
2026-08-10 13:00:00,29.8,79,977.0,delhi_university,28.6892,77.2106
2026-08-10 14:00:00,27.8,92,976.2,delhi_university,28.6892,77.2106
2026-08-10 15:00:00,29.1,86,975.7,delhi_university,28.6892,77.2106
2026-08-10 16:00:00,29.6,83,975.2,delhi_university,28.6892,77.2106
2026-08-10 17:00:00,29.7,82,975.5,delhi_university,28.6892,77.2106
2026-08-10 18:00:00,29.3,85,975.6,delhi_university,28.6892,77.2106
2026-08-10 19:00:00,28.9,87,976.1,delhi_university,28.6892,77.2106
2026-08-10 20:00:00,28.6,89,976.9,delhi_university,28.6892,77.2106
2026-08-10 21:00:00,28.5,90,977.5,delhi_university,28.6892,77.2106
2026-08-10 22:00:00,28.3,92,977.4,delhi_university,28.6892,77.2106
2026-08-10 23:00:00,27.9,93,976.6,delhi_university,28.6892,77.2106
2026-08-11 00:00:00,27.7,94,976.4,delhi_university,28.6892,77.2106
2026-08-11 01:00:00,27.6,94,976.3,delhi_university,28.6892,77.2106
2026-08-11 02:00:00,27.4,94,976.3,delhi_university,28.6892,77.2106
2026-08-11 03:00:00,27.2,95,975.9,delhi_university,28.6892,77.2106
2026-08-11 04:00:00,26.9,95,976.3,delhi_university,28.6892,77.2106
2026-08-11 05:00:00,27.0,93,976.7,delhi_university,28.6892,77.2106
2026-08-11 06:00:00,27.1,93,976.9,delhi_university,28.6892,77.2106
2026-08-11 07:00:00,27.7,90,977.5,delhi_university,28.6892,77.2106
2026-08-11 08:00:00,28.5,87,977.9,delhi_university,28.6892,77.2106
2026-08-11 09:00:00,29.0,85,978.2,delhi_university,28.6892,77.2106
2026-08-11 10:00:00,30.2,80,978.4,delhi_university,28.6892,77.2106
2026-08-11 11:00:00,30.1,81,978.2,delhi_university,28.6892,77.2106
2026-08-11 12:00:00,27.9,91,978.1,delhi_university,28.6892,77.2106
2026-08-11 13:00:00,28.3,90,977.4,delhi_university,28.6892,77.2106
2026-08-11 14:00:00,28.8,89,976.6,delhi_university,28.6892,77.2106
2026-08-11 15:00:00,30.0,81,975.5,delhi_university,28.6892,77.2106
2026-08-11 16:00:00,30.4,76,975.2,delhi_university,28.6892,77.2106
2026-08-11 17:00:00,30.7,75,975.4,delhi_university,28.6892,77.2106
2026-08-11 18:00:00,30.4,78,975.4,delhi_university,28.6892,77.2106
2026-08-11 19:00:00,29.5,85,975.9,delhi_university,28.6892,77.2106
2026-08-11 20:00:00,29.0,88,976.9,delhi_university,28.6892,77.2106
2026-08-11 21:00:00,28.6,89,977.6,delhi_university,28.6892,77.2106
2026-08-11 22:00:00,28.3,89,977.9,delhi_university,28.6892,77.2106
2026-08-11 23:00:00,28.7,86,977.4,delhi_university,28.6892,77.2106
2026-08-12 00:00:00,28.4,87,977.3,delhi_university,28.6892,77.2106
2026-08-12 01:00:00,28.4,87,977.3,delhi_university,28.6892,77.2106
2026-08-12 02:00:00,27.7,91,977.3,delhi_university,28.6892,77.2106
2026-08-12 03:00:00,27.3,94,977.3,delhi_university,28.6892,77.2106
2026-08-12 04:00:00,27.0,96,977.4,delhi_university,28.6892,77.2106
2026-08-12 05:00:00,27.4,97,977.2,delhi_university,28.6892,77.2106
2026-08-12 06:00:00,27.3,97,977.5,delhi_university,28.6892,77.2106
2026-08-12 07:00:00,28.5,92,977.9,delhi_university,28.6892,77.2106
2026-08-12 08:00:00,29.9,83,978.3,delhi_university,28.6892,77.2106
2026-08-12 09:00:00,31.1,74,978.5,delhi_university,28.6892,77.2106
2026-08-12 10:00:00,32.1,69,978.5,delhi_university,28.6892,77.2106
2026-08-12 11:00:00,33.0,64,978.1,delhi_university,28.6892,77.2106
2026-08-12 12:00:00,33.7,63,977.6,delhi_university,28.6892,77.2106
2026-08-12 13:00:00,34.1,61,976.7,delhi_university,28.6892,77.2106
2026-08-12 14:00:00,34.4,60,976.2,delhi_university,28.6892,77.2106
2026-08-12 15:00:00,34.4,60,975.9,delhi_university,28.6892,77.2106
2026-08-12 16:00:00,34.3,61,975.2,delhi_university,28.6892,77.2106
2026-08-12 17:00:00,34.4,60,975.5,delhi_university,28.6892,77.2106
2026-08-12 18:00:00,32.2,73,976.3,delhi_university,28.6892,77.2106
2026-08-12 19:00:00,30.1,81,977.2,delhi_university,28.6892,77.2106
2026-08-12 20:00:00,28.7,87,977.7,delhi_university,28.6892,77.2106
2026-08-12 21:00:00,28.4,91,978.8,delhi_university,28.6892,77.2106
2026-08-12 22:00:00,28.5,92,979.1,delhi_university,28.6892,77.2106
2026-08-12 23:00:00,30.1,84,979.0,delhi_university,28.6892,77.2106
2026-08-13 00:00:00,29.4,87,979.0,delhi_university,28.6892,77.2106
2026-08-13 01:00:00,29.0,88,978.3,delhi_university,28.6892,77.2106
2026-08-13 02:00:00,28.7,89,977.8,delhi_university,28.6892,77.2106
2026-08-13 03:00:00,28.5,90,977.9,delhi_university,28.6892,77.2106
2026-08-13 04:00:00,28.1,93,977.5,delhi_university,28.6892,77.2106
2026-08-13 05:00:00,27.8,95,977.5,delhi_university,28.6892,77.2106
2026-08-13 06:00:00,27.3,93,977.9,delhi_university,28.6892,77.2106
2026-08-13 07:00:00,28.1,89,978.1,delhi_university,28.6892,77.2106
2026-08-13 08:00:00,30.0,81,978.0,delhi_university,28.6892,77.2106
2026-08-13 09:00:00,31.4,77,978.1,delhi_university,28.6892,77.2106
2026-08-13 10:00:00,32.5,73,978.4,delhi_university,28.6892,77.2106
2026-08-13 11:00:00,33.2,69,978.5,delhi_university,28.6892,77.2106
2026-08-13 12:00:00,34.3,62,977.9,delhi_university,28.6892,77.2106
2026-08-13 13:00:00,32.4,69,977.1,delhi_university,28.6892,77.2106
2026-08-13 14:00:00,32.4,74,976.6,delhi_university,28.6892,77.2106
2026-08-13 15:00:00,33.4,68,975.8,delhi_university,28.6892,77.2106
2026-08-13 16:00:00,33.3,69,975.3,delhi_university,28.6892,77.2106
2026-08-13 17:00:00,30.4,83,975.8,delhi_university,28.6892,77.2106
2026-08-13 18:00:00,30.3,85,975.7,delhi_university,28.6892,77.2106
2026-08-13 19:00:00,29.8,90,976.2,delhi_university,28.6892,77.2106
2026-08-13 20:00:00,29.9,90,977.1,delhi_university,28.6892,77.2106
2026-08-13 21:00:00,30.0,89,977.7,delhi_university,28.6892,77.2106
2026-08-13 22:00:00,30.0,87,977.6,delhi_university,28.6892,77.2106
2026-08-13 23:00:00,30.6,87,977.1,delhi_university,28.6892,77.2106
2026-08-14 00:00:00,30.2,87,976.8,delhi_university,28.6892,77.2106
2026-08-14 01:00:00,29.8,89,976.5,delhi_university,28.6892,77.2106
2026-08-14 02:00:00,29.5,89,976.4,delhi_university,28.6892,77.2106
2026-08-14 03:00:00,29.2,90,976.2,delhi_university,28.6892,77.2106
2026-08-14 04:00:00,29.0,90,976.3,delhi_university,28.6892,77.2106
2026-08-14 05:00:00,27.6,97,976.5,delhi_university,28.6892,77.2106
2026-08-14 06:00:00,26.9,97,977.3,delhi_university,28.6892,77.2106
2026-08-14 07:00:00,27.1,97,977.8,delhi_university,28.6892,77.2106
2026-08-14 08:00:00,27.9,92,978.5,delhi_university,28.6892,77.2106
2026-08-14 09:00:00,28.4,87,978.7,delhi_university,28.6892,77.2106
2026-08-14 10:00:00,29.4,82,978.6,delhi_university,28.6892,77.2106
2026-08-14 11:00:00,30.0,80,979.2,delhi_university,28.6892,77.2106
2026-08-14 12:00:00,30.6,80,979.4,delhi_university,28.6892,77.2106
2026-08-14 13:00:00,30.9,79,978.8,delhi_university,28.6892,77.2106
2026-08-14 14:00:00,29.8,83,978.6,delhi_university,28.6892,77.2106
2026-08-14 15:00:00,29.0,88,977.8,delhi_university,28.6892,77.2106
2026-08-14 16:00:00,29.3,86,977.1,delhi_university,28.6892,77.2106
2026-08-14 17:00:00,29.9,81,976.8,delhi_university,28.6892,77.2106
2026-08-14 18:00:00,29.2,84,977.1,delhi_university,28.6892,77.2106
2026-08-14 19:00:00,28.6,88,977.6,delhi_university,28.6892,77.2106
2026-08-14 20:00:00,28.2,89,978.0,delhi_university,28.6892,77.2106
2026-08-14 21:00:00,28.0,90,978.6,delhi_university,28.6892,77.2106
2026-08-14 22:00:00,27.9,91,978.6,delhi_university,28.6892,77.2106
2026-08-14 23:00:00,28.1,90,978.3,delhi_university,28.6892,77.2106
2026-08-15 00:00:00,27.9,91,978.1,delhi_university,28.6892,77.2106
2026-08-15 01:00:00,27.7,92,977.9,delhi_university,28.6892,77.2106
2026-08-15 02:00:00,27.6,93,978.0,delhi_university,28.6892,77.2106
2026-08-15 03:00:00,27.4,93,977.6,delhi_university,28.6892,77.2106
2026-08-15 04:00:00,27.3,94,978.0,delhi_university,28.6892,77.2106
2026-08-15 05:00:00,26.6,93,978.3,delhi_university,28.6892,77.2106
2026-08-15 06:00:00,26.2,97,979.0,delhi_university,28.6892,77.2106
2026-08-15 07:00:00,26.3,97,979.0,delhi_university,28.6892,77.2106
2026-08-15 08:00:00,27.1,95,979.5,delhi_university,28.6892,77.2106
2026-08-15 09:00:00,27.5,93,979.6,delhi_university,28.6892,77.2106
2026-08-15 10:00:00,28.9,86,979.7,delhi_university,28.6892,77.2106
2026-08-15 11:00:00,32.1,72,979.4,delhi_university,28.6892,77.2106
2026-08-15 12:00:00,31.4,74,978.7,delhi_university,28.6892,77.2106
2026-08-15 13:00:00,30.6,81,978.3,delhi_university,28.6892,77.2106
2026-08-15 14:00:00,32.5,68,977.1,delhi_university,28.6892,77.2106
2026-08-15 15:00:00,32.5,66,976.3,delhi_university,28.6892,77.2106
2026-08-15 16:00:00,32.4,68,975.6,delhi_university,28.6892,77.2106
2026-08-15 17:00:00,32.0,71,975.3,delhi_university,28.6892,77.2106
2026-08-15 18:00:00,31.3,78,975.6,delhi_university,28.6892,77.2106
2026-08-15 19:00:00,30.6,83,976.2,delhi_university,28.6892,77.2106
2026-08-15 20:00:00,30.2,85,976.9,delhi_university,28.6892,77.2106
2026-08-15 21:00:00,29.9,86,977.3,delhi_university,28.6892,77.2106
2026-08-15 22:00:00,29.7,86,977.5,delhi_university,28.6892,77.2106
2026-08-15 23:00:00,29.9,83,977.1,delhi_university,28.6892,77.2106
2026-08-16 00:00:00,29.2,85,977.0,delhi_university,28.6892,77.2106
2026-08-16 01:00:00,28.9,87,976.5,delhi_university,28.6892,77.2106
2026-08-16 02:00:00,28.0,89,976.5,delhi_university,28.6892,77.2106
2026-08-16 03:00:00,26.0,93,975.7,delhi_university,28.6892,77.2106
2026-08-16 04:00:00,26.5,91,975.8,delhi_university,28.6892,77.2106
2026-08-16 05:00:00,27.8,86,975.5,delhi_university,28.6892,77.2106
2026-08-16 06:00:00,27.2,85,976.1,delhi_university,28.6892,77.2106
2026-08-16 07:00:00,28.5,80,976.6,delhi_university,28.6892,77.2106
2026-08-16 08:00:00,29.4,79,977.1,delhi_university,28.6892,77.2106
2026-08-16 09:00:00,30.1,76,977.2,delhi_university,28.6892,77.2106
2026-08-16 10:00:00,31.8,71,977.2,delhi_university,28.6892,77.2106
2026-08-16 11:00:00,32.5,68,977.0,delhi_university,28.6892,77.2106
2026-08-16 12:00:00,33.3,65,976.6,delhi_university,28.6892,77.2106
2026-08-16 13:00:00,33.7,64,976.4,delhi_university,28.6892,77.2106
2026-08-16 14:00:00,33.8,64,975.4,delhi_university,28.6892,77.2106
2026-08-16 15:00:00,33.6,64,974.7,delhi_university,28.6892,77.2106
2026-08-16 16:00:00,33.4,65,974.6,delhi_university,28.6892,77.2106
2026-08-16 17:00:00,30.9,77,975.3,delhi_university,28.6892,77.2106
2026-08-16 18:00:00,30.7,79,975.4,delhi_university,28.6892,77.2106
2026-08-16 19:00:00,30.3,82,975.9,delhi_university,28.6892,77.2106
2026-08-16 20:00:00,30.0,82,976.8,delhi_university,28.6892,77.2106
2026-08-16 21:00:00,29.6,85,977.2,delhi_university,28.6892,77.2106
2026-08-16 22:00:00,29.2,87,977.4,delhi_university,28.6892,77.2106
2026-08-16 23:00:00,29.4,86,976.8,delhi_university,28.6892,77.2106
2026-08-17 00:00:00,29.0,86,976.8,delhi_university,28.6892,77.2106
2026-08-17 01:00:00,28.4,87,976.5,delhi_university,28.6892,77.2106
2026-08-17 02:00:00,28.2,85,975.9,delhi_university,28.6892,77.2106
2026-08-17 03:00:00,28.2,84,976.0,delhi_university,28.6892,77.2106
2026-08-17 04:00:00,28.0,84,976.0,delhi_university,28.6892,77.2106
2026-08-17 05:00:00,27.6,86,976.6,delhi_university,28.6892,77.2106
2026-08-17 06:00:00,27.8,86,976.9,delhi_university,28.6892,77.2106
2026-08-17 07:00:00,28.7,80,977.6,delhi_university,28.6892,77.2106
2026-08-17 08:00:00,28.7,80,978.0,delhi_university,28.6892,77.2106
2026-08-17 09:00:00,30.0,75,978.3,delhi_university,28.6892,77.2106
2026-08-17 10:00:00,31.3,72,978.6,delhi_university,28.6892,77.2106
2026-08-17 11:00:00,32.6,65,978.4,delhi_university,28.6892,77.2106
2026-08-17 12:00:00,33.2,63,977.8,delhi_university,28.6892,77.2106
2026-08-17 13:00:00,31.9,65,977.3,delhi_university,28.6892,77.2106
2026-08-17 14:00:00,32.1,68,976.5,delhi_university,28.6892,77.2106
2026-08-17 15:00:00,32.8,66,976.2,delhi_university,28.6892,77.2106
2026-08-17 16:00:00,32.4,69,975.5,delhi_university,28.6892,77.2106
2026-08-17 17:00:00,30.2,76,976.5,delhi_university,28.6892,77.2106
2026-08-17 18:00:00,27.3,92,976.0,delhi_university,28.6892,77.2106
2026-08-17 19:00:00,27.5,94,976.8,delhi_university,28.6892,77.2106
2026-08-17 20:00:00,27.7,95,977.5,delhi_university,28.6892,77.2106
2026-08-17 21:00:00,28.1,89,978.1,delhi_university,28.6892,77.2106
2026-08-17 22:00:00,28.1,89,978.5,delhi_university,28.6892,77.2106
2026-08-17 23:00:00,28.4,86,978.3,delhi_university,28.6892,77.2106
2026-08-18 00:00:00,28.1,88,978.2,delhi_university,28.6892,77.2106
2026-08-18 01:00:00,28.0,90,977.9,delhi_university,28.6892,77.2106
2026-08-18 02:00:00,27.7,90,977.6,delhi_university,28.6892,77.2106
2026-08-18 03:00:00,27.5,92,977.4,delhi_university,28.6892,77.2106
2026-08-18 04:00:00,27.7,89,977.5,delhi_university,28.6892,77.2106
2026-08-18 05:00:00,26.7,89,977.5,delhi_university,28.6892,77.2106
2026-08-18 06:00:00,26.9,91,978.0,delhi_university,28.6892,77.2106
2026-08-18 07:00:00,28.1,86,978.6,delhi_university,28.6892,77.2106
2026-08-18 08:00:00,29.3,76,978.8,delhi_university,28.6892,77.2106
2026-08-18 09:00:00,30.6,71,979.4,delhi_university,28.6892,77.2106
2026-08-18 10:00:00,31.6,68,979.5,delhi_university,28.6892,77.2106
2026-08-18 11:00:00,32.4,63,979.8,delhi_university,28.6892,77.2106
2026-08-18 12:00:00,33.0,60,979.3,delhi_university,28.6892,77.2106
2026-08-18 13:00:00,33.4,59,978.8,delhi_university,28.6892,77.2106
2026-08-18 14:00:00,33.3,61,978.0,delhi_university,28.6892,77.2106
2026-08-18 15:00:00,33.0,63,977.2,delhi_university,28.6892,77.2106
2026-08-18 16:00:00,31.0,74,976.7,delhi_university,28.6892,77.2106
2026-08-18 17:00:00,32.9,61,976.9,delhi_university,28.6892,77.2106
2026-08-18 18:00:00,30.0,78,977.7,delhi_university,28.6892,77.2106
2026-08-18 19:00:00,28.8,84,978.4,delhi_university,28.6892,77.2106
2026-08-18 20:00:00,28.6,87,979.2,delhi_university,28.6892,77.2106
2026-08-18 21:00:00,27.7,88,979.8,delhi_university,28.6892,77.2106
2026-08-18 22:00:00,26.9,84,979.6,delhi_university,28.6892,77.2106
2026-08-18 23:00:00,27.9,83,979.3,delhi_university,28.6892,77.2106
2026-08-19 00:00:00,27.4,88,978.9,delhi_university,28.6892,77.2106
2026-08-19 01:00:00,27.6,88,978.5,delhi_university,28.6892,77.2106
2026-08-19 02:00:00,27.1,92,978.4,delhi_university,28.6892,77.2106
2026-08-19 03:00:00,27.0,92,978.1,delhi_university,28.6892,77.2106
2026-08-19 04:00:00,26.9,94,978.6,delhi_university,28.6892,77.2106
2026-08-19 05:00:00,28.4,91,978.0,delhi_university,28.6892,77.2106
2026-08-19 06:00:00,28.0,92,978.8,delhi_university,28.6892,77.2106
2026-08-19 07:00:00,28.6,89,979.5,delhi_university,28.6892,77.2106
2026-08-19 08:00:00,29.6,82,980.0,delhi_university,28.6892,77.2106
2026-08-19 09:00:00,30.6,75,980.4,delhi_university,28.6892,77.2106
2026-08-19 10:00:00,31.5,69,980.2,delhi_university,28.6892,77.2106
2026-08-19 11:00:00,31.3,72,980.4,delhi_university,28.6892,77.2106
2026-08-19 12:00:00,31.9,69,979.6,delhi_university,28.6892,77.2106
2026-08-19 13:00:00,32.6,66,979.2,delhi_university,28.6892,77.2106
2026-08-19 14:00:00,32.9,64,978.5,delhi_university,28.6892,77.2106
2026-08-19 15:00:00,32.9,62,977.8,delhi_university,28.6892,77.2106
2026-08-19 16:00:00,32.9,61,977.4,delhi_university,28.6892,77.2106
2026-08-19 17:00:00,29.2,86,978.7,delhi_university,28.6892,77.2106
2026-08-19 18:00:00,28.0,93,978.3,delhi_university,28.6892,77.2106
2026-08-19 19:00:00,28.2,95,978.8,delhi_university,28.6892,77.2106
2026-08-19 20:00:00,28.2,96,979.5,delhi_university,28.6892,77.2106
2026-08-19 21:00:00,28.1,96,980.1,delhi_university,28.6892,77.2106
2026-08-19 22:00:00,27.9,94,979.9,delhi_university,28.6892,77.2106
2026-08-19 23:00:00,29.4,91,979.8,delhi_university,28.6892,77.2106
2026-08-20 00:00:00,28.8,92,979.4,delhi_university,28.6892,77.2106
2026-08-20 01:00:00,27.6,93,979.6,delhi_university,28.6892,77.2106
2026-08-20 02:00:00,27.0,97,979.1,delhi_university,28.6892,77.2106
2026-08-20 03:00:00,26.8,96,979.1,delhi_university,28.6892,77.2106
2026-08-20 04:00:00,26.9,96,979.1,delhi_university,28.6892,77.2106
2026-08-20 05:00:00,27.4,93,979.2,delhi_university,28.6892,77.2106
2026-08-20 06:00:00,27.5,94,979.5,delhi_university,28.6892,77.2106
2026-08-20 07:00:00,27.9,92,980.3,delhi_university,28.6892,77.2106
2026-08-20 08:00:00,27.9,92,980.7,delhi_university,28.6892,77.2106
2026-08-20 09:00:00,28.9,83,981.2,delhi_university,28.6892,77.2106
2026-08-20 10:00:00,30.1,75,981.2,delhi_university,28.6892,77.2106
2026-08-20 11:00:00,30.7,73,980.8,delhi_university,28.6892,77.2106
2026-08-20 12:00:00,31.9,68,980.1,delhi_university,28.6892,77.2106
2026-08-20 13:00:00,32.9,63,979.4,delhi_university,28.6892,77.2106
2026-08-20 14:00:00,33.2,61,978.4,delhi_university,28.6892,77.2106
2026-08-20 15:00:00,33.4,60,977.8,delhi_university,28.6892,77.2106
2026-08-20 16:00:00,33.1,61,977.1,delhi_university,28.6892,77.2106
2026-08-20 17:00:00,29.4,90,977.6,delhi_university,28.6892,77.2106
2026-08-20 18:00:00,29.0,92,978.1,delhi_university,28.6892,77.2106
2026-08-20 19:00:00,28.7,94,978.2,delhi_university,28.6892,77.2106
2026-08-20 20:00:00,28.5,94,978.8,delhi_university,28.6892,77.2106
2026-08-20 21:00:00,28.5,93,979.2,delhi_university,28.6892,77.2106
2026-08-20 22:00:00,28.4,91,979.2,delhi_university,28.6892,77.2106
2026-08-20 23:00:00,29.6,86,978.7,delhi_university,28.6892,77.2106
2026-08-21 00:00:00,29.0,85,978.8,delhi_university,28.6892,77.2106
2026-08-21 01:00:00,28.6,87,978.3,delhi_university,28.6892,77.2106
2026-08-21 02:00:00,28.2,90,978.0,delhi_university,28.6892,77.2106
2026-08-21 03:00:00,27.9,93,977.9,delhi_university,28.6892,77.2106
2026-08-21 04:00:00,27.7,92,977.9,delhi_university,28.6892,77.2106
2026-08-21 05:00:00,26.6,97,978.0,delhi_university,28.6892,77.2106
2026-08-21 06:00:00,26.7,93,978.1,delhi_university,28.6892,77.2106
2026-08-21 07:00:00,27.4,89,979.0,delhi_university,28.6892,77.2106
2026-08-21 08:00:00,29.0,79,979.7,delhi_university,28.6892,77.2106
2026-08-21 09:00:00,30.6,72,979.6,delhi_university,28.6892,77.2106
2026-08-21 10:00:00,32.0,67,979.7,delhi_university,28.6892,77.2106
2026-08-21 11:00:00,33.3,61,979.5,delhi_university,28.6892,77.2106
2026-08-21 12:00:00,33.7,59,978.8,delhi_university,28.6892,77.2106
2026-08-21 13:00:00,33.7,58,978.0,delhi_university,28.6892,77.2106
2026-08-21 14:00:00,33.8,57,977.0,delhi_university,28.6892,77.2106
2026-08-21 15:00:00,34.0,54,976.6,delhi_university,28.6892,77.2106
2026-08-21 16:00:00,32.5,62,976.0,delhi_university,28.6892,77.2106
2026-08-21 17:00:00,31.8,70,975.9,delhi_university,28.6892,77.2106
2026-08-21 18:00:00,31.7,75,976.1,delhi_university,28.6892,77.2106
2026-08-21 19:00:00,31.1,78,976.7,delhi_university,28.6892,77.2106
2026-08-21 20:00:00,30.5,82,977.2,delhi_university,28.6892,77.2106
2026-08-21 21:00:00,30.2,85,977.6,delhi_university,28.6892,77.2106
2026-08-21 22:00:00,30.0,86,977.7,delhi_university,28.6892,77.2106
2026-08-21 23:00:00,29.3,85,977.8,delhi_university,28.6892,77.2106
2026-08-22 00:00:00,28.8,86,977.3,delhi_university,28.6892,77.2106
2026-08-22 01:00:00,28.4,86,977.2,delhi_university,28.6892,77.2106
2026-08-22 02:00:00,26.4,96,977.8,delhi_university,28.6892,77.2106
2026-08-22 03:00:00,25.7,98,976.9,delhi_university,28.6892,77.2106
2026-08-22 04:00:00,25.8,98,977.2,delhi_university,28.6892,77.2106
2026-08-22 05:00:00,27.2,94,977.9,delhi_university,28.6892,77.2106
2026-08-22 06:00:00,27.0,95,978.3,delhi_university,28.6892,77.2106
2026-08-22 07:00:00,27.6,93,978.9,delhi_university,28.6892,77.2106
2026-08-22 08:00:00,29.0,84,979.1,delhi_university,28.6892,77.2106
2026-08-22 09:00:00,30.7,72,979.1,delhi_university,28.6892,77.2106
2026-08-22 10:00:00,32.1,65,979.4,delhi_university,28.6892,77.2106
2026-08-22 11:00:00,31.7,66,979.5,delhi_university,28.6892,77.2106
2026-08-22 12:00:00,32.5,62,978.7,delhi_university,28.6892,77.2106
2026-08-22 13:00:00,32.9,60,977.8,delhi_university,28.6892,77.2106
2026-08-22 14:00:00,33.4,60,977.0,delhi_university,28.6892,77.2106
2026-08-22 15:00:00,33.1,62,976.3,delhi_university,28.6892,77.2106
2026-08-22 16:00:00,28.1,87,976.3,delhi_university,28.6892,77.2106
2026-08-22 17:00:00,32.4,66,976.4,delhi_university,28.6892,77.2106
2026-08-22 18:00:00,30.7,75,976.7,delhi_university,28.6892,77.2106
2026-08-22 19:00:00,29.6,83,977.1,delhi_university,28.6892,77.2106
2026-08-22 20:00:00,28.9,86,977.8,delhi_university,28.6892,77.2106
2026-08-22 21:00:00,28.4,87,978.3,delhi_university,28.6892,77.2106
2026-08-22 22:00:00,28.1,87,978.5,delhi_university,28.6892,77.2106
2026-08-22 23:00:00,29.6,86,978.7,delhi_university,28.6892,77.2106
2026-08-23 00:00:00,28.6,88,978.4,delhi_university,28.6892,77.2106
2026-08-23 01:00:00,28.1,88,978.3,delhi_university,28.6892,77.2106
2026-08-23 02:00:00,27.6,89,977.7,delhi_university,28.6892,77.2106
2026-08-23 03:00:00,27.4,90,977.7,delhi_university,28.6892,77.2106
2026-08-23 04:00:00,26.4,91,978.5,delhi_university,28.6892,77.2106
2026-08-23 05:00:00,26.2,94,978.4,delhi_university,28.6892,77.2106
2026-08-23 06:00:00,25.5,97,979.1,delhi_university,28.6892,77.2106
2026-08-23 07:00:00,26.3,95,979.3,delhi_university,28.6892,77.2106
2026-08-23 08:00:00,28.2,86,979.8,delhi_university,28.6892,77.2106
2026-08-23 09:00:00,29.3,76,980.7,delhi_university,28.6892,77.2106
2026-08-23 10:00:00,29.8,76,980.8,delhi_university,28.6892,77.2106
2026-08-23 11:00:00,30.6,73,981.1,delhi_university,28.6892,77.2106
2026-08-23 12:00:00,31.1,71,980.3,delhi_university,28.6892,77.2106
2026-08-23 13:00:00,32.2,66,979.4,delhi_university,28.6892,77.2106
2026-08-23 14:00:00,32.8,64,978.3,delhi_university,28.6892,77.2106
2026-08-23 15:00:00,33.0,63,977.6,delhi_university,28.6892,77.2106
2026-08-23 16:00:00,32.6,64,976.9,delhi_university,28.6892,77.2106
2026-08-23 17:00:00,32.7,66,976.6,delhi_university,28.6892,77.2106
2026-08-23 18:00:00,31.7,74,977.4,delhi_university,28.6892,77.2106
2026-08-23 19:00:00,30.8,80,978.0,delhi_university,28.6892,77.2106
2026-08-23 20:00:00,30.5,82,979.0,delhi_university,28.6892,77.2106
2026-08-23 21:00:00,30.0,83,979.8,delhi_university,28.6892,77.2106
2026-08-23 22:00:00,29.7,85,979.4,delhi_university,28.6892,77.2106
2026-08-23 23:00:00,28.5,89,979.8,delhi_university,28.6892,77.2106
2026-08-24 00:00:00,27.9,92,979.0,delhi_university,28.6892,77.2106
2026-08-24 01:00:00,27.9,92,978.5,delhi_university,28.6892,77.2106
2026-08-24 02:00:00,27.7,91,978.4,delhi_university,28.6892,77.2106
2026-08-24 03:00:00,27.4,90,978.6,delhi_university,28.6892,77.2106
2026-08-24 04:00:00,26.0,94,979.3,delhi_university,28.6892,77.2106
2026-08-24 05:00:00,26.5,91,979.1,delhi_university,28.6892,77.2106
2026-08-24 06:00:00,25.6,96,979.5,delhi_university,28.6892,77.2106
2026-08-24 07:00:00,26.0,95,979.8,delhi_university,28.6892,77.2106
2026-08-24 08:00:00,27.1,90,979.8,delhi_university,28.6892,77.2106
2026-08-24 09:00:00,28.7,85,980.1,delhi_university,28.6892,77.2106
2026-08-24 10:00:00,30.7,74,980.2,delhi_university,28.6892,77.2106
2026-08-24 11:00:00,29.6,77,980.4,delhi_university,28.6892,77.2106
2026-08-24 12:00:00,30.3,71,980.0,delhi_university,28.6892,77.2106
2026-08-24 13:00:00,30.8,70,979.3,delhi_university,28.6892,77.2106
2026-08-24 14:00:00,31.6,66,978.2,delhi_university,28.6892,77.2106
2026-08-24 15:00:00,32.1,64,977.5,delhi_university,28.6892,77.2106
2026-08-24 16:00:00,31.9,65,977.3,delhi_university,28.6892,77.2106
2026-08-24 17:00:00,31.6,69,977.1,delhi_university,28.6892,77.2106
2026-08-24 18:00:00,31.1,76,977.5,delhi_university,28.6892,77.2106
2026-08-24 19:00:00,30.9,79,978.2,delhi_university,28.6892,77.2106
2026-08-24 20:00:00,30.3,82,978.9,delhi_university,28.6892,77.2106
2026-08-24 21:00:00,29.7,84,979.7,delhi_university,28.6892,77.2106
2026-08-24 22:00:00,28.9,87,979.6,delhi_university,28.6892,77.2106
2026-08-24 23:00:00,28.7,89,979.1,delhi_university,28.6892,77.2106
2026-08-25 00:00:00,28.3,91,979.1,delhi_university,28.6892,77.2106
2026-08-25 01:00:00,28.0,93,978.7,delhi_university,28.6892,77.2106
2026-08-25 02:00:00,28.0,93,978.5,delhi_university,28.6892,77.2106
2026-08-25 03:00:00,27.9,93,978.6,delhi_university,28.6892,77.2106
2026-08-25 04:00:00,27.7,95,978.7,delhi_university,28.6892,77.2106
2026-08-25 05:00:00,26.3,97,979.3,delhi_university,28.6892,77.2106
2026-08-25 06:00:00,26.5,97,979.9,delhi_university,28.6892,77.2106
2026-08-25 07:00:00,26.8,97,979.9,delhi_university,28.6892,77.2106
2026-08-25 08:00:00,27.3,94,980.2,delhi_university,28.6892,77.2106
2026-08-25 09:00:00,28.8,86,980.6,delhi_university,28.6892,77.2106
2026-08-25 10:00:00,30.3,79,980.9,delhi_university,28.6892,77.2106
2026-08-25 11:00:00,31.7,66,980.6,delhi_university,28.6892,77.2106
2026-08-25 12:00:00,31.9,65,980.3,delhi_university,28.6892,77.2106
2026-08-25 13:00:00,32.4,64,979.7,delhi_university,28.6892,77.2106
2026-08-25 14:00:00,32.7,62,978.7,delhi_university,28.6892,77.2106
2026-08-25 15:00:00,32.9,61,978.1,delhi_university,28.6892,77.2106
2026-08-25 16:00:00,32.8,61,977.7,delhi_university,28.6892,77.2106
2026-08-25 17:00:00,28.3,91,978.2,delhi_university,28.6892,77.2106
2026-08-25 18:00:00,28.5,91,978.6,delhi_university,28.6892,77.2106
2026-08-25 19:00:00,28.5,92,978.7,delhi_university,28.6892,77.2106
2026-08-25 20:00:00,28.5,92,979.5,delhi_university,28.6892,77.2106
2026-08-25 21:00:00,28.3,94,979.7,delhi_university,28.6892,77.2106
2026-08-25 22:00:00,28.2,93,979.6,delhi_university,28.6892,77.2106
2026-08-25 23:00:00,28.4,91,979.6,delhi_university,28.6892,77.2106
2026-07-20 00:00:00,30.4,83,977.0,ndls,28.643,77.2194
2026-07-20 01:00:00,29.1,88,976.6,ndls,28.643,77.2194
2026-07-20 02:00:00,28.4,88,976.2,ndls,28.643,77.2194
2026-07-20 03:00:00,28.6,87,976.5,ndls,28.643,77.2194
2026-07-20 04:00:00,27.2,93,976.5,ndls,28.643,77.2194
2026-07-20 05:00:00,28.8,81,976.2,ndls,28.643,77.2194
2026-07-20 06:00:00,28.9,83,976.3,ndls,28.643,77.2194
2026-07-20 07:00:00,27.9,87,976.9,ndls,28.643,77.2194
2026-07-20 08:00:00,27.4,94,977.2,ndls,28.643,77.2194
2026-07-20 09:00:00,28.9,89,977.9,ndls,28.643,77.2194
2026-07-20 10:00:00,29.5,86,978.4,ndls,28.643,77.2194
2026-07-20 11:00:00,32.2,67,978.0,ndls,28.643,77.2194
2026-07-20 12:00:00,30.7,75,977.9,ndls,28.643,77.2194
2026-07-20 13:00:00,29.7,82,977.4,ndls,28.643,77.2194
2026-07-20 14:00:00,29.9,81,976.7,ndls,28.643,77.2194
2026-07-20 15:00:00,30.8,78,976.1,ndls,28.643,77.2194
2026-07-20 16:00:00,31.0,77,975.9,ndls,28.643,77.2194
2026-07-20 17:00:00,29.5,81,977.1,ndls,28.643,77.2194
2026-07-20 18:00:00,27.5,92,977.2,ndls,28.643,77.2194
2026-07-20 19:00:00,27.4,94,976.9,ndls,28.643,77.2194
2026-07-20 20:00:00,27.6,94,977.7,ndls,28.643,77.2194
2026-07-20 21:00:00,27.7,95,978.4,ndls,28.643,77.2194
2026-07-20 22:00:00,27.6,94,978.8,ndls,28.643,77.2194
2026-07-20 23:00:00,26.6,96,978.6,ndls,28.643,77.2194
2026-07-21 00:00:00,26.8,96,978.1,ndls,28.643,77.2194
2026-07-21 01:00:00,26.7,95,977.7,ndls,28.643,77.2194
2026-07-21 02:00:00,26.5,95,977.5,ndls,28.643,77.2194
2026-07-21 03:00:00,26.3,94,977.1,ndls,28.643,77.2194
2026-07-21 04:00:00,26.2,92,977.3,ndls,28.643,77.2194
2026-07-21 05:00:00,26.5,92,977.1,ndls,28.643,77.2194
2026-07-21 06:00:00,26.0,93,977.8,ndls,28.643,77.2194
2026-07-21 07:00:00,26.0,94,977.9,ndls,28.643,77.2194
2026-07-21 08:00:00,26.6,91,978.2,ndls,28.643,77.2194
2026-07-21 09:00:00,27.3,87,978.2,ndls,28.643,77.2194
2026-07-21 10:00:00,28.3,82,978.2,ndls,28.643,77.2194
2026-07-21 11:00:00,26.8,94,978.1,ndls,28.643,77.2194
2026-07-21 12:00:00,28.0,92,977.5,ndls,28.643,77.2194
2026-07-21 13:00:00,29.9,82,976.7,ndls,28.643,77.2194
2026-07-21 14:00:00,28.7,84,976.1,ndls,28.643,77.2194
2026-07-21 15:00:00,28.2,87,975.8,ndls,28.643,77.2194
2026-07-21 16:00:00,28.8,85,975.3,ndls,28.643,77.2194
2026-07-21 17:00:00,29.7,80,974.9,ndls,28.643,77.2194
2026-07-21 18:00:00,29.3,79,975.4,ndls,28.643,77.2194
2026-07-21 19:00:00,28.6,85,976.2,ndls,28.643,77.2194
2026-07-21 20:00:00,28.5,85,976.8,ndls,28.643,77.2194
2026-07-21 21:00:00,28.2,86,977.5,ndls,28.643,77.2194
2026-07-21 22:00:00,27.9,87,977.9,ndls,28.643,77.2194
2026-07-21 23:00:00,27.1,93,977.8,ndls,28.643,77.2194
2026-07-22 00:00:00,26.8,93,977.3,ndls,28.643,77.2194
2026-07-22 01:00:00,26.6,93,976.8,ndls,28.643,77.2194
2026-07-22 02:00:00,26.6,94,976.3,ndls,28.643,77.2194
2026-07-22 03:00:00,26.0,95,976.5,ndls,28.643,77.2194
2026-07-22 04:00:00,25.8,95,977.1,ndls,28.643,77.2194
2026-07-22 05:00:00,26.1,96,976.5,ndls,28.643,77.2194
2026-07-22 06:00:00,26.1,96,976.9,ndls,28.643,77.2194
2026-07-22 07:00:00,26.6,91,977.3,ndls,28.643,77.2194
2026-07-22 08:00:00,27.1,84,977.8,ndls,28.643,77.2194
2026-07-22 09:00:00,28.8,78,977.7,ndls,28.643,77.2194
2026-07-22 10:00:00,30.2,70,977.7,ndls,28.643,77.2194
2026-07-22 11:00:00,30.7,67,977.5,ndls,28.643,77.2194
2026-07-22 12:00:00,31.6,64,977.3,ndls,28.643,77.2194
2026-07-22 13:00:00,31.8,67,976.4,ndls,28.643,77.2194
2026-07-22 14:00:00,32.0,66,975.3,ndls,28.643,77.2194
2026-07-22 15:00:00,32.0,67,974.8,ndls,28.643,77.2194
2026-07-22 16:00:00,31.7,66,974.1,ndls,28.643,77.2194
2026-07-22 17:00:00,28.3,87,974.7,ndls,28.643,77.2194
2026-07-22 18:00:00,28.9,86,975.1,ndls,28.643,77.2194
2026-07-22 19:00:00,28.8,88,975.5,ndls,28.643,77.2194
2026-07-22 20:00:00,29.0,88,976.2,ndls,28.643,77.2194
2026-07-22 21:00:00,29.0,86,976.5,ndls,28.643,77.2194
2026-07-22 22:00:00,28.9,82,976.8,ndls,28.643,77.2194
2026-07-22 23:00:00,28.4,84,976.4,ndls,28.643,77.2194
2026-07-23 00:00:00,28.3,83,976.1,ndls,28.643,77.2194
2026-07-23 01:00:00,28.1,83,975.6,ndls,28.643,77.2194
2026-07-23 02:00:00,27.8,84,975.2,ndls,28.643,77.2194
2026-07-23 03:00:00,27.5,85,975.1,ndls,28.643,77.2194
2026-07-23 04:00:00,27.3,85,975.3,ndls,28.643,77.2194
2026-07-23 05:00:00,26.8,92,975.3,ndls,28.643,77.2194
2026-07-23 06:00:00,26.4,94,975.7,ndls,28.643,77.2194
2026-07-23 07:00:00,26.6,89,975.8,ndls,28.643,77.2194
2026-07-23 08:00:00,28.1,82,976.1,ndls,28.643,77.2194
2026-07-23 09:00:00,28.8,80,976.0,ndls,28.643,77.2194
2026-07-23 10:00:00,30.5,72,975.8,ndls,28.643,77.2194
2026-07-23 11:00:00,31.4,66,975.9,ndls,28.643,77.2194
2026-07-23 12:00:00,31.8,64,975.1,ndls,28.643,77.2194
2026-07-23 13:00:00,32.2,62,974.4,ndls,28.643,77.2194
2026-07-23 14:00:00,32.6,62,973.6,ndls,28.643,77.2194
2026-07-23 15:00:00,30.7,71,973.5,ndls,28.643,77.2194
2026-07-23 16:00:00,30.4,75,972.9,ndls,28.643,77.2194
2026-07-23 17:00:00,31.7,65,973.1,ndls,28.643,77.2194
2026-07-23 18:00:00,30.7,70,973.7,ndls,28.643,77.2194
2026-07-23 19:00:00,30.2,73,974.0,ndls,28.643,77.2194
2026-07-23 20:00:00,28.8,81,974.8,ndls,28.643,77.2194
2026-07-23 21:00:00,26.4,93,976.1,ndls,28.643,77.2194
2026-07-23 22:00:00,26.6,93,975.7,ndls,28.643,77.2194
2026-07-23 23:00:00,27.7,87,975.8,ndls,28.643,77.2194
2026-07-24 00:00:00,27.3,87,975.4,ndls,28.643,77.2194
2026-07-24 01:00:00,27.1,88,975.3,ndls,28.643,77.2194
2026-07-24 02:00:00,27.0,89,974.7,ndls,28.643,77.2194
2026-07-24 03:00:00,26.8,90,974.7,ndls,28.643,77.2194
2026-07-24 04:00:00,26.7,90,974.7,ndls,28.643,77.2194
2026-07-24 05:00:00,25.8,94,975.0,ndls,28.643,77.2194
2026-07-24 06:00:00,25.9,94,974.6,ndls,28.643,77.2194
2026-07-24 07:00:00,26.9,90,975.0,ndls,28.643,77.2194
2026-07-24 08:00:00,28.4,82,975.2,ndls,28.643,77.2194
2026-07-24 09:00:00,29.6,76,975.5,ndls,28.643,77.2194
2026-07-24 10:00:00,30.5,71,975.6,ndls,28.643,77.2194
2026-07-24 11:00:00,30.5,74,975.8,ndls,28.643,77.2194
2026-07-24 12:00:00,31.3,71,975.5,ndls,28.643,77.2194
2026-07-24 13:00:00,29.7,76,974.3,ndls,28.643,77.2194
2026-07-24 14:00:00,29.0,81,974.2,ndls,28.643,77.2194
2026-07-24 15:00:00,29.4,81,973.3,ndls,28.643,77.2194
2026-07-24 16:00:00,30.5,75,972.7,ndls,28.643,77.2194
2026-07-24 17:00:00,30.2,81,972.4,ndls,28.643,77.2194
2026-07-24 18:00:00,30.2,82,972.9,ndls,28.643,77.2194
2026-07-24 19:00:00,29.8,83,973.8,ndls,28.643,77.2194
2026-07-24 20:00:00,29.7,83,974.8,ndls,28.643,77.2194
2026-07-24 21:00:00,29.2,82,975.8,ndls,28.643,77.2194
2026-07-24 22:00:00,28.8,83,976.2,ndls,28.643,77.2194
2026-07-24 23:00:00,28.5,85,975.9,ndls,28.643,77.2194
2026-07-25 00:00:00,28.4,84,975.8,ndls,28.643,77.2194
2026-07-25 01:00:00,28.2,82,976.0,ndls,28.643,77.2194
2026-07-25 02:00:00,27.9,84,976.1,ndls,28.643,77.2194
2026-07-25 03:00:00,27.7,87,975.8,ndls,28.643,77.2194
2026-07-25 04:00:00,27.6,87,975.9,ndls,28.643,77.2194
2026-07-25 05:00:00,27.3,90,975.8,ndls,28.643,77.2194
2026-07-25 06:00:00,27.6,89,976.9,ndls,28.643,77.2194
2026-07-25 07:00:00,28.4,86,977.3,ndls,28.643,77.2194
2026-07-25 08:00:00,28.6,80,977.6,ndls,28.643,77.2194
2026-07-25 09:00:00,29.7,75,978.0,ndls,28.643,77.2194
2026-07-25 10:00:00,30.4,75,978.1,ndls,28.643,77.2194
2026-07-25 11:00:00,31.6,66,977.9,ndls,28.643,77.2194
2026-07-25 12:00:00,31.9,65,977.2,ndls,28.643,77.2194
2026-07-25 13:00:00,32.4,63,976.6,ndls,28.643,77.2194
2026-07-25 14:00:00,32.8,60,975.8,ndls,28.643,77.2194
2026-07-25 15:00:00,32.6,62,975.6,ndls,28.643,77.2194
2026-07-25 16:00:00,31.7,66,975.0,ndls,28.643,77.2194
2026-07-25 17:00:00,30.8,78,975.4,ndls,28.643,77.2194
2026-07-25 18:00:00,29.9,79,975.9,ndls,28.643,77.2194
2026-07-25 19:00:00,29.1,83,976.6,ndls,28.643,77.2194
2026-07-25 20:00:00,28.7,85,977.5,ndls,28.643,77.2194
2026-07-25 21:00:00,28.2,88,978.2,ndls,28.643,77.2194
2026-07-25 22:00:00,27.9,88,978.3,ndls,28.643,77.2194
2026-07-25 23:00:00,27.5,92,977.8,ndls,28.643,77.2194
2026-07-26 00:00:00,27.5,93,977.7,ndls,28.643,77.2194
2026-07-26 01:00:00,27.6,94,977.2,ndls,28.643,77.2194
2026-07-26 02:00:00,27.6,94,976.9,ndls,28.643,77.2194
2026-07-26 03:00:00,27.5,94,976.9,ndls,28.643,77.2194
2026-07-26 04:00:00,27.4,94,977.1,ndls,28.643,77.2194
2026-07-26 05:00:00,28.3,95,976.9,ndls,28.643,77.2194
2026-07-26 06:00:00,27.8,95,977.2,ndls,28.643,77.2194
2026-07-26 07:00:00,28.3,89,977.4,ndls,28.643,77.2194
2026-07-26 08:00:00,29.7,81,977.7,ndls,28.643,77.2194
2026-07-26 09:00:00,30.9,75,977.5,ndls,28.643,77.2194
2026-07-26 10:00:00,31.8,71,977.9,ndls,28.643,77.2194
2026-07-26 11:00:00,32.4,65,978.0,ndls,28.643,77.2194
2026-07-26 12:00:00,33.3,61,977.8,ndls,28.643,77.2194
2026-07-26 13:00:00,33.9,60,977.2,ndls,28.643,77.2194
2026-07-26 14:00:00,34.0,60,976.2,ndls,28.643,77.2194
2026-07-26 15:00:00,34.1,59,975.5,ndls,28.643,77.2194
2026-07-26 16:00:00,33.9,59,974.7,ndls,28.643,77.2194
2026-07-26 17:00:00,33.2,66,974.6,ndls,28.643,77.2194
2026-07-26 18:00:00,32.5,71,974.6,ndls,28.643,77.2194
2026-07-26 19:00:00,31.7,78,974.8,ndls,28.643,77.2194
2026-07-26 20:00:00,31.7,78,975.4,ndls,28.643,77.2194
2026-07-26 21:00:00,31.5,81,976.0,ndls,28.643,77.2194
2026-07-26 22:00:00,31.3,81,976.3,ndls,28.643,77.2194
2026-07-26 23:00:00,31.1,84,975.8,ndls,28.643,77.2194
2026-07-27 00:00:00,30.6,85,975.5,ndls,28.643,77.2194
2026-07-27 01:00:00,30.3,86,974.9,ndls,28.643,77.2194
2026-07-27 02:00:00,30.0,88,974.5,ndls,28.643,77.2194
2026-07-27 03:00:00,29.8,87,974.5,ndls,28.643,77.2194
2026-07-27 04:00:00,29.6,86,974.6,ndls,28.643,77.2194
2026-07-27 05:00:00,29.7,87,974.6,ndls,28.643,77.2194
2026-07-27 06:00:00,29.7,86,974.7,ndls,28.643,77.2194
2026-07-27 07:00:00,30.5,82,975.0,ndls,28.643,77.2194
2026-07-27 08:00:00,31.6,75,975.1,ndls,28.643,77.2194
2026-07-27 09:00:00,32.8,67,975.0,ndls,28.643,77.2194
2026-07-27 10:00:00,33.6,62,975.3,ndls,28.643,77.2194
2026-07-27 11:00:00,34.7,51,974.9,ndls,28.643,77.2194
2026-07-27 12:00:00,35.6,49,974.8,ndls,28.643,77.2194
2026-07-27 13:00:00,35.6,52,974.2,ndls,28.643,77.2194
2026-07-27 14:00:00,35.3,53,973.3,ndls,28.643,77.2194
2026-07-27 15:00:00,33.9,57,972.6,ndls,28.643,77.2194
2026-07-27 16:00:00,34.1,56,972.5,ndls,28.643,77.2194
2026-07-27 17:00:00,32.9,65,972.5,ndls,28.643,77.2194
2026-07-27 18:00:00,32.3,72,972.4,ndls,28.643,77.2194
2026-07-27 19:00:00,32.1,72,972.6,ndls,28.643,77.2194
2026-07-27 20:00:00,31.6,73,973.5,ndls,28.643,77.2194
2026-07-27 21:00:00,30.4,80,974.0,ndls,28.643,77.2194
2026-07-27 22:00:00,29.6,82,974.6,ndls,28.643,77.2194
2026-07-27 23:00:00,30.2,85,974.0,ndls,28.643,77.2194
2026-07-28 00:00:00,29.0,86,974.5,ndls,28.643,77.2194
2026-07-28 01:00:00,27.8,90,974.5,ndls,28.643,77.2194
2026-07-28 02:00:00,27.4,93,974.1,ndls,28.643,77.2194
2026-07-28 03:00:00,26.6,95,973.7,ndls,28.643,77.2194
2026-07-28 04:00:00,26.3,96,973.6,ndls,28.643,77.2194
2026-07-28 05:00:00,28.7,91,972.9,ndls,28.643,77.2194
2026-07-28 06:00:00,28.6,92,973.7,ndls,28.643,77.2194
2026-07-28 07:00:00,29.0,91,973.9,ndls,28.643,77.2194
2026-07-28 08:00:00,28.9,85,974.5,ndls,28.643,77.2194
2026-07-28 09:00:00,28.6,86,975.3,ndls,28.643,77.2194
2026-07-28 10:00:00,27.3,93,976.1,ndls,28.643,77.2194
2026-07-28 11:00:00,27.3,94,976.0,ndls,28.643,77.2194
2026-07-28 12:00:00,27.1,95,975.3,ndls,28.643,77.2194
2026-07-28 13:00:00,27.1,94,975.1,ndls,28.643,77.2194
2026-07-28 14:00:00,27.2,94,974.2,ndls,28.643,77.2194
2026-07-28 15:00:00,27.7,88,973.5,ndls,28.643,77.2194
2026-07-28 16:00:00,27.6,87,973.0,ndls,28.643,77.2194
2026-07-28 17:00:00,30.8,73,973.1,ndls,28.643,77.2194
2026-07-28 18:00:00,30.2,77,973.3,ndls,28.643,77.2194
2026-07-28 19:00:00,29.5,83,973.7,ndls,28.643,77.2194
2026-07-28 20:00:00,29.0,84,974.5,ndls,28.643,77.2194
2026-07-28 21:00:00,28.7,86,975.4,ndls,28.643,77.2194
2026-07-28 22:00:00,28.2,87,975.9,ndls,28.643,77.2194
2026-07-28 23:00:00,27.9,89,975.8,ndls,28.643,77.2194
2026-07-29 00:00:00,27.7,91,975.7,ndls,28.643,77.2194
2026-07-29 01:00:00,27.4,94,975.6,ndls,28.643,77.2194
2026-07-29 02:00:00,26.9,97,975.1,ndls,28.643,77.2194
2026-07-29 03:00:00,26.6,97,975.1,ndls,28.643,77.2194
2026-07-29 04:00:00,26.7,97,975.4,ndls,28.643,77.2194
2026-07-29 05:00:00,26.8,97,975.0,ndls,28.643,77.2194
2026-07-29 06:00:00,26.5,97,975.6,ndls,28.643,77.2194
2026-07-29 07:00:00,26.5,97,976.1,ndls,28.643,77.2194
2026-07-29 08:00:00,26.8,96,976.3,ndls,28.643,77.2194
2026-07-29 09:00:00,28.1,87,976.6,ndls,28.643,77.2194
2026-07-29 10:00:00,29.1,82,976.7,ndls,28.643,77.2194
2026-07-29 11:00:00,31.0,74,976.4,ndls,28.643,77.2194
2026-07-29 12:00:00,31.9,71,976.0,ndls,28.643,77.2194
2026-07-29 13:00:00,32.1,69,975.5,ndls,28.643,77.2194
2026-07-29 14:00:00,32.6,68,974.5,ndls,28.643,77.2194
2026-07-29 15:00:00,32.9,65,973.9,ndls,28.643,77.2194
2026-07-29 16:00:00,32.3,66,973.1,ndls,28.643,77.2194
2026-07-29 17:00:00,33.3,62,972.9,ndls,28.643,77.2194
2026-07-29 18:00:00,32.5,69,972.8,ndls,28.643,77.2194
2026-07-29 19:00:00,31.4,77,973.6,ndls,28.643,77.2194
2026-07-29 20:00:00,30.8,80,974.5,ndls,28.643,77.2194
2026-07-29 21:00:00,30.2,83,975.4,ndls,28.643,77.2194
2026-07-29 22:00:00,29.7,85,975.6,ndls,28.643,77.2194
2026-07-29 23:00:00,30.1,84,975.1,ndls,28.643,77.2194
2026-07-30 00:00:00,29.4,87,974.8,ndls,28.643,77.2194
2026-07-30 01:00:00,26.9,92,975.1,ndls,28.643,77.2194
2026-07-30 02:00:00,25.6,99,974.5,ndls,28.643,77.2194
2026-07-30 03:00:00,26.1,98,974.3,ndls,28.643,77.2194
2026-07-30 04:00:00,26.3,98,974.1,ndls,28.643,77.2194
2026-07-30 05:00:00,28.5,92,973.6,ndls,28.643,77.2194
2026-07-30 06:00:00,28.5,93,973.9,ndls,28.643,77.2194
2026-07-30 07:00:00,28.8,87,974.7,ndls,28.643,77.2194
2026-07-30 08:00:00,29.5,85,975.3,ndls,28.643,77.2194
2026-07-30 09:00:00,30.8,76,975.5,ndls,28.643,77.2194
2026-07-30 10:00:00,32.0,70,975.9,ndls,28.643,77.2194
2026-07-30 11:00:00,32.8,63,975.8,ndls,28.643,77.2194
2026-07-30 12:00:00,33.2,61,975.4,ndls,28.643,77.2194
2026-07-30 13:00:00,32.5,64,975.2,ndls,28.643,77.2194
2026-07-30 14:00:00,33.1,63,974.3,ndls,28.643,77.2194
2026-07-30 15:00:00,33.5,60,973.3,ndls,28.643,77.2194
2026-07-30 16:00:00,33.4,60,972.7,ndls,28.643,77.2194
2026-07-30 17:00:00,32.3,69,972.6,ndls,28.643,77.2194
2026-07-30 18:00:00,29.3,81,973.2,ndls,28.643,77.2194
2026-07-30 19:00:00,28.8,85,973.9,ndls,28.643,77.2194
2026-07-30 20:00:00,28.7,88,974.6,ndls,28.643,77.2194
2026-07-30 21:00:00,28.5,89,975.4,ndls,28.643,77.2194
2026-07-30 22:00:00,28.4,90,975.6,ndls,28.643,77.2194
2026-07-30 23:00:00,29.1,88,975.4,ndls,28.643,77.2194
2026-07-31 00:00:00,28.8,89,975.0,ndls,28.643,77.2194
2026-07-31 01:00:00,28.7,89,974.9,ndls,28.643,77.2194
2026-07-31 02:00:00,28.5,88,974.9,ndls,28.643,77.2194
2026-07-31 03:00:00,28.3,87,974.8,ndls,28.643,77.2194
2026-07-31 04:00:00,28.1,86,974.9,ndls,28.643,77.2194
2026-07-31 05:00:00,28.3,82,974.8,ndls,28.643,77.2194
2026-07-31 06:00:00,28.1,84,975.2,ndls,28.643,77.2194
2026-07-31 07:00:00,28.7,81,975.8,ndls,28.643,77.2194
2026-07-31 08:00:00,29.1,78,976.0,ndls,28.643,77.2194
2026-07-31 09:00:00,29.6,76,976.3,ndls,28.643,77.2194
2026-07-31 10:00:00,30.1,73,976.5,ndls,28.643,77.2194
2026-07-31 11:00:00,30.6,72,976.7,ndls,28.643,77.2194
2026-07-31 12:00:00,31.4,67,976.0,ndls,28.643,77.2194
2026-07-31 13:00:00,31.9,65,975.2,ndls,28.643,77.2194
2026-07-31 14:00:00,32.6,64,974.4,ndls,28.643,77.2194
2026-07-31 15:00:00,32.7,63,973.5,ndls,28.643,77.2194
2026-07-31 16:00:00,31.8,68,972.9,ndls,28.643,77.2194
2026-07-31 17:00:00,31.6,70,973.0,ndls,28.643,77.2194
2026-07-31 18:00:00,31.2,72,973.4,ndls,28.643,77.2194
2026-07-31 19:00:00,30.4,77,974.0,ndls,28.643,77.2194
2026-07-31 20:00:00,30.0,80,974.8,ndls,28.643,77.2194
2026-07-31 21:00:00,29.6,81,975.5,ndls,28.643,77.2194
2026-07-31 22:00:00,29.2,84,976.0,ndls,28.643,77.2194
2026-07-31 23:00:00,28.5,85,975.5,ndls,28.643,77.2194
2026-08-01 00:00:00,28.5,86,975.4,ndls,28.643,77.2194
2026-08-01 01:00:00,27.3,93,975.4,ndls,28.643,77.2194
2026-08-01 02:00:00,27.5,90,974.9,ndls,28.643,77.2194
2026-08-01 03:00:00,27.4,89,974.9,ndls,28.643,77.2194
2026-08-01 04:00:00,27.4,89,975.0,ndls,28.643,77.2194
2026-08-01 05:00:00,27.1,92,975.0,ndls,28.643,77.2194
2026-08-01 06:00:00,27.3,91,975.4,ndls,28.643,77.2194
2026-08-01 07:00:00,27.4,87,975.8,ndls,28.643,77.2194
2026-08-01 08:00:00,28.2,83,975.8,ndls,28.643,77.2194
2026-08-01 09:00:00,29.7,76,975.8,ndls,28.643,77.2194
2026-08-01 10:00:00,31.0,69,975.8,ndls,28.643,77.2194
2026-08-01 11:00:00,32.1,65,975.5,ndls,28.643,77.2194
2026-08-01 12:00:00,32.7,65,974.9,ndls,28.643,77.2194
2026-08-01 13:00:00,33.2,63,974.5,ndls,28.643,77.2194
2026-08-01 14:00:00,31.6,68,973.9,ndls,28.643,77.2194
2026-08-01 15:00:00,31.2,74,973.0,ndls,28.643,77.2194
2026-08-01 16:00:00,31.6,72,972.6,ndls,28.643,77.2194
2026-08-01 17:00:00,30.8,77,973.0,ndls,28.643,77.2194
2026-08-01 18:00:00,30.7,77,973.4,ndls,28.643,77.2194
2026-08-01 19:00:00,30.2,81,973.7,ndls,28.643,77.2194
2026-08-01 20:00:00,29.9,83,974.5,ndls,28.643,77.2194
2026-08-01 21:00:00,29.6,85,975.4,ndls,28.643,77.2194
2026-08-01 22:00:00,29.4,86,975.6,ndls,28.643,77.2194
2026-08-01 23:00:00,27.2,89,975.7,ndls,28.643,77.2194
2026-08-02 00:00:00,27.1,88,975.3,ndls,28.643,77.2194
2026-08-02 01:00:00,27.1,90,975.6,ndls,28.643,77.2194
2026-08-02 02:00:00,27.1,92,975.4,ndls,28.643,77.2194
2026-08-02 03:00:00,27.0,93,974.9,ndls,28.643,77.2194
2026-08-02 04:00:00,27.0,93,975.4,ndls,28.643,77.2194
2026-08-02 05:00:00,27.4,96,975.4,ndls,28.643,77.2194
2026-08-02 06:00:00,26.9,95,976.1,ndls,28.643,77.2194
2026-08-02 07:00:00,27.3,93,976.3,ndls,28.643,77.2194
2026-08-02 08:00:00,28.9,84,976.6,ndls,28.643,77.2194
2026-08-02 09:00:00,30.6,76,976.5,ndls,28.643,77.2194
2026-08-02 10:00:00,32.2,67,976.4,ndls,28.643,77.2194
2026-08-02 11:00:00,33.8,57,976.4,ndls,28.643,77.2194
2026-08-02 12:00:00,34.1,56,976.0,ndls,28.643,77.2194
2026-08-02 13:00:00,33.3,60,975.7,ndls,28.643,77.2194
2026-08-02 14:00:00,33.2,61,974.9,ndls,28.643,77.2194
2026-08-02 15:00:00,33.3,63,974.2,ndls,28.643,77.2194
2026-08-02 16:00:00,33.2,63,973.8,ndls,28.643,77.2194
2026-08-02 17:00:00,28.9,83,974.6,ndls,28.643,77.2194
2026-08-02 18:00:00,28.4,86,975.2,ndls,28.643,77.2194
2026-08-02 19:00:00,27.3,94,974.7,ndls,28.643,77.2194
2026-08-02 20:00:00,27.6,96,975.7,ndls,28.643,77.2194
2026-08-02 21:00:00,27.9,96,976.8,ndls,28.643,77.2194
2026-08-02 22:00:00,27.9,96,977.2,ndls,28.643,77.2194
2026-08-02 23:00:00,29.0,93,976.5,ndls,28.643,77.2194
2026-08-03 00:00:00,28.7,95,976.2,ndls,28.643,77.2194
2026-08-03 01:00:00,28.5,95,976.0,ndls,28.643,77.2194
2026-08-03 02:00:00,28.1,93,975.7,ndls,28.643,77.2194
2026-08-03 03:00:00,27.7,92,975.5,ndls,28.643,77.2194
2026-08-03 04:00:00,27.5,94,975.6,ndls,28.643,77.2194
2026-08-03 05:00:00,27.1,95,975.3,ndls,28.643,77.2194
2026-08-03 06:00:00,27.2,95,976.0,ndls,28.643,77.2194
2026-08-03 07:00:00,27.5,94,976.2,ndls,28.643,77.2194
2026-08-03 08:00:00,28.4,89,977.0,ndls,28.643,77.2194
2026-08-03 09:00:00,29.8,82,977.3,ndls,28.643,77.2194
2026-08-03 10:00:00,30.7,79,977.5,ndls,28.643,77.2194
2026-08-03 11:00:00,31.8,71,977.1,ndls,28.643,77.2194
2026-08-03 12:00:00,33.3,65,976.9,ndls,28.643,77.2194
2026-08-03 13:00:00,34.2,62,976.5,ndls,28.643,77.2194
2026-08-03 14:00:00,32.2,65,975.8,ndls,28.643,77.2194
2026-08-03 15:00:00,31.1,75,975.9,ndls,28.643,77.2194
2026-08-03 16:00:00,31.2,72,975.1,ndls,28.643,77.2194
2026-08-03 17:00:00,33.2,68,974.6,ndls,28.643,77.2194
2026-08-03 18:00:00,29.9,81,974.6,ndls,28.643,77.2194
2026-08-03 19:00:00,27.8,94,976.1,ndls,28.643,77.2194
2026-08-03 20:00:00,27.7,95,976.7,ndls,28.643,77.2194
2026-08-03 21:00:00,27.3,95,977.7,ndls,28.643,77.2194
2026-08-03 22:00:00,27.2,95,977.7,ndls,28.643,77.2194
2026-08-03 23:00:00,26.7,95,977.7,ndls,28.643,77.2194
2026-08-04 00:00:00,27.1,96,977.1,ndls,28.643,77.2194
2026-08-04 01:00:00,27.0,97,976.8,ndls,28.643,77.2194
2026-08-04 02:00:00,26.8,97,976.7,ndls,28.643,77.2194
2026-08-04 03:00:00,26.7,98,977.0,ndls,28.643,77.2194
2026-08-04 04:00:00,26.9,97,976.9,ndls,28.643,77.2194
2026-08-04 05:00:00,27.0,97,976.4,ndls,28.643,77.2194
2026-08-04 06:00:00,26.6,97,977.3,ndls,28.643,77.2194
2026-08-04 07:00:00,26.9,95,977.4,ndls,28.643,77.2194
2026-08-04 08:00:00,27.5,92,977.9,ndls,28.643,77.2194
2026-08-04 09:00:00,28.9,84,978.2,ndls,28.643,77.2194
2026-08-04 10:00:00,30.0,80,978.8,ndls,28.643,77.2194
2026-08-04 11:00:00,27.6,94,978.7,ndls,28.643,77.2194
2026-08-04 12:00:00,28.1,90,978.4,ndls,28.643,77.2194
2026-08-04 13:00:00,28.5,88,977.7,ndls,28.643,77.2194
2026-08-04 14:00:00,28.8,85,977.2,ndls,28.643,77.2194
2026-08-04 15:00:00,29.3,84,976.6,ndls,28.643,77.2194
2026-08-04 16:00:00,29.4,83,975.6,ndls,28.643,77.2194
2026-08-04 17:00:00,27.6,93,976.1,ndls,28.643,77.2194
2026-08-04 18:00:00,27.4,95,976.1,ndls,28.643,77.2194
2026-08-04 19:00:00,27.5,95,976.4,ndls,28.643,77.2194
2026-08-04 20:00:00,27.4,95,977.0,ndls,28.643,77.2194
2026-08-04 21:00:00,27.4,96,977.7,ndls,28.643,77.2194
2026-08-04 22:00:00,27.1,96,977.8,ndls,28.643,77.2194
2026-08-04 23:00:00,27.5,97,977.0,ndls,28.643,77.2194
2026-08-05 00:00:00,27.5,97,976.4,ndls,28.643,77.2194
2026-08-05 01:00:00,27.4,97,976.1,ndls,28.643,77.2194
2026-08-05 02:00:00,27.4,96,975.8,ndls,28.643,77.2194
2026-08-05 03:00:00,27.2,93,975.7,ndls,28.643,77.2194
2026-08-05 04:00:00,26.8,96,975.5,ndls,28.643,77.2194
2026-08-05 05:00:00,26.1,99,975.7,ndls,28.643,77.2194
2026-08-05 06:00:00,26.1,98,975.9,ndls,28.643,77.2194
2026-08-05 07:00:00,27.0,94,976.0,ndls,28.643,77.2194
2026-08-05 08:00:00,28.4,87,976.0,ndls,28.643,77.2194
2026-08-05 09:00:00,30.2,76,976.1,ndls,28.643,77.2194
2026-08-05 10:00:00,31.3,68,976.0,ndls,28.643,77.2194
2026-08-05 11:00:00,31.9,68,976.0,ndls,28.643,77.2194
2026-08-05 12:00:00,31.3,69,974.8,ndls,28.643,77.2194
2026-08-05 13:00:00,31.9,67,974.6,ndls,28.643,77.2194
2026-08-05 14:00:00,32.3,64,973.5,ndls,28.643,77.2194
2026-08-05 15:00:00,33.1,61,973.2,ndls,28.643,77.2194
2026-08-05 16:00:00,32.9,61,972.8,ndls,28.643,77.2194
2026-08-05 17:00:00,29.8,83,973.1,ndls,28.643,77.2194
2026-08-05 18:00:00,28.8,87,973.3,ndls,28.643,77.2194
2026-08-05 19:00:00,28.4,87,974.4,ndls,28.643,77.2194
2026-08-05 20:00:00,28.3,88,975.1,ndls,28.643,77.2194
2026-08-05 21:00:00,28.3,88,975.5,ndls,28.643,77.2194
2026-08-05 22:00:00,28.1,90,975.6,ndls,28.643,77.2194
2026-08-05 23:00:00,27.4,99,975.2,ndls,28.643,77.2194
2026-08-06 00:00:00,27.8,98,974.7,ndls,28.643,77.2194
2026-08-06 01:00:00,27.2,97,974.6,ndls,28.643,77.2194
2026-08-06 02:00:00,26.8,97,974.2,ndls,28.643,77.2194
2026-08-06 03:00:00,27.0,95,974.2,ndls,28.643,77.2194
2026-08-06 04:00:00,26.9,95,974.6,ndls,28.643,77.2194
2026-08-06 05:00:00,27.1,95,974.1,ndls,28.643,77.2194
2026-08-06 06:00:00,27.3,94,975.0,ndls,28.643,77.2194
2026-08-06 07:00:00,27.9,89,975.7,ndls,28.643,77.2194
2026-08-06 08:00:00,27.7,89,976.5,ndls,28.643,77.2194
2026-08-06 09:00:00,27.3,90,977.1,ndls,28.643,77.2194
2026-08-06 10:00:00,27.0,89,977.1,ndls,28.643,77.2194
2026-08-06 11:00:00,27.1,83,977.0,ndls,28.643,77.2194
2026-08-06 12:00:00,27.5,82,976.7,ndls,28.643,77.2194
2026-08-06 13:00:00,27.3,83,976.1,ndls,28.643,77.2194
2026-08-06 14:00:00,27.1,84,975.3,ndls,28.643,77.2194
2026-08-06 15:00:00,27.2,85,975.3,ndls,28.643,77.2194
2026-08-06 16:00:00,27.5,83,974.8,ndls,28.643,77.2194
2026-08-06 17:00:00,27.9,86,974.4,ndls,28.643,77.2194
2026-08-06 18:00:00,27.6,90,974.6,ndls,28.643,77.2194
2026-08-06 19:00:00,27.3,92,975.2,ndls,28.643,77.2194
2026-08-06 20:00:00,27.0,93,975.6,ndls,28.643,77.2194
2026-08-06 21:00:00,27.0,94,976.1,ndls,28.643,77.2194
2026-08-06 22:00:00,27.0,94,976.1,ndls,28.643,77.2194
2026-08-06 23:00:00,26.8,93,976.2,ndls,28.643,77.2194
2026-08-07 00:00:00,26.1,96,975.8,ndls,28.643,77.2194
2026-08-07 01:00:00,26.0,97,975.6,ndls,28.643,77.2194
2026-08-07 02:00:00,25.9,98,975.3,ndls,28.643,77.2194
2026-08-07 03:00:00,25.9,99,975.0,ndls,28.643,77.2194
2026-08-07 04:00:00,25.9,97,975.1,ndls,28.643,77.2194
2026-08-07 05:00:00,26.6,97,974.7,ndls,28.643,77.2194
2026-08-07 06:00:00,26.3,97,975.0,ndls,28.643,77.2194
2026-08-07 07:00:00,26.0,96,975.5,ndls,28.643,77.2194
2026-08-07 08:00:00,26.6,95,975.9,ndls,28.643,77.2194
2026-08-07 09:00:00,26.7,95,976.1,ndls,28.643,77.2194
2026-08-07 10:00:00,27.3,93,976.1,ndls,28.643,77.2194
2026-08-07 11:00:00,28.3,86,975.9,ndls,28.643,77.2194
2026-08-07 12:00:00,26.1,97,975.6,ndls,28.643,77.2194
2026-08-07 13:00:00,26.8,96,974.8,ndls,28.643,77.2194
2026-08-07 14:00:00,27.7,93,974.3,ndls,28.643,77.2194
2026-08-07 15:00:00,28.6,87,973.8,ndls,28.643,77.2194
2026-08-07 16:00:00,28.8,82,973.6,ndls,28.643,77.2194
2026-08-07 17:00:00,26.9,94,974.0,ndls,28.643,77.2194
2026-08-07 18:00:00,26.8,94,974.0,ndls,28.643,77.2194
2026-08-07 19:00:00,26.5,96,974.7,ndls,28.643,77.2194
2026-08-07 20:00:00,26.4,95,975.5,ndls,28.643,77.2194
2026-08-07 21:00:00,25.7,97,976.3,ndls,28.643,77.2194
2026-08-07 22:00:00,25.7,97,976.5,ndls,28.643,77.2194
2026-08-07 23:00:00,26.0,97,976.4,ndls,28.643,77.2194
2026-08-08 00:00:00,26.1,96,975.9,ndls,28.643,77.2194
2026-08-08 01:00:00,26.0,96,975.5,ndls,28.643,77.2194
2026-08-08 02:00:00,25.3,96,975.2,ndls,28.643,77.2194
2026-08-08 03:00:00,24.9,98,975.4,ndls,28.643,77.2194
2026-08-08 04:00:00,24.7,98,975.4,ndls,28.643,77.2194
2026-08-08 05:00:00,25.7,96,975.1,ndls,28.643,77.2194
2026-08-08 06:00:00,25.7,96,975.7,ndls,28.643,77.2194
2026-08-08 07:00:00,25.8,96,976.0,ndls,28.643,77.2194
2026-08-08 08:00:00,27.3,92,976.6,ndls,28.643,77.2194
2026-08-08 09:00:00,29.4,85,977.1,ndls,28.643,77.2194
2026-08-08 10:00:00,30.9,77,977.0,ndls,28.643,77.2194
2026-08-08 11:00:00,29.9,79,977.4,ndls,28.643,77.2194
2026-08-08 12:00:00,31.1,75,977.2,ndls,28.643,77.2194
2026-08-08 13:00:00,31.1,73,976.6,ndls,28.643,77.2194
2026-08-08 14:00:00,30.6,75,975.6,ndls,28.643,77.2194
2026-08-08 15:00:00,32.2,68,975.3,ndls,28.643,77.2194
2026-08-08 16:00:00,32.2,66,974.6,ndls,28.643,77.2194
2026-08-08 17:00:00,31.2,73,975.5,ndls,28.643,77.2194
2026-08-08 18:00:00,30.4,77,975.5,ndls,28.643,77.2194
2026-08-08 19:00:00,29.5,82,976.0,ndls,28.643,77.2194
2026-08-08 20:00:00,29.1,85,977.0,ndls,28.643,77.2194
2026-08-08 21:00:00,28.9,86,977.6,ndls,28.643,77.2194
2026-08-08 22:00:00,28.6,88,978.3,ndls,28.643,77.2194
2026-08-08 23:00:00,29.0,89,978.0,ndls,28.643,77.2194
2026-08-09 00:00:00,28.5,88,977.9,ndls,28.643,77.2194
2026-08-09 01:00:00,28.4,88,977.6,ndls,28.643,77.2194
2026-08-09 02:00:00,27.9,90,977.6,ndls,28.643,77.2194
2026-08-09 03:00:00,27.1,93,977.6,ndls,28.643,77.2194
2026-08-09 04:00:00,26.7,94,977.7,ndls,28.643,77.2194
2026-08-09 05:00:00,25.0,99,977.6,ndls,28.643,77.2194
2026-08-09 06:00:00,25.7,96,977.9,ndls,28.643,77.2194
2026-08-09 07:00:00,27.0,94,978.5,ndls,28.643,77.2194
2026-08-09 08:00:00,28.9,87,978.7,ndls,28.643,77.2194
2026-08-09 09:00:00,30.6,79,978.8,ndls,28.643,77.2194
2026-08-09 10:00:00,31.6,74,979.1,ndls,28.643,77.2194
2026-08-09 11:00:00,32.6,66,978.5,ndls,28.643,77.2194
2026-08-09 12:00:00,32.6,68,978.0,ndls,28.643,77.2194
2026-08-09 13:00:00,33.4,65,977.4,ndls,28.643,77.2194
2026-08-09 14:00:00,33.7,64,976.6,ndls,28.643,77.2194
2026-08-09 15:00:00,33.9,63,975.9,ndls,28.643,77.2194
2026-08-09 16:00:00,33.7,63,975.2,ndls,28.643,77.2194
2026-08-09 17:00:00,33.4,66,975.0,ndls,28.643,77.2194
2026-08-09 18:00:00,31.8,74,975.6,ndls,28.643,77.2194
2026-08-09 19:00:00,30.7,79,976.1,ndls,28.643,77.2194
2026-08-09 20:00:00,30.4,81,976.5,ndls,28.643,77.2194
2026-08-09 21:00:00,30.1,82,977.4,ndls,28.643,77.2194
2026-08-09 22:00:00,29.7,82,977.8,ndls,28.643,77.2194
2026-08-09 23:00:00,30.3,80,977.3,ndls,28.643,77.2194
2026-08-10 00:00:00,28.5,85,977.1,ndls,28.643,77.2194
2026-08-10 01:00:00,26.5,93,977.0,ndls,28.643,77.2194
2026-08-10 02:00:00,26.5,94,976.4,ndls,28.643,77.2194
2026-08-10 03:00:00,26.9,93,975.9,ndls,28.643,77.2194
2026-08-10 04:00:00,27.2,93,976.5,ndls,28.643,77.2194
2026-08-10 05:00:00,28.0,93,976.4,ndls,28.643,77.2194
2026-08-10 06:00:00,27.1,94,977.1,ndls,28.643,77.2194
2026-08-10 07:00:00,27.3,92,977.2,ndls,28.643,77.2194
2026-08-10 08:00:00,28.4,86,977.5,ndls,28.643,77.2194
2026-08-10 09:00:00,29.7,81,977.7,ndls,28.643,77.2194
2026-08-10 10:00:00,31.0,76,977.9,ndls,28.643,77.2194
2026-08-10 11:00:00,33.0,65,977.4,ndls,28.643,77.2194
2026-08-10 12:00:00,33.4,64,977.0,ndls,28.643,77.2194
2026-08-10 13:00:00,32.2,69,976.7,ndls,28.643,77.2194
2026-08-10 14:00:00,27.7,93,976.2,ndls,28.643,77.2194
2026-08-10 15:00:00,28.2,90,975.9,ndls,28.643,77.2194
2026-08-10 16:00:00,28.6,88,975.2,ndls,28.643,77.2194
2026-08-10 17:00:00,29.7,84,975.5,ndls,28.643,77.2194
2026-08-10 18:00:00,29.5,85,975.7,ndls,28.643,77.2194
2026-08-10 19:00:00,29.0,87,976.0,ndls,28.643,77.2194
2026-08-10 20:00:00,28.7,89,976.9,ndls,28.643,77.2194
2026-08-10 21:00:00,28.6,90,977.5,ndls,28.643,77.2194
2026-08-10 22:00:00,28.4,91,977.4,ndls,28.643,77.2194
2026-08-10 23:00:00,27.8,95,976.5,ndls,28.643,77.2194
2026-08-11 00:00:00,27.6,96,976.3,ndls,28.643,77.2194
2026-08-11 01:00:00,27.6,95,976.3,ndls,28.643,77.2194
2026-08-11 02:00:00,27.4,95,976.3,ndls,28.643,77.2194
2026-08-11 03:00:00,27.2,95,975.9,ndls,28.643,77.2194
2026-08-11 04:00:00,27.0,94,976.3,ndls,28.643,77.2194
2026-08-11 05:00:00,27.0,93,976.7,ndls,28.643,77.2194
2026-08-11 06:00:00,27.1,93,976.9,ndls,28.643,77.2194
2026-08-11 07:00:00,27.8,88,977.6,ndls,28.643,77.2194
2026-08-11 08:00:00,28.8,85,977.8,ndls,28.643,77.2194
2026-08-11 09:00:00,29.5,82,978.2,ndls,28.643,77.2194
2026-08-11 10:00:00,30.4,80,978.3,ndls,28.643,77.2194
2026-08-11 11:00:00,30.5,80,978.3,ndls,28.643,77.2194
2026-08-11 12:00:00,28.4,87,977.9,ndls,28.643,77.2194
2026-08-11 13:00:00,28.0,93,977.4,ndls,28.643,77.2194
2026-08-11 14:00:00,28.6,90,976.5,ndls,28.643,77.2194
2026-08-11 15:00:00,30.0,80,975.6,ndls,28.643,77.2194
2026-08-11 16:00:00,30.5,76,975.2,ndls,28.643,77.2194
2026-08-11 17:00:00,30.5,77,975.6,ndls,28.643,77.2194
2026-08-11 18:00:00,30.2,79,975.5,ndls,28.643,77.2194
2026-08-11 19:00:00,29.6,86,975.9,ndls,28.643,77.2194
2026-08-11 20:00:00,29.1,88,976.9,ndls,28.643,77.2194
2026-08-11 21:00:00,28.8,90,977.6,ndls,28.643,77.2194
2026-08-11 22:00:00,28.3,91,977.9,ndls,28.643,77.2194
2026-08-11 23:00:00,28.6,87,977.5,ndls,28.643,77.2194
2026-08-12 00:00:00,28.3,89,977.4,ndls,28.643,77.2194
2026-08-12 01:00:00,28.4,89,977.3,ndls,28.643,77.2194
2026-08-12 02:00:00,27.9,91,977.3,ndls,28.643,77.2194
2026-08-12 03:00:00,27.6,91,977.3,ndls,28.643,77.2194
2026-08-12 04:00:00,27.3,93,977.4,ndls,28.643,77.2194
2026-08-12 05:00:00,27.8,95,977.3,ndls,28.643,77.2194
2026-08-12 06:00:00,27.9,94,977.6,ndls,28.643,77.2194
2026-08-12 07:00:00,28.6,92,977.9,ndls,28.643,77.2194
2026-08-12 08:00:00,29.9,83,978.4,ndls,28.643,77.2194
2026-08-12 09:00:00,31.1,75,978.5,ndls,28.643,77.2194
2026-08-12 10:00:00,32.0,71,978.5,ndls,28.643,77.2194
2026-08-12 11:00:00,33.0,64,978.2,ndls,28.643,77.2194
2026-08-12 12:00:00,33.6,62,977.8,ndls,28.643,77.2194
2026-08-12 13:00:00,34.1,60,976.8,ndls,28.643,77.2194
2026-08-12 14:00:00,34.5,59,976.2,ndls,28.643,77.2194
2026-08-12 15:00:00,34.7,58,975.9,ndls,28.643,77.2194
2026-08-12 16:00:00,34.3,60,975.2,ndls,28.643,77.2194
2026-08-12 17:00:00,34.4,61,975.6,ndls,28.643,77.2194
2026-08-12 18:00:00,30.2,82,976.5,ndls,28.643,77.2194
2026-08-12 19:00:00,28.7,89,977.5,ndls,28.643,77.2194
2026-08-12 20:00:00,28.0,93,977.8,ndls,28.643,77.2194
2026-08-12 21:00:00,28.1,94,978.7,ndls,28.643,77.2194
2026-08-12 22:00:00,28.2,92,979.1,ndls,28.643,77.2194
2026-08-12 23:00:00,29.6,87,979.0,ndls,28.643,77.2194
2026-08-13 00:00:00,29.1,89,979.1,ndls,28.643,77.2194
2026-08-13 01:00:00,28.8,89,978.4,ndls,28.643,77.2194
2026-08-13 02:00:00,28.5,90,977.9,ndls,28.643,77.2194
2026-08-13 03:00:00,28.2,92,978.0,ndls,28.643,77.2194
2026-08-13 04:00:00,27.9,94,977.6,ndls,28.643,77.2194
2026-08-13 05:00:00,26.9,97,977.6,ndls,28.643,77.2194
2026-08-13 06:00:00,26.7,95,978.0,ndls,28.643,77.2194
2026-08-13 07:00:00,27.9,95,978.0,ndls,28.643,77.2194
2026-08-13 08:00:00,30.1,81,978.0,ndls,28.643,77.2194
2026-08-13 09:00:00,31.7,75,978.2,ndls,28.643,77.2194
2026-08-13 10:00:00,32.6,71,978.5,ndls,28.643,77.2194
2026-08-13 11:00:00,33.3,65,978.6,ndls,28.643,77.2194
2026-08-13 12:00:00,33.8,60,978.0,ndls,28.643,77.2194
2026-08-13 13:00:00,32.8,67,977.4,ndls,28.643,77.2194
2026-08-13 14:00:00,33.2,68,976.7,ndls,28.643,77.2194
2026-08-13 15:00:00,33.6,66,975.9,ndls,28.643,77.2194
2026-08-13 16:00:00,33.7,65,975.3,ndls,28.643,77.2194
2026-08-13 17:00:00,31.3,81,975.8,ndls,28.643,77.2194
2026-08-13 18:00:00,31.1,80,976.0,ndls,28.643,77.2194
2026-08-13 19:00:00,30.6,85,976.4,ndls,28.643,77.2194
2026-08-13 20:00:00,30.4,86,977.2,ndls,28.643,77.2194
2026-08-13 21:00:00,30.5,85,977.8,ndls,28.643,77.2194
2026-08-13 22:00:00,30.1,85,977.7,ndls,28.643,77.2194
2026-08-13 23:00:00,30.4,87,977.2,ndls,28.643,77.2194
2026-08-14 00:00:00,30.0,88,976.8,ndls,28.643,77.2194
2026-08-14 01:00:00,29.5,89,976.6,ndls,28.643,77.2194
2026-08-14 02:00:00,29.2,89,976.5,ndls,28.643,77.2194
2026-08-14 03:00:00,29.0,90,976.2,ndls,28.643,77.2194
2026-08-14 04:00:00,28.7,90,976.4,ndls,28.643,77.2194
2026-08-14 05:00:00,27.5,97,976.4,ndls,28.643,77.2194
2026-08-14 06:00:00,27.0,99,977.3,ndls,28.643,77.2194
2026-08-14 07:00:00,27.5,95,977.8,ndls,28.643,77.2194
2026-08-14 08:00:00,28.3,89,978.8,ndls,28.643,77.2194
2026-08-14 09:00:00,28.8,84,978.6,ndls,28.643,77.2194
2026-08-14 10:00:00,29.8,81,978.6,ndls,28.643,77.2194
2026-08-14 11:00:00,30.3,80,979.2,ndls,28.643,77.2194
2026-08-14 12:00:00,30.7,80,979.4,ndls,28.643,77.2194
2026-08-14 13:00:00,31.4,78,978.7,ndls,28.643,77.2194
2026-08-14 14:00:00,28.8,85,978.5,ndls,28.643,77.2194
2026-08-14 15:00:00,28.3,91,978.1,ndls,28.643,77.2194
2026-08-14 16:00:00,28.7,88,977.1,ndls,28.643,77.2194
2026-08-14 17:00:00,30.3,78,976.8,ndls,28.643,77.2194
2026-08-14 18:00:00,29.7,82,977.1,ndls,28.643,77.2194
2026-08-14 19:00:00,29.0,87,977.6,ndls,28.643,77.2194
2026-08-14 20:00:00,28.6,88,978.0,ndls,28.643,77.2194
2026-08-14 21:00:00,28.3,89,978.8,ndls,28.643,77.2194
2026-08-14 22:00:00,28.0,91,978.7,ndls,28.643,77.2194
2026-08-14 23:00:00,28.2,88,978.3,ndls,28.643,77.2194
2026-08-15 00:00:00,28.0,90,978.1,ndls,28.643,77.2194
2026-08-15 01:00:00,27.7,92,978.0,ndls,28.643,77.2194
2026-08-15 02:00:00,27.5,93,978.1,ndls,28.643,77.2194
2026-08-15 03:00:00,27.4,94,977.7,ndls,28.643,77.2194
2026-08-15 04:00:00,27.3,94,978.0,ndls,28.643,77.2194
2026-08-15 05:00:00,26.5,98,978.3,ndls,28.643,77.2194
2026-08-15 06:00:00,26.5,96,978.8,ndls,28.643,77.2194
2026-08-15 07:00:00,26.7,97,979.0,ndls,28.643,77.2194
2026-08-15 08:00:00,27.2,96,979.5,ndls,28.643,77.2194
2026-08-15 09:00:00,27.9,93,979.7,ndls,28.643,77.2194
2026-08-15 10:00:00,29.3,86,979.7,ndls,28.643,77.2194
2026-08-15 11:00:00,32.2,74,979.5,ndls,28.643,77.2194
2026-08-15 12:00:00,31.4,78,978.6,ndls,28.643,77.2194
2026-08-15 13:00:00,31.2,81,978.3,ndls,28.643,77.2194
2026-08-15 14:00:00,32.6,70,977.2,ndls,28.643,77.2194
2026-08-15 15:00:00,32.6,67,976.3,ndls,28.643,77.2194
2026-08-15 16:00:00,32.5,67,975.7,ndls,28.643,77.2194
2026-08-15 17:00:00,31.8,74,975.4,ndls,28.643,77.2194
2026-08-15 18:00:00,31.4,78,975.8,ndls,28.643,77.2194
2026-08-15 19:00:00,30.6,84,976.3,ndls,28.643,77.2194
2026-08-15 20:00:00,30.2,86,976.9,ndls,28.643,77.2194
2026-08-15 21:00:00,29.9,87,977.4,ndls,28.643,77.2194
2026-08-15 22:00:00,29.5,88,977.6,ndls,28.643,77.2194
2026-08-15 23:00:00,29.2,85,977.2,ndls,28.643,77.2194
2026-08-16 00:00:00,29.0,87,977.1,ndls,28.643,77.2194
2026-08-16 01:00:00,28.7,89,976.6,ndls,28.643,77.2194
2026-08-16 02:00:00,27.1,90,976.4,ndls,28.643,77.2194
2026-08-16 03:00:00,25.7,96,975.8,ndls,28.643,77.2194
2026-08-16 04:00:00,26.4,94,975.9,ndls,28.643,77.2194
2026-08-16 05:00:00,28.1,85,975.6,ndls,28.643,77.2194
2026-08-16 06:00:00,27.8,84,976.5,ndls,28.643,77.2194
2026-08-16 07:00:00,28.4,82,976.8,ndls,28.643,77.2194
2026-08-16 08:00:00,29.5,78,977.2,ndls,28.643,77.2194
2026-08-16 09:00:00,30.7,74,977.3,ndls,28.643,77.2194
2026-08-16 10:00:00,32.2,68,977.3,ndls,28.643,77.2194
2026-08-16 11:00:00,32.8,66,977.1,ndls,28.643,77.2194
2026-08-16 12:00:00,33.4,65,976.7,ndls,28.643,77.2194
2026-08-16 13:00:00,33.6,64,976.4,ndls,28.643,77.2194
2026-08-16 14:00:00,33.7,63,975.6,ndls,28.643,77.2194
2026-08-16 15:00:00,33.6,64,974.9,ndls,28.643,77.2194
2026-08-16 16:00:00,33.4,64,974.6,ndls,28.643,77.2194
2026-08-16 17:00:00,31.5,75,975.3,ndls,28.643,77.2194
2026-08-16 18:00:00,31.0,78,975.6,ndls,28.643,77.2194
2026-08-16 19:00:00,30.3,81,976.0,ndls,28.643,77.2194
2026-08-16 20:00:00,29.8,83,976.8,ndls,28.643,77.2194
2026-08-16 21:00:00,29.5,86,977.3,ndls,28.643,77.2194
2026-08-16 22:00:00,29.2,88,977.6,ndls,28.643,77.2194
2026-08-16 23:00:00,29.6,84,976.9,ndls,28.643,77.2194
2026-08-17 00:00:00,28.9,85,976.8,ndls,28.643,77.2194
2026-08-17 01:00:00,28.2,89,976.6,ndls,28.643,77.2194
2026-08-17 02:00:00,28.0,88,976.1,ndls,28.643,77.2194
2026-08-17 03:00:00,28.0,86,976.1,ndls,28.643,77.2194
2026-08-17 04:00:00,27.7,85,976.1,ndls,28.643,77.2194
2026-08-17 05:00:00,28.6,79,976.4,ndls,28.643,77.2194
2026-08-17 06:00:00,28.2,80,977.0,ndls,28.643,77.2194
2026-08-17 07:00:00,28.8,78,977.6,ndls,28.643,77.2194
2026-08-17 08:00:00,29.5,76,978.2,ndls,28.643,77.2194
2026-08-17 09:00:00,30.4,74,978.3,ndls,28.643,77.2194
2026-08-17 10:00:00,31.5,71,978.7,ndls,28.643,77.2194
2026-08-17 11:00:00,32.7,65,978.5,ndls,28.643,77.2194
2026-08-17 12:00:00,33.1,64,977.9,ndls,28.643,77.2194
2026-08-17 13:00:00,30.4,74,977.5,ndls,28.643,77.2194
2026-08-17 14:00:00,31.4,71,976.7,ndls,28.643,77.2194
2026-08-17 15:00:00,32.3,70,976.3,ndls,28.643,77.2194
2026-08-17 16:00:00,31.3,75,975.7,ndls,28.643,77.2194
2026-08-17 17:00:00,27.7,90,977.0,ndls,28.643,77.2194
2026-08-17 18:00:00,27.1,95,976.2,ndls,28.643,77.2194
2026-08-17 19:00:00,27.4,96,976.9,ndls,28.643,77.2194
2026-08-17 20:00:00,27.8,92,977.6,ndls,28.643,77.2194
2026-08-17 21:00:00,28.0,90,978.1,ndls,28.643,77.2194
2026-08-17 22:00:00,28.3,87,978.6,ndls,28.643,77.2194
2026-08-17 23:00:00,28.9,88,978.3,ndls,28.643,77.2194
2026-08-18 00:00:00,28.3,90,978.3,ndls,28.643,77.2194
2026-08-18 01:00:00,28.1,90,977.9,ndls,28.643,77.2194
2026-08-18 02:00:00,27.9,87,977.7,ndls,28.643,77.2194
2026-08-18 03:00:00,27.8,86,977.5,ndls,28.643,77.2194
2026-08-18 04:00:00,27.4,85,977.6,ndls,28.643,77.2194
2026-08-18 05:00:00,27.8,82,977.5,ndls,28.643,77.2194
2026-08-18 06:00:00,27.8,82,978.0,ndls,28.643,77.2194
2026-08-18 07:00:00,28.6,78,978.8,ndls,28.643,77.2194
2026-08-18 08:00:00,29.4,74,978.9,ndls,28.643,77.2194
2026-08-18 09:00:00,30.6,71,979.4,ndls,28.643,77.2194
2026-08-18 10:00:00,31.5,68,979.6,ndls,28.643,77.2194
2026-08-18 11:00:00,32.4,63,979.9,ndls,28.643,77.2194
2026-08-18 12:00:00,33.0,60,979.4,ndls,28.643,77.2194
2026-08-18 13:00:00,33.3,60,978.8,ndls,28.643,77.2194
2026-08-18 14:00:00,33.2,61,978.1,ndls,28.643,77.2194
2026-08-18 15:00:00,33.3,62,977.2,ndls,28.643,77.2194
2026-08-18 16:00:00,32.1,66,976.8,ndls,28.643,77.2194
2026-08-18 17:00:00,32.4,64,977.0,ndls,28.643,77.2194
2026-08-18 18:00:00,31.7,69,977.7,ndls,28.643,77.2194
2026-08-18 19:00:00,30.0,76,978.5,ndls,28.643,77.2194
2026-08-18 20:00:00,28.3,88,979.2,ndls,28.643,77.2194
2026-08-18 21:00:00,26.7,88,979.7,ndls,28.643,77.2194
2026-08-18 22:00:00,26.4,88,979.6,ndls,28.643,77.2194
2026-08-18 23:00:00,27.8,86,979.3,ndls,28.643,77.2194
2026-08-19 00:00:00,27.7,87,979.0,ndls,28.643,77.2194
2026-08-19 01:00:00,27.5,89,978.5,ndls,28.643,77.2194
2026-08-19 02:00:00,27.3,91,978.4,ndls,28.643,77.2194
2026-08-19 03:00:00,27.2,92,978.1,ndls,28.643,77.2194
2026-08-19 04:00:00,27.1,92,978.7,ndls,28.643,77.2194
2026-08-19 05:00:00,28.1,88,978.1,ndls,28.643,77.2194
2026-08-19 06:00:00,28.0,86,978.8,ndls,28.643,77.2194
2026-08-19 07:00:00,28.7,82,979.6,ndls,28.643,77.2194
2026-08-19 08:00:00,29.6,77,980.0,ndls,28.643,77.2194
2026-08-19 09:00:00,30.7,73,980.5,ndls,28.643,77.2194
2026-08-19 10:00:00,31.6,68,980.2,ndls,28.643,77.2194
2026-08-19 11:00:00,32.5,61,980.4,ndls,28.643,77.2194
2026-08-19 12:00:00,32.6,60,979.7,ndls,28.643,77.2194
2026-08-19 13:00:00,32.6,61,979.2,ndls,28.643,77.2194
2026-08-19 14:00:00,33.1,59,978.7,ndls,28.643,77.2194
2026-08-19 15:00:00,33.2,58,977.9,ndls,28.643,77.2194
2026-08-19 16:00:00,33.2,58,977.4,ndls,28.643,77.2194
2026-08-19 17:00:00,29.0,87,978.6,ndls,28.643,77.2194
2026-08-19 18:00:00,28.3,92,978.4,ndls,28.643,77.2194
2026-08-19 19:00:00,28.5,92,978.8,ndls,28.643,77.2194
2026-08-19 20:00:00,28.3,93,979.5,ndls,28.643,77.2194
2026-08-19 21:00:00,28.1,93,980.1,ndls,28.643,77.2194
2026-08-19 22:00:00,28.0,93,979.9,ndls,28.643,77.2194
2026-08-19 23:00:00,29.2,92,979.6,ndls,28.643,77.2194
2026-08-20 00:00:00,28.4,93,979.5,ndls,28.643,77.2194
2026-08-20 01:00:00,27.2,96,979.7,ndls,28.643,77.2194
2026-08-20 02:00:00,27.1,96,979.2,ndls,28.643,77.2194
2026-08-20 03:00:00,26.9,96,979.2,ndls,28.643,77.2194
2026-08-20 04:00:00,27.0,94,979.1,ndls,28.643,77.2194
2026-08-20 05:00:00,27.3,95,979.3,ndls,28.643,77.2194
2026-08-20 06:00:00,27.3,95,979.6,ndls,28.643,77.2194
2026-08-20 07:00:00,27.6,93,980.4,ndls,28.643,77.2194
2026-08-20 08:00:00,27.6,89,980.8,ndls,28.643,77.2194
2026-08-20 09:00:00,28.3,82,981.3,ndls,28.643,77.2194
2026-08-20 10:00:00,29.0,79,981.4,ndls,28.643,77.2194
2026-08-20 11:00:00,31.3,69,980.9,ndls,28.643,77.2194
2026-08-20 12:00:00,32.0,66,980.2,ndls,28.643,77.2194
2026-08-20 13:00:00,33.0,63,979.5,ndls,28.643,77.2194
2026-08-20 14:00:00,33.3,61,978.4,ndls,28.643,77.2194
2026-08-20 15:00:00,33.4,61,977.8,ndls,28.643,77.2194
2026-08-20 16:00:00,33.3,61,977.2,ndls,28.643,77.2194
2026-08-20 17:00:00,29.3,91,977.6,ndls,28.643,77.2194
2026-08-20 18:00:00,29.1,91,978.2,ndls,28.643,77.2194
2026-08-20 19:00:00,28.8,91,978.3,ndls,28.643,77.2194
2026-08-20 20:00:00,28.6,91,978.8,ndls,28.643,77.2194
2026-08-20 21:00:00,28.5,89,979.3,ndls,28.643,77.2194
2026-08-20 22:00:00,28.2,87,979.2,ndls,28.643,77.2194
2026-08-20 23:00:00,29.9,86,978.8,ndls,28.643,77.2194
2026-08-21 00:00:00,28.9,88,978.9,ndls,28.643,77.2194
2026-08-21 01:00:00,28.7,88,978.4,ndls,28.643,77.2194
2026-08-21 02:00:00,28.3,90,978.1,ndls,28.643,77.2194
2026-08-21 03:00:00,28.1,92,978.0,ndls,28.643,77.2194
2026-08-21 04:00:00,27.9,92,977.9,ndls,28.643,77.2194
2026-08-21 05:00:00,27.2,95,978.2,ndls,28.643,77.2194
2026-08-21 06:00:00,26.9,90,978.3,ndls,28.643,77.2194
2026-08-21 07:00:00,27.6,85,979.1,ndls,28.643,77.2194
2026-08-21 08:00:00,29.2,78,979.9,ndls,28.643,77.2194
2026-08-21 09:00:00,30.8,70,979.7,ndls,28.643,77.2194
2026-08-21 10:00:00,32.1,66,979.8,ndls,28.643,77.2194
2026-08-21 11:00:00,33.4,60,979.6,ndls,28.643,77.2194
2026-08-21 12:00:00,33.8,58,978.9,ndls,28.643,77.2194
2026-08-21 13:00:00,33.8,58,978.1,ndls,28.643,77.2194
2026-08-21 14:00:00,33.9,58,977.2,ndls,28.643,77.2194
2026-08-21 15:00:00,33.7,56,976.7,ndls,28.643,77.2194
2026-08-21 16:00:00,32.7,62,976.1,ndls,28.643,77.2194
2026-08-21 17:00:00,32.4,68,976.0,ndls,28.643,77.2194
2026-08-21 18:00:00,32.1,71,976.1,ndls,28.643,77.2194
2026-08-21 19:00:00,31.1,77,976.8,ndls,28.643,77.2194
2026-08-21 20:00:00,30.5,81,977.3,ndls,28.643,77.2194
2026-08-21 21:00:00,30.3,83,977.7,ndls,28.643,77.2194
2026-08-21 22:00:00,29.9,84,977.8,ndls,28.643,77.2194
2026-08-21 23:00:00,28.4,89,977.8,ndls,28.643,77.2194
2026-08-22 00:00:00,28.1,90,977.3,ndls,28.643,77.2194
2026-08-22 01:00:00,27.7,90,977.2,ndls,28.643,77.2194
2026-08-22 02:00:00,26.0,94,978.0,ndls,28.643,77.2194
2026-08-22 03:00:00,25.6,97,977.0,ndls,28.643,77.2194
2026-08-22 04:00:00,25.6,98,977.3,ndls,28.643,77.2194
2026-08-22 05:00:00,26.6,95,977.7,ndls,28.643,77.2194
2026-08-22 06:00:00,26.9,94,978.4,ndls,28.643,77.2194
2026-08-22 07:00:00,28.0,90,979.0,ndls,28.643,77.2194
2026-08-22 08:00:00,29.4,80,979.2,ndls,28.643,77.2194
2026-08-22 09:00:00,30.8,71,979.3,ndls,28.643,77.2194
2026-08-22 10:00:00,31.9,66,979.5,ndls,28.643,77.2194
2026-08-22 11:00:00,32.2,64,979.7,ndls,28.643,77.2194
2026-08-22 12:00:00,32.8,61,978.7,ndls,28.643,77.2194
2026-08-22 13:00:00,33.2,61,977.9,ndls,28.643,77.2194
2026-08-22 14:00:00,33.4,61,977.0,ndls,28.643,77.2194
2026-08-22 15:00:00,33.3,60,976.4,ndls,28.643,77.2194
2026-08-22 16:00:00,29.9,75,976.3,ndls,28.643,77.2194
2026-08-22 17:00:00,30.9,73,976.5,ndls,28.643,77.2194
2026-08-22 18:00:00,30.7,77,976.8,ndls,28.643,77.2194
2026-08-22 19:00:00,29.6,83,977.2,ndls,28.643,77.2194
2026-08-22 20:00:00,28.6,85,977.8,ndls,28.643,77.2194
2026-08-22 21:00:00,28.2,87,978.3,ndls,28.643,77.2194
2026-08-22 22:00:00,27.8,86,978.6,ndls,28.643,77.2194
2026-08-22 23:00:00,28.9,86,978.6,ndls,28.643,77.2194
2026-08-23 00:00:00,28.3,86,978.4,ndls,28.643,77.2194
2026-08-23 01:00:00,28.0,86,978.3,ndls,28.643,77.2194
2026-08-23 02:00:00,27.6,90,977.8,ndls,28.643,77.2194
2026-08-23 03:00:00,27.3,90,977.7,ndls,28.643,77.2194
2026-08-23 04:00:00,26.9,88,978.2,ndls,28.643,77.2194
2026-08-23 05:00:00,26.4,89,978.4,ndls,28.643,77.2194
2026-08-23 06:00:00,24.8,96,979.2,ndls,28.643,77.2194
2026-08-23 07:00:00,26.1,95,979.4,ndls,28.643,77.2194
2026-08-23 08:00:00,28.3,83,979.8,ndls,28.643,77.2194
2026-08-23 09:00:00,29.8,73,980.6,ndls,28.643,77.2194
2026-08-23 10:00:00,29.9,76,980.9,ndls,28.643,77.2194
2026-08-23 11:00:00,30.3,74,981.2,ndls,28.643,77.2194
2026-08-23 12:00:00,31.2,71,980.5,ndls,28.643,77.2194
2026-08-23 13:00:00,32.1,67,979.5,ndls,28.643,77.2194
2026-08-23 14:00:00,32.7,65,978.4,ndls,28.643,77.2194
2026-08-23 15:00:00,33.0,63,977.7,ndls,28.643,77.2194
2026-08-23 16:00:00,32.8,63,977.0,ndls,28.643,77.2194
2026-08-23 17:00:00,32.7,66,976.7,ndls,28.643,77.2194
2026-08-23 18:00:00,31.7,75,977.4,ndls,28.643,77.2194
2026-08-23 19:00:00,30.9,79,978.0,ndls,28.643,77.2194
2026-08-23 20:00:00,30.7,80,979.1,ndls,28.643,77.2194
2026-08-23 21:00:00,30.4,82,979.8,ndls,28.643,77.2194
2026-08-23 22:00:00,30.1,84,979.4,ndls,28.643,77.2194
2026-08-23 23:00:00,28.3,91,979.8,ndls,28.643,77.2194
2026-08-24 00:00:00,27.9,93,979.1,ndls,28.643,77.2194
2026-08-24 01:00:00,27.5,93,978.6,ndls,28.643,77.2194
2026-08-24 02:00:00,27.6,92,978.4,ndls,28.643,77.2194
2026-08-24 03:00:00,26.7,88,978.3,ndls,28.643,77.2194
2026-08-24 04:00:00,25.1,95,979.4,ndls,28.643,77.2194
2026-08-24 05:00:00,26.1,97,979.2,ndls,28.643,77.2194
2026-08-24 06:00:00,25.9,96,979.7,ndls,28.643,77.2194
2026-08-24 07:00:00,26.3,95,979.9,ndls,28.643,77.2194
2026-08-24 08:00:00,27.5,90,979.9,ndls,28.643,77.2194
2026-08-24 09:00:00,29.1,81,980.2,ndls,28.643,77.2194
2026-08-24 10:00:00,30.9,73,980.3,ndls,28.643,77.2194
2026-08-24 11:00:00,29.6,75,980.5,ndls,28.643,77.2194
2026-08-24 12:00:00,29.9,72,980.1,ndls,28.643,77.2194
2026-08-24 13:00:00,30.5,71,979.2,ndls,28.643,77.2194
2026-08-24 14:00:00,31.5,65,978.3,ndls,28.643,77.2194
2026-08-24 15:00:00,31.9,65,977.7,ndls,28.643,77.2194
2026-08-24 16:00:00,31.7,67,977.3,ndls,28.643,77.2194
2026-08-24 17:00:00,31.6,70,977.1,ndls,28.643,77.2194
2026-08-24 18:00:00,31.3,72,977.6,ndls,28.643,77.2194
2026-08-24 19:00:00,30.8,77,978.2,ndls,28.643,77.2194
2026-08-24 20:00:00,30.4,79,979.0,ndls,28.643,77.2194
2026-08-24 21:00:00,29.7,83,979.7,ndls,28.643,77.2194
2026-08-24 22:00:00,29.1,86,979.6,ndls,28.643,77.2194
2026-08-24 23:00:00,28.7,88,979.1,ndls,28.643,77.2194
2026-08-25 00:00:00,28.4,90,979.2,ndls,28.643,77.2194
2026-08-25 01:00:00,28.2,91,978.8,ndls,28.643,77.2194
2026-08-25 02:00:00,28.1,92,978.6,ndls,28.643,77.2194
2026-08-25 03:00:00,28.0,93,978.6,ndls,28.643,77.2194
2026-08-25 04:00:00,27.9,93,978.7,ndls,28.643,77.2194
2026-08-25 05:00:00,26.3,97,979.3,ndls,28.643,77.2194
2026-08-25 06:00:00,26.7,97,980.0,ndls,28.643,77.2194
2026-08-25 07:00:00,26.8,96,980.0,ndls,28.643,77.2194
2026-08-25 08:00:00,27.5,92,980.4,ndls,28.643,77.2194
2026-08-25 09:00:00,28.8,86,980.7,ndls,28.643,77.2194
2026-08-25 10:00:00,29.9,80,980.8,ndls,28.643,77.2194
2026-08-25 11:00:00,31.2,68,980.7,ndls,28.643,77.2194
2026-08-25 12:00:00,31.6,65,980.4,ndls,28.643,77.2194
2026-08-25 13:00:00,32.4,62,979.7,ndls,28.643,77.2194
2026-08-25 14:00:00,32.5,62,978.8,ndls,28.643,77.2194
2026-08-25 15:00:00,32.8,62,978.1,ndls,28.643,77.2194
2026-08-25 16:00:00,32.7,61,977.7,ndls,28.643,77.2194
2026-08-25 17:00:00,28.9,88,978.3,ndls,28.643,77.2194
2026-08-25 18:00:00,28.9,89,978.7,ndls,28.643,77.2194
2026-08-25 19:00:00,28.9,90,978.7,ndls,28.643,77.2194
2026-08-25 20:00:00,28.8,90,979.5,ndls,28.643,77.2194
2026-08-25 21:00:00,28.3,93,979.8,ndls,28.643,77.2194
2026-08-25 22:00:00,28.0,92,979.7,ndls,28.643,77.2194
2026-08-25 23:00:00,28.2,90,979.7,ndls,28.643,77.2194
2026-07-20 00:00:00,28.7,89,978.3,pragati_maidan,28.618,77.246
2026-07-20 01:00:00,27.8,89,978.0,pragati_maidan,28.618,77.246
2026-07-20 02:00:00,27.6,88,977.6,pragati_maidan,28.618,77.246
2026-07-20 03:00:00,27.7,89,977.7,pragati_maidan,28.618,77.246
2026-07-20 04:00:00,27.2,94,977.9,pragati_maidan,28.618,77.246
2026-07-20 05:00:00,29.5,77,977.5,pragati_maidan,28.618,77.246
2026-07-20 06:00:00,29.4,78,977.4,pragati_maidan,28.618,77.246
2026-07-20 07:00:00,28.7,83,978.2,pragati_maidan,28.618,77.246
2026-07-20 08:00:00,27.5,92,978.5,pragati_maidan,28.618,77.246
2026-07-20 09:00:00,28.6,89,979.3,pragati_maidan,28.618,77.246
2026-07-20 10:00:00,28.3,89,979.6,pragati_maidan,28.618,77.246
2026-07-20 11:00:00,32.2,70,979.4,pragati_maidan,28.618,77.246
2026-07-20 12:00:00,30.0,79,979.4,pragati_maidan,28.618,77.246
2026-07-20 13:00:00,30.6,77,978.7,pragati_maidan,28.618,77.246
2026-07-20 14:00:00,30.0,80,978.1,pragati_maidan,28.618,77.246
2026-07-20 15:00:00,30.6,79,977.4,pragati_maidan,28.618,77.246
2026-07-20 16:00:00,31.1,77,977.2,pragati_maidan,28.618,77.246
2026-07-20 17:00:00,30.0,79,978.4,pragati_maidan,28.618,77.246
2026-07-20 18:00:00,27.2,93,978.5,pragati_maidan,28.618,77.246
2026-07-20 19:00:00,27.2,95,978.2,pragati_maidan,28.618,77.246
2026-07-20 20:00:00,27.5,94,979.0,pragati_maidan,28.618,77.246
2026-07-20 21:00:00,27.7,94,979.6,pragati_maidan,28.618,77.246
2026-07-20 22:00:00,27.7,91,980.1,pragati_maidan,28.618,77.246
2026-07-20 23:00:00,27.0,95,980.0,pragati_maidan,28.618,77.246
2026-07-21 00:00:00,27.1,91,979.4,pragati_maidan,28.618,77.246
2026-07-21 01:00:00,26.7,93,978.9,pragati_maidan,28.618,77.246
2026-07-21 02:00:00,26.6,92,978.9,pragati_maidan,28.618,77.246
2026-07-21 03:00:00,26.4,93,978.5,pragati_maidan,28.618,77.246
2026-07-21 04:00:00,26.1,93,978.6,pragati_maidan,28.618,77.246
2026-07-21 05:00:00,26.2,93,978.4,pragati_maidan,28.618,77.246
2026-07-21 06:00:00,26.1,92,979.1,pragati_maidan,28.618,77.246
2026-07-21 07:00:00,26.1,93,979.1,pragati_maidan,28.618,77.246
2026-07-21 08:00:00,26.6,91,979.5,pragati_maidan,28.618,77.246
2026-07-21 09:00:00,27.5,85,979.4,pragati_maidan,28.618,77.246
2026-07-21 10:00:00,28.5,80,979.5,pragati_maidan,28.618,77.246
2026-07-21 11:00:00,27.5,91,979.3,pragati_maidan,28.618,77.246
2026-07-21 12:00:00,28.7,89,978.7,pragati_maidan,28.618,77.246
2026-07-21 13:00:00,30.3,80,978.0,pragati_maidan,28.618,77.246
2026-07-21 14:00:00,28.7,83,977.5,pragati_maidan,28.618,77.246
2026-07-21 15:00:00,28.4,87,977.1,pragati_maidan,28.618,77.246
2026-07-21 16:00:00,29.2,83,976.5,pragati_maidan,28.618,77.246
2026-07-21 17:00:00,29.7,80,976.2,pragati_maidan,28.618,77.246
2026-07-21 18:00:00,29.5,77,976.7,pragati_maidan,28.618,77.246
2026-07-21 19:00:00,28.8,84,977.5,pragati_maidan,28.618,77.246
2026-07-21 20:00:00,28.4,85,978.1,pragati_maidan,28.618,77.246
2026-07-21 21:00:00,28.1,87,978.8,pragati_maidan,28.618,77.246
2026-07-21 22:00:00,27.7,87,979.4,pragati_maidan,28.618,77.246
2026-07-21 23:00:00,27.1,93,979.1,pragati_maidan,28.618,77.246
2026-07-22 00:00:00,26.8,92,978.6,pragati_maidan,28.618,77.246
2026-07-22 01:00:00,26.5,94,978.1,pragati_maidan,28.618,77.246
2026-07-22 02:00:00,26.7,95,977.6,pragati_maidan,28.618,77.246
2026-07-22 03:00:00,25.9,96,977.9,pragati_maidan,28.618,77.246
2026-07-22 04:00:00,25.6,96,978.4,pragati_maidan,28.618,77.246
2026-07-22 05:00:00,26.2,94,977.9,pragati_maidan,28.618,77.246
2026-07-22 06:00:00,26.1,95,978.4,pragati_maidan,28.618,77.246
2026-07-22 07:00:00,26.8,90,978.6,pragati_maidan,28.618,77.246
2026-07-22 08:00:00,27.2,86,979.1,pragati_maidan,28.618,77.246
2026-07-22 09:00:00,29.0,76,979.1,pragati_maidan,28.618,77.246
2026-07-22 10:00:00,30.0,73,979.0,pragati_maidan,28.618,77.246
2026-07-22 11:00:00,30.9,66,978.8,pragati_maidan,28.618,77.246
2026-07-22 12:00:00,31.5,66,978.6,pragati_maidan,28.618,77.246
2026-07-22 13:00:00,31.6,67,977.7,pragati_maidan,28.618,77.246
2026-07-22 14:00:00,32.0,66,976.7,pragati_maidan,28.618,77.246
2026-07-22 15:00:00,32.0,66,976.1,pragati_maidan,28.618,77.246
2026-07-22 16:00:00,31.7,66,975.3,pragati_maidan,28.618,77.246
2026-07-22 17:00:00,28.3,88,975.9,pragati_maidan,28.618,77.246
2026-07-22 18:00:00,28.9,87,976.3,pragati_maidan,28.618,77.246
2026-07-22 19:00:00,28.8,90,976.8,pragati_maidan,28.618,77.246
2026-07-22 20:00:00,29.1,90,977.4,pragati_maidan,28.618,77.246
2026-07-22 21:00:00,29.1,84,977.8,pragati_maidan,28.618,77.246
2026-07-22 22:00:00,28.6,83,978.0,pragati_maidan,28.618,77.246
2026-07-22 23:00:00,28.5,83,977.7,pragati_maidan,28.618,77.246
2026-07-23 00:00:00,28.4,83,977.5,pragati_maidan,28.618,77.246
2026-07-23 01:00:00,28.0,84,976.9,pragati_maidan,28.618,77.246
2026-07-23 02:00:00,27.8,85,976.6,pragati_maidan,28.618,77.246
2026-07-23 03:00:00,27.5,85,976.4,pragati_maidan,28.618,77.246
2026-07-23 04:00:00,27.3,85,976.6,pragati_maidan,28.618,77.246
2026-07-23 05:00:00,26.9,92,976.7,pragati_maidan,28.618,77.246
2026-07-23 06:00:00,26.6,92,977.0,pragati_maidan,28.618,77.246
2026-07-23 07:00:00,26.8,88,977.1,pragati_maidan,28.618,77.246
2026-07-23 08:00:00,28.0,81,977.5,pragati_maidan,28.618,77.246
2026-07-23 09:00:00,29.0,79,977.2,pragati_maidan,28.618,77.246
2026-07-23 10:00:00,30.6,73,977.1,pragati_maidan,28.618,77.246
2026-07-23 11:00:00,31.2,66,977.2,pragati_maidan,28.618,77.246
2026-07-23 12:00:00,31.9,63,976.4,pragati_maidan,28.618,77.246
2026-07-23 13:00:00,32.3,62,975.7,pragati_maidan,28.618,77.246
2026-07-23 14:00:00,32.5,62,974.9,pragati_maidan,28.618,77.246
2026-07-23 15:00:00,30.4,74,974.8,pragati_maidan,28.618,77.246
2026-07-23 16:00:00,31.0,74,974.1,pragati_maidan,28.618,77.246
2026-07-23 17:00:00,31.9,65,974.3,pragati_maidan,28.618,77.246
2026-07-23 18:00:00,30.8,70,975.0,pragati_maidan,28.618,77.246
2026-07-23 19:00:00,30.2,74,975.3,pragati_maidan,28.618,77.246
2026-07-23 20:00:00,29.6,78,976.1,pragati_maidan,28.618,77.246
2026-07-23 21:00:00,26.6,93,977.3,pragati_maidan,28.618,77.246
2026-07-23 22:00:00,26.9,91,977.0,pragati_maidan,28.618,77.246
2026-07-23 23:00:00,27.6,87,977.1,pragati_maidan,28.618,77.246
2026-07-24 00:00:00,27.2,87,976.8,pragati_maidan,28.618,77.246
2026-07-24 01:00:00,27.1,88,976.6,pragati_maidan,28.618,77.246
2026-07-24 02:00:00,27.0,89,976.0,pragati_maidan,28.618,77.246
2026-07-24 03:00:00,26.8,90,976.1,pragati_maidan,28.618,77.246
2026-07-24 04:00:00,26.6,90,976.1,pragati_maidan,28.618,77.246
2026-07-24 05:00:00,25.8,94,976.3,pragati_maidan,28.618,77.246
2026-07-24 06:00:00,26.0,94,975.9,pragati_maidan,28.618,77.246
2026-07-24 07:00:00,26.9,90,976.4,pragati_maidan,28.618,77.246
2026-07-24 08:00:00,28.4,82,976.4,pragati_maidan,28.618,77.246
2026-07-24 09:00:00,29.6,75,976.8,pragati_maidan,28.618,77.246
2026-07-24 10:00:00,30.4,72,976.9,pragati_maidan,28.618,77.246
2026-07-24 11:00:00,31.0,73,977.2,pragati_maidan,28.618,77.246
2026-07-24 12:00:00,31.6,70,976.8,pragati_maidan,28.618,77.246
2026-07-24 13:00:00,31.5,70,975.6,pragati_maidan,28.618,77.246
2026-07-24 14:00:00,29.0,80,975.6,pragati_maidan,28.618,77.246
2026-07-24 15:00:00,29.5,81,974.6,pragati_maidan,28.618,77.246
2026-07-24 16:00:00,30.7,73,974.0,pragati_maidan,28.618,77.246
2026-07-24 17:00:00,30.4,80,973.6,pragati_maidan,28.618,77.246
2026-07-24 18:00:00,30.4,81,974.2,pragati_maidan,28.618,77.246
2026-07-24 19:00:00,29.9,83,975.1,pragati_maidan,28.618,77.246
2026-07-24 20:00:00,29.5,83,976.2,pragati_maidan,28.618,77.246
2026-07-24 21:00:00,29.0,83,977.1,pragati_maidan,28.618,77.246
2026-07-24 22:00:00,28.8,83,977.5,pragati_maidan,28.618,77.246
2026-07-24 23:00:00,28.6,85,977.3,pragati_maidan,28.618,77.246
2026-07-25 00:00:00,28.5,83,977.2,pragati_maidan,28.618,77.246
2026-07-25 01:00:00,28.2,83,977.3,pragati_maidan,28.618,77.246
2026-07-25 02:00:00,27.9,86,977.4,pragati_maidan,28.618,77.246
2026-07-25 03:00:00,27.8,88,977.2,pragati_maidan,28.618,77.246
2026-07-25 04:00:00,27.6,89,977.2,pragati_maidan,28.618,77.246
2026-07-25 05:00:00,27.2,92,977.1,pragati_maidan,28.618,77.246
2026-07-25 06:00:00,27.5,91,978.2,pragati_maidan,28.618,77.246
2026-07-25 07:00:00,28.7,81,978.7,pragati_maidan,28.618,77.246
2026-07-25 08:00:00,28.6,82,978.9,pragati_maidan,28.618,77.246
2026-07-25 09:00:00,29.5,81,979.3,pragati_maidan,28.618,77.246
2026-07-25 10:00:00,30.0,77,979.5,pragati_maidan,28.618,77.246
2026-07-25 11:00:00,31.5,67,979.2,pragati_maidan,28.618,77.246
2026-07-25 12:00:00,31.5,66,978.5,pragati_maidan,28.618,77.246
2026-07-25 13:00:00,32.4,63,977.9,pragati_maidan,28.618,77.246
2026-07-25 14:00:00,32.6,61,977.2,pragati_maidan,28.618,77.246
2026-07-25 15:00:00,32.5,62,976.9,pragati_maidan,28.618,77.246
2026-07-25 16:00:00,31.2,70,976.4,pragati_maidan,28.618,77.246
2026-07-25 17:00:00,30.0,75,976.6,pragati_maidan,28.618,77.246
2026-07-25 18:00:00,29.4,83,977.1,pragati_maidan,28.618,77.246
2026-07-25 19:00:00,28.8,86,977.9,pragati_maidan,28.618,77.246
2026-07-25 20:00:00,28.3,88,978.9,pragati_maidan,28.618,77.246
2026-07-25 21:00:00,27.9,89,979.5,pragati_maidan,28.618,77.246
2026-07-25 22:00:00,27.7,89,979.8,pragati_maidan,28.618,77.246
2026-07-25 23:00:00,27.3,94,979.1,pragati_maidan,28.618,77.246
2026-07-26 00:00:00,27.4,96,979.0,pragati_maidan,28.618,77.246
2026-07-26 01:00:00,27.6,95,978.6,pragati_maidan,28.618,77.246
2026-07-26 02:00:00,27.5,95,978.3,pragati_maidan,28.618,77.246
2026-07-26 03:00:00,27.4,95,978.3,pragati_maidan,28.618,77.246
2026-07-26 04:00:00,27.3,95,978.4,pragati_maidan,28.618,77.246
2026-07-26 05:00:00,28.1,95,978.2,pragati_maidan,28.618,77.246
2026-07-26 06:00:00,28.0,93,978.4,pragati_maidan,28.618,77.246
2026-07-26 07:00:00,28.7,87,978.7,pragati_maidan,28.618,77.246
2026-07-26 08:00:00,29.1,87,979.0,pragati_maidan,28.618,77.246
2026-07-26 09:00:00,30.5,80,978.8,pragati_maidan,28.618,77.246
2026-07-26 10:00:00,31.5,74,979.2,pragati_maidan,28.618,77.246
2026-07-26 11:00:00,32.5,71,979.2,pragati_maidan,28.618,77.246
2026-07-26 12:00:00,33.0,69,979.0,pragati_maidan,28.618,77.246
2026-07-26 13:00:00,33.6,68,978.4,pragati_maidan,28.618,77.246
2026-07-26 14:00:00,33.4,68,977.4,pragati_maidan,28.618,77.246
2026-07-26 15:00:00,33.5,68,976.8,pragati_maidan,28.618,77.246
2026-07-26 16:00:00,33.2,70,976.1,pragati_maidan,28.618,77.246
2026-07-26 17:00:00,33.3,64,975.8,pragati_maidan,28.618,77.246
2026-07-26 18:00:00,32.7,69,975.8,pragati_maidan,28.618,77.246
2026-07-26 19:00:00,31.8,78,976.1,pragati_maidan,28.618,77.246
2026-07-26 20:00:00,31.5,81,976.6,pragati_maidan,28.618,77.246
2026-07-26 21:00:00,31.4,82,977.2,pragati_maidan,28.618,77.246
2026-07-26 22:00:00,31.0,83,977.6,pragati_maidan,28.618,77.246
2026-07-26 23:00:00,30.8,86,977.0,pragati_maidan,28.618,77.246
2026-07-27 00:00:00,30.3,86,976.8,pragati_maidan,28.618,77.246
2026-07-27 01:00:00,29.9,89,976.1,pragati_maidan,28.618,77.246
2026-07-27 02:00:00,29.7,90,975.7,pragati_maidan,28.618,77.246
2026-07-27 03:00:00,29.6,89,975.7,pragati_maidan,28.618,77.246
2026-07-27 04:00:00,29.4,89,975.8,pragati_maidan,28.618,77.246
2026-07-27 05:00:00,29.3,90,975.8,pragati_maidan,28.618,77.246
2026-07-27 06:00:00,29.3,90,975.9,pragati_maidan,28.618,77.246
2026-07-27 07:00:00,30.2,85,976.2,pragati_maidan,28.618,77.246
2026-07-27 08:00:00,31.6,75,976.3,pragati_maidan,28.618,77.246
2026-07-27 09:00:00,32.6,69,976.3,pragati_maidan,28.618,77.246
2026-07-27 10:00:00,33.4,65,976.6,pragati_maidan,28.618,77.246
2026-07-27 11:00:00,34.5,52,976.1,pragati_maidan,28.618,77.246
2026-07-27 12:00:00,35.3,50,976.1,pragati_maidan,28.618,77.246
2026-07-27 13:00:00,35.7,50,975.4,pragati_maidan,28.618,77.246
2026-07-27 14:00:00,35.4,52,974.5,pragati_maidan,28.618,77.246
2026-07-27 15:00:00,33.6,56,973.7,pragati_maidan,28.618,77.246
2026-07-27 16:00:00,34.0,56,973.8,pragati_maidan,28.618,77.246
2026-07-27 17:00:00,33.4,58,973.7,pragati_maidan,28.618,77.246
2026-07-27 18:00:00,32.6,65,973.7,pragati_maidan,28.618,77.246
2026-07-27 19:00:00,31.8,71,973.9,pragati_maidan,28.618,77.246
2026-07-27 20:00:00,30.8,79,974.7,pragati_maidan,28.618,77.246
2026-07-27 21:00:00,29.7,84,975.3,pragati_maidan,28.618,77.246
2026-07-27 22:00:00,29.3,84,976.0,pragati_maidan,28.618,77.246
2026-07-27 23:00:00,30.3,85,975.5,pragati_maidan,28.618,77.246
2026-07-28 00:00:00,28.6,89,975.8,pragati_maidan,28.618,77.246
2026-07-28 01:00:00,26.9,95,975.9,pragati_maidan,28.618,77.246
2026-07-28 02:00:00,26.7,95,975.5,pragati_maidan,28.618,77.246
2026-07-28 03:00:00,26.0,96,975.0,pragati_maidan,28.618,77.246
2026-07-28 04:00:00,25.9,97,974.9,pragati_maidan,28.618,77.246
2026-07-28 05:00:00,28.8,92,974.5,pragati_maidan,28.618,77.246
2026-07-28 06:00:00,28.6,93,975.0,pragati_maidan,28.618,77.246
2026-07-28 07:00:00,28.9,90,975.2,pragati_maidan,28.618,77.246
2026-07-28 08:00:00,27.9,88,976.0,pragati_maidan,28.618,77.246
2026-07-28 09:00:00,27.6,91,976.6,pragati_maidan,28.618,77.246
2026-07-28 10:00:00,27.2,93,977.5,pragati_maidan,28.618,77.246
2026-07-28 11:00:00,27.3,93,977.3,pragati_maidan,28.618,77.246
2026-07-28 12:00:00,27.1,94,976.6,pragati_maidan,28.618,77.246
2026-07-28 13:00:00,26.9,93,976.5,pragati_maidan,28.618,77.246
2026-07-28 14:00:00,27.4,90,975.5,pragati_maidan,28.618,77.246
2026-07-28 15:00:00,27.9,85,974.8,pragati_maidan,28.618,77.246
2026-07-28 16:00:00,27.7,86,974.3,pragati_maidan,28.618,77.246
2026-07-28 17:00:00,30.5,74,974.4,pragati_maidan,28.618,77.246
2026-07-28 18:00:00,29.9,77,974.5,pragati_maidan,28.618,77.246
2026-07-28 19:00:00,29.0,83,975.1,pragati_maidan,28.618,77.246
2026-07-28 20:00:00,28.5,85,975.8,pragati_maidan,28.618,77.246
2026-07-28 21:00:00,28.3,87,976.7,pragati_maidan,28.618,77.246
2026-07-28 22:00:00,28.0,89,977.2,pragati_maidan,28.618,77.246
2026-07-28 23:00:00,27.6,90,977.0,pragati_maidan,28.618,77.246
2026-07-29 00:00:00,27.4,92,977.0,pragati_maidan,28.618,77.246
2026-07-29 01:00:00,26.9,96,977.0,pragati_maidan,28.618,77.246
2026-07-29 02:00:00,26.7,97,976.5,pragati_maidan,28.618,77.246
2026-07-29 03:00:00,26.6,97,976.4,pragati_maidan,28.618,77.246
2026-07-29 04:00:00,26.6,98,976.7,pragati_maidan,28.618,77.246
2026-07-29 05:00:00,27.0,96,976.3,pragati_maidan,28.618,77.246
2026-07-29 06:00:00,26.3,98,976.9,pragati_maidan,28.618,77.246
2026-07-29 07:00:00,26.5,99,977.4,pragati_maidan,28.618,77.246
2026-07-29 08:00:00,27.0,95,977.5,pragati_maidan,28.618,77.246
2026-07-29 09:00:00,28.3,85,977.9,pragati_maidan,28.618,77.246
2026-07-29 10:00:00,28.9,82,978.0,pragati_maidan,28.618,77.246
2026-07-29 11:00:00,30.5,76,977.5,pragati_maidan,28.618,77.246
2026-07-29 12:00:00,31.9,71,977.3,pragati_maidan,28.618,77.246
2026-07-29 13:00:00,32.3,69,976.7,pragati_maidan,28.618,77.246
2026-07-29 14:00:00,32.6,68,975.7,pragati_maidan,28.618,77.246
2026-07-29 15:00:00,32.1,70,975.2,pragati_maidan,28.618,77.246
2026-07-29 16:00:00,31.1,78,974.4,pragati_maidan,28.618,77.246
2026-07-29 17:00:00,33.0,64,974.2,pragati_maidan,28.618,77.246
2026-07-29 18:00:00,32.2,69,974.1,pragati_maidan,28.618,77.246
2026-07-29 19:00:00,31.1,78,974.9,pragati_maidan,28.618,77.246
2026-07-29 20:00:00,30.5,82,975.8,pragati_maidan,28.618,77.246
2026-07-29 21:00:00,30.0,84,976.7,pragati_maidan,28.618,77.246
2026-07-29 22:00:00,29.5,88,976.9,pragati_maidan,28.618,77.246
2026-07-29 23:00:00,29.9,85,976.5,pragati_maidan,28.618,77.246
2026-07-30 00:00:00,29.2,89,976.1,pragati_maidan,28.618,77.246
2026-07-30 01:00:00,28.9,88,976.0,pragati_maidan,28.618,77.246
2026-07-30 02:00:00,25.9,96,976.0,pragati_maidan,28.618,77.246
2026-07-30 03:00:00,26.1,97,975.5,pragati_maidan,28.618,77.246
2026-07-30 04:00:00,26.4,99,975.4,pragati_maidan,28.618,77.246
2026-07-30 05:00:00,28.9,92,974.9,pragati_maidan,28.618,77.246
2026-07-30 06:00:00,28.6,94,975.2,pragati_maidan,28.618,77.246
2026-07-30 07:00:00,28.8,85,976.1,pragati_maidan,28.618,77.246
2026-07-30 08:00:00,29.3,83,976.5,pragati_maidan,28.618,77.246
2026-07-30 09:00:00,30.9,75,976.9,pragati_maidan,28.618,77.246
2026-07-30 10:00:00,32.1,70,977.2,pragati_maidan,28.618,77.246
2026-07-30 11:00:00,32.6,67,977.1,pragati_maidan,28.618,77.246
2026-07-30 12:00:00,32.8,65,976.7,pragati_maidan,28.618,77.246
2026-07-30 13:00:00,33.0,66,976.3,pragati_maidan,28.618,77.246
2026-07-30 14:00:00,33.2,66,975.5,pragati_maidan,28.618,77.246
2026-07-30 15:00:00,33.5,63,974.6,pragati_maidan,28.618,77.246
2026-07-30 16:00:00,33.7,57,974.0,pragati_maidan,28.618,77.246
2026-07-30 17:00:00,31.3,74,974.0,pragati_maidan,28.618,77.246
2026-07-30 18:00:00,28.8,84,974.5,pragati_maidan,28.618,77.246
2026-07-30 19:00:00,28.8,86,975.1,pragati_maidan,28.618,77.246
2026-07-30 20:00:00,28.7,90,975.9,pragati_maidan,28.618,77.246
2026-07-30 21:00:00,28.4,91,976.7,pragati_maidan,28.618,77.246
2026-07-30 22:00:00,28.4,90,977.0,pragati_maidan,28.618,77.246
2026-07-30 23:00:00,29.1,89,976.7,pragati_maidan,28.618,77.246
2026-07-31 00:00:00,28.8,90,976.3,pragati_maidan,28.618,77.246
2026-07-31 01:00:00,28.7,88,976.2,pragati_maidan,28.618,77.246
2026-07-31 02:00:00,28.5,87,976.2,pragati_maidan,28.618,77.246
2026-07-31 03:00:00,28.3,87,976.1,pragati_maidan,28.618,77.246
2026-07-31 04:00:00,28.0,86,976.4,pragati_maidan,28.618,77.246
2026-07-31 05:00:00,28.3,83,976.1,pragati_maidan,28.618,77.246
2026-07-31 06:00:00,28.1,84,976.6,pragati_maidan,28.618,77.246
2026-07-31 07:00:00,28.7,81,977.1,pragati_maidan,28.618,77.246
2026-07-31 08:00:00,29.0,79,977.4,pragati_maidan,28.618,77.246
2026-07-31 09:00:00,29.7,75,977.7,pragati_maidan,28.618,77.246
2026-07-31 10:00:00,30.2,72,977.8,pragati_maidan,28.618,77.246
2026-07-31 11:00:00,30.9,70,977.9,pragati_maidan,28.618,77.246
2026-07-31 12:00:00,31.3,66,977.4,pragati_maidan,28.618,77.246
2026-07-31 13:00:00,31.6,67,976.6,pragati_maidan,28.618,77.246
2026-07-31 14:00:00,32.4,67,975.7,pragati_maidan,28.618,77.246
2026-07-31 15:00:00,32.6,66,974.6,pragati_maidan,28.618,77.246
2026-07-31 16:00:00,31.8,69,974.2,pragati_maidan,28.618,77.246
2026-07-31 17:00:00,31.8,69,974.2,pragati_maidan,28.618,77.246
2026-07-31 18:00:00,31.2,73,974.7,pragati_maidan,28.618,77.246
2026-07-31 19:00:00,30.3,79,975.4,pragati_maidan,28.618,77.246
2026-07-31 20:00:00,29.9,82,976.1,pragati_maidan,28.618,77.246
2026-07-31 21:00:00,29.7,82,976.9,pragati_maidan,28.618,77.246
2026-07-31 22:00:00,29.2,84,977.3,pragati_maidan,28.618,77.246
2026-07-31 23:00:00,28.4,86,976.8,pragati_maidan,28.618,77.246
2026-08-01 00:00:00,28.7,86,976.7,pragati_maidan,28.618,77.246
2026-08-01 01:00:00,27.8,90,976.7,pragati_maidan,28.618,77.246
2026-08-01 02:00:00,27.7,87,976.2,pragati_maidan,28.618,77.246
2026-08-01 03:00:00,27.6,88,976.2,pragati_maidan,28.618,77.246
2026-08-01 04:00:00,27.6,89,976.3,pragati_maidan,28.618,77.246
2026-08-01 05:00:00,27.0,93,976.3,pragati_maidan,28.618,77.246
2026-08-01 06:00:00,26.8,92,976.8,pragati_maidan,28.618,77.246
2026-08-01 07:00:00,27.1,88,977.2,pragati_maidan,28.618,77.246
2026-08-01 08:00:00,27.9,83,977.1,pragati_maidan,28.618,77.246
2026-08-01 09:00:00,29.7,76,977.1,pragati_maidan,28.618,77.246
2026-08-01 10:00:00,31.0,70,977.1,pragati_maidan,28.618,77.246
2026-08-01 11:00:00,32.0,66,976.8,pragati_maidan,28.618,77.246
2026-08-01 12:00:00,32.6,66,976.2,pragati_maidan,28.618,77.246
2026-08-01 13:00:00,32.4,67,975.7,pragati_maidan,28.618,77.246
2026-08-01 14:00:00,31.1,73,975.1,pragati_maidan,28.618,77.246
2026-08-01 15:00:00,31.3,74,974.3,pragati_maidan,28.618,77.246
2026-08-01 16:00:00,31.8,71,973.8,pragati_maidan,28.618,77.246
2026-08-01 17:00:00,30.4,80,974.3,pragati_maidan,28.618,77.246
2026-08-01 18:00:00,30.7,78,974.7,pragati_maidan,28.618,77.246
2026-08-01 19:00:00,30.2,82,975.1,pragati_maidan,28.618,77.246
2026-08-01 20:00:00,29.9,84,975.8,pragati_maidan,28.618,77.246
2026-08-01 21:00:00,29.6,85,976.7,pragati_maidan,28.618,77.246
2026-08-01 22:00:00,29.4,85,976.9,pragati_maidan,28.618,77.246
2026-08-01 23:00:00,26.7,90,977.0,pragati_maidan,28.618,77.246
2026-08-02 00:00:00,26.9,91,976.6,pragati_maidan,28.618,77.246
2026-08-02 01:00:00,27.0,92,977.0,pragati_maidan,28.618,77.246
2026-08-02 02:00:00,27.0,93,976.8,pragati_maidan,28.618,77.246
2026-08-02 03:00:00,26.9,94,976.2,pragati_maidan,28.618,77.246
2026-08-02 04:00:00,26.9,94,976.8,pragati_maidan,28.618,77.246
2026-08-02 05:00:00,27.1,96,976.9,pragati_maidan,28.618,77.246
2026-08-02 06:00:00,26.5,96,977.5,pragati_maidan,28.618,77.246
2026-08-02 07:00:00,27.1,94,977.6,pragati_maidan,28.618,77.246
2026-08-02 08:00:00,28.8,85,977.9,pragati_maidan,28.618,77.246
2026-08-02 09:00:00,30.6,76,977.8,pragati_maidan,28.618,77.246
2026-08-02 10:00:00,32.0,68,977.7,pragati_maidan,28.618,77.246
2026-08-02 11:00:00,33.7,59,977.7,pragati_maidan,28.618,77.246
2026-08-02 12:00:00,33.4,61,977.3,pragati_maidan,28.618,77.246
2026-08-02 13:00:00,32.4,65,977.2,pragati_maidan,28.618,77.246
2026-08-02 14:00:00,32.5,68,976.2,pragati_maidan,28.618,77.246
2026-08-02 15:00:00,33.0,65,975.5,pragati_maidan,28.618,77.246
2026-08-02 16:00:00,33.0,64,975.1,pragati_maidan,28.618,77.246
2026-08-02 17:00:00,29.2,84,976.0,pragati_maidan,28.618,77.246
2026-08-02 18:00:00,27.9,90,976.5,pragati_maidan,28.618,77.246
2026-08-02 19:00:00,27.5,94,976.1,pragati_maidan,28.618,77.246
2026-08-02 20:00:00,27.7,95,977.0,pragati_maidan,28.618,77.246
2026-08-02 21:00:00,27.9,96,978.1,pragati_maidan,28.618,77.246
2026-08-02 22:00:00,27.9,97,978.4,pragati_maidan,28.618,77.246
2026-08-02 23:00:00,28.8,96,977.8,pragati_maidan,28.618,77.246
2026-08-03 00:00:00,28.5,97,977.5,pragati_maidan,28.618,77.246
2026-08-03 01:00:00,28.3,96,977.4,pragati_maidan,28.618,77.246
2026-08-03 02:00:00,27.7,94,977.1,pragati_maidan,28.618,77.246
2026-08-03 03:00:00,27.4,94,976.8,pragati_maidan,28.618,77.246
2026-08-03 04:00:00,27.3,95,976.9,pragati_maidan,28.618,77.246
2026-08-03 05:00:00,27.7,95,976.7,pragati_maidan,28.618,77.246
2026-08-03 06:00:00,27.1,97,977.3,pragati_maidan,28.618,77.246
2026-08-03 07:00:00,27.7,93,977.5,pragati_maidan,28.618,77.246
2026-08-03 08:00:00,28.7,87,978.4,pragati_maidan,28.618,77.246
2026-08-03 09:00:00,29.6,81,978.6,pragati_maidan,28.618,77.246
2026-08-03 10:00:00,30.8,77,978.8,pragati_maidan,28.618,77.246
2026-08-03 11:00:00,31.7,71,978.5,pragati_maidan,28.618,77.246
2026-08-03 12:00:00,33.3,65,978.2,pragati_maidan,28.618,77.246
2026-08-03 13:00:00,34.1,62,978.0,pragati_maidan,28.618,77.246
2026-08-03 14:00:00,31.9,68,977.0,pragati_maidan,28.618,77.246
2026-08-03 15:00:00,31.6,74,977.2,pragati_maidan,28.618,77.246
2026-08-03 16:00:00,31.3,74,976.4,pragati_maidan,28.618,77.246
2026-08-03 17:00:00,33.3,67,975.8,pragati_maidan,28.618,77.246
2026-08-03 18:00:00,30.6,75,975.7,pragati_maidan,28.618,77.246
2026-08-03 19:00:00,27.4,93,977.5,pragati_maidan,28.618,77.246
2026-08-03 20:00:00,27.4,95,978.1,pragati_maidan,28.618,77.246
2026-08-03 21:00:00,27.4,94,978.9,pragati_maidan,28.618,77.246
2026-08-03 22:00:00,27.2,94,979.1,pragati_maidan,28.618,77.246
2026-08-03 23:00:00,26.7,97,978.9,pragati_maidan,28.618,77.246
2026-08-04 00:00:00,27.1,96,978.5,pragati_maidan,28.618,77.246
2026-08-04 01:00:00,27.0,97,978.1,pragati_maidan,28.618,77.246
2026-08-04 02:00:00,26.7,98,978.0,pragati_maidan,28.618,77.246
2026-08-04 03:00:00,26.7,97,978.3,pragati_maidan,28.618,77.246
2026-08-04 04:00:00,26.7,97,978.2,pragati_maidan,28.618,77.246
2026-08-04 05:00:00,27.0,96,977.6,pragati_maidan,28.618,77.246
2026-08-04 06:00:00,26.6,97,978.5,pragati_maidan,28.618,77.246
2026-08-04 07:00:00,27.1,93,978.7,pragati_maidan,28.618,77.246
2026-08-04 08:00:00,28.0,88,979.2,pragati_maidan,28.618,77.246
2026-08-04 09:00:00,29.7,79,979.5,pragati_maidan,28.618,77.246
2026-08-04 10:00:00,30.6,77,980.1,pragati_maidan,28.618,77.246
2026-08-04 11:00:00,28.9,85,979.9,pragati_maidan,28.618,77.246
2026-08-04 12:00:00,28.2,91,979.5,pragati_maidan,28.618,77.246
2026-08-04 13:00:00,28.8,85,979.0,pragati_maidan,28.618,77.246
2026-08-04 14:00:00,29.1,84,978.5,pragati_maidan,28.618,77.246
2026-08-04 15:00:00,29.5,82,977.8,pragati_maidan,28.618,77.246
2026-08-04 16:00:00,29.1,83,976.9,pragati_maidan,28.618,77.246
2026-08-04 17:00:00,27.5,92,977.3,pragati_maidan,28.618,77.246
2026-08-04 18:00:00,27.3,94,977.3,pragati_maidan,28.618,77.246
2026-08-04 19:00:00,27.2,95,977.6,pragati_maidan,28.618,77.246
2026-08-04 20:00:00,27.3,96,978.3,pragati_maidan,28.618,77.246
2026-08-04 21:00:00,27.3,96,979.0,pragati_maidan,28.618,77.246
2026-08-04 22:00:00,27.1,96,979.1,pragati_maidan,28.618,77.246
2026-08-04 23:00:00,27.7,96,978.3,pragati_maidan,28.618,77.246
2026-08-05 00:00:00,27.5,97,977.7,pragati_maidan,28.618,77.246
2026-08-05 01:00:00,27.4,99,977.4,pragati_maidan,28.618,77.246
2026-08-05 02:00:00,27.4,93,977.0,pragati_maidan,28.618,77.246
2026-08-05 03:00:00,27.0,92,977.0,pragati_maidan,28.618,77.246
2026-08-05 04:00:00,26.4,96,976.9,pragati_maidan,28.618,77.246
2026-08-05 05:00:00,26.1,95,976.8,pragati_maidan,28.618,77.246
2026-08-05 06:00:00,25.7,95,977.2,pragati_maidan,28.618,77.246
2026-08-05 07:00:00,26.8,94,977.2,pragati_maidan,28.618,77.246
2026-08-05 08:00:00,28.5,85,977.3,pragati_maidan,28.618,77.246
2026-08-05 09:00:00,30.0,77,977.4,pragati_maidan,28.618,77.246
2026-08-05 10:00:00,31.3,69,977.2,pragati_maidan,28.618,77.246
2026-08-05 11:00:00,31.6,71,977.3,pragati_maidan,28.618,77.246
2026-08-05 12:00:00,31.1,72,976.1,pragati_maidan,28.618,77.246
2026-08-05 13:00:00,31.9,69,975.8,pragati_maidan,28.618,77.246
2026-08-05 14:00:00,31.8,68,974.8,pragati_maidan,28.618,77.246
2026-08-05 15:00:00,33.0,62,974.4,pragati_maidan,28.618,77.246
2026-08-05 16:00:00,32.7,63,974.1,pragati_maidan,28.618,77.246
2026-08-05 17:00:00,28.3,94,974.2,pragati_maidan,28.618,77.246
2026-08-05 18:00:00,28.4,88,974.7,pragati_maidan,28.618,77.246
2026-08-05 19:00:00,28.1,90,975.6,pragati_maidan,28.618,77.246
2026-08-05 20:00:00,27.6,92,976.3,pragati_maidan,28.618,77.246
2026-08-05 21:00:00,27.8,93,976.9,pragati_maidan,28.618,77.246
2026-08-05 22:00:00,27.8,95,976.9,pragati_maidan,28.618,77.246
2026-08-05 23:00:00,27.3,100,976.5,pragati_maidan,28.618,77.246
2026-08-06 00:00:00,27.3,96,976.0,pragati_maidan,28.618,77.246
2026-08-06 01:00:00,26.4,95,976.0,pragati_maidan,28.618,77.246
2026-08-06 02:00:00,26.5,96,975.4,pragati_maidan,28.618,77.246
2026-08-06 03:00:00,26.8,95,975.4,pragati_maidan,28.618,77.246
2026-08-06 04:00:00,26.9,97,975.8,pragati_maidan,28.618,77.246
2026-08-06 05:00:00,27.4,95,975.3,pragati_maidan,28.618,77.246
2026-08-06 06:00:00,27.5,94,976.3,pragati_maidan,28.618,77.246
2026-08-06 07:00:00,27.7,92,977.1,pragati_maidan,28.618,77.246
2026-08-06 08:00:00,27.3,90,977.8,pragati_maidan,28.618,77.246
2026-08-06 09:00:00,27.0,88,978.3,pragati_maidan,28.618,77.246
2026-08-06 10:00:00,26.7,87,978.4,pragati_maidan,28.618,77.246
2026-08-06 11:00:00,26.8,85,978.3,pragati_maidan,28.618,77.246
2026-08-06 12:00:00,28.0,80,977.9,pragati_maidan,28.618,77.246
2026-08-06 13:00:00,27.5,84,977.4,pragati_maidan,28.618,77.246
2026-08-06 14:00:00,27.3,85,976.6,pragati_maidan,28.618,77.246
2026-08-06 15:00:00,27.2,87,976.4,pragati_maidan,28.618,77.246
2026-08-06 16:00:00,27.8,84,975.9,pragati_maidan,28.618,77.246
2026-08-06 17:00:00,27.7,90,975.6,pragati_maidan,28.618,77.246
2026-08-06 18:00:00,27.5,91,975.8,pragati_maidan,28.618,77.246
2026-08-06 19:00:00,27.3,92,976.4,pragati_maidan,28.618,77.246
2026-08-06 20:00:00,27.1,93,976.9,pragati_maidan,28.618,77.246
2026-08-06 21:00:00,27.0,94,977.3,pragati_maidan,28.618,77.246
2026-08-06 22:00:00,26.9,94,977.4,pragati_maidan,28.618,77.246
2026-08-06 23:00:00,26.7,93,977.6,pragati_maidan,28.618,77.246
2026-08-07 00:00:00,26.0,97,977.1,pragati_maidan,28.618,77.246
2026-08-07 01:00:00,26.0,97,976.8,pragati_maidan,28.618,77.246
2026-08-07 02:00:00,26.0,98,976.5,pragati_maidan,28.618,77.246
2026-08-07 03:00:00,25.9,99,976.3,pragati_maidan,28.618,77.246
2026-08-07 04:00:00,25.9,95,976.3,pragati_maidan,28.618,77.246
2026-08-07 05:00:00,26.3,97,975.9,pragati_maidan,28.618,77.246
2026-08-07 06:00:00,26.2,98,976.1,pragati_maidan,28.618,77.246
2026-08-07 07:00:00,25.9,96,976.9,pragati_maidan,28.618,77.246
2026-08-07 08:00:00,26.5,94,977.0,pragati_maidan,28.618,77.246
2026-08-07 09:00:00,26.6,92,977.3,pragati_maidan,28.618,77.246
2026-08-07 10:00:00,27.0,92,977.5,pragati_maidan,28.618,77.246
2026-08-07 11:00:00,27.3,90,977.2,pragati_maidan,28.618,77.246
2026-08-07 12:00:00,26.4,96,976.7,pragati_maidan,28.618,77.246
2026-08-07 13:00:00,27.2,95,976.1,pragati_maidan,28.618,77.246
2026-08-07 14:00:00,28.4,89,975.5,pragati_maidan,28.618,77.246
2026-08-07 15:00:00,29.5,82,975.0,pragati_maidan,28.618,77.246
2026-08-07 16:00:00,28.6,79,974.9,pragati_maidan,28.618,77.246
2026-08-07 17:00:00,27.2,92,975.2,pragati_maidan,28.618,77.246
2026-08-07 18:00:00,27.0,93,975.2,pragati_maidan,28.618,77.246
2026-08-07 19:00:00,26.7,95,976.1,pragati_maidan,28.618,77.246
2026-08-07 20:00:00,26.4,95,976.8,pragati_maidan,28.618,77.246
2026-08-07 21:00:00,25.7,97,977.4,pragati_maidan,28.618,77.246
2026-08-07 22:00:00,25.7,96,977.7,pragati_maidan,28.618,77.246
2026-08-07 23:00:00,25.9,97,977.6,pragati_maidan,28.618,77.246
2026-08-08 00:00:00,26.0,98,977.1,pragati_maidan,28.618,77.246
2026-08-08 01:00:00,25.8,96,976.7,pragati_maidan,28.618,77.246
2026-08-08 02:00:00,25.3,96,976.5,pragati_maidan,28.618,77.246
2026-08-08 03:00:00,24.9,99,976.5,pragati_maidan,28.618,77.246
2026-08-08 04:00:00,24.8,99,976.6,pragati_maidan,28.618,77.246
2026-08-08 05:00:00,25.5,96,976.4,pragati_maidan,28.618,77.246
2026-08-08 06:00:00,25.6,96,977.1,pragati_maidan,28.618,77.246
2026-08-08 07:00:00,26.0,95,977.3,pragati_maidan,28.618,77.246
2026-08-08 08:00:00,27.3,93,978.0,pragati_maidan,28.618,77.246
2026-08-08 09:00:00,29.6,85,978.2,pragati_maidan,28.618,77.246
2026-08-08 10:00:00,31.1,77,978.3,pragati_maidan,28.618,77.246
2026-08-08 11:00:00,29.6,80,978.8,pragati_maidan,28.618,77.246
2026-08-08 12:00:00,31.2,74,978.5,pragati_maidan,28.618,77.246
2026-08-08 13:00:00,30.8,73,977.9,pragati_maidan,28.618,77.246
2026-08-08 14:00:00,30.7,76,976.9,pragati_maidan,28.618,77.246
2026-08-08 15:00:00,32.3,66,976.5,pragati_maidan,28.618,77.246
2026-08-08 16:00:00,32.2,66,975.9,pragati_maidan,28.618,77.246
2026-08-08 17:00:00,31.1,73,976.7,pragati_maidan,28.618,77.246
2026-08-08 18:00:00,30.3,78,976.9,pragati_maidan,28.618,77.246
2026-08-08 19:00:00,29.4,82,977.1,pragati_maidan,28.618,77.246
2026-08-08 20:00:00,29.1,85,978.2,pragati_maidan,28.618,77.246
2026-08-08 21:00:00,28.9,87,979.0,pragati_maidan,28.618,77.246
2026-08-08 22:00:00,28.6,87,979.5,pragati_maidan,28.618,77.246
2026-08-08 23:00:00,29.1,89,979.3,pragati_maidan,28.618,77.246
2026-08-09 00:00:00,28.5,90,979.1,pragati_maidan,28.618,77.246
2026-08-09 01:00:00,28.2,90,978.8,pragati_maidan,28.618,77.246
2026-08-09 02:00:00,27.2,92,978.9,pragati_maidan,28.618,77.246
2026-08-09 03:00:00,26.9,94,978.9,pragati_maidan,28.618,77.246
2026-08-09 04:00:00,26.6,95,979.0,pragati_maidan,28.618,77.246
2026-08-09 05:00:00,25.3,97,978.9,pragati_maidan,28.618,77.246
2026-08-09 06:00:00,26.0,96,979.2,pragati_maidan,28.618,77.246
2026-08-09 07:00:00,27.3,93,979.7,pragati_maidan,28.618,77.246
2026-08-09 08:00:00,29.2,85,980.0,pragati_maidan,28.618,77.246
2026-08-09 09:00:00,30.8,79,980.1,pragati_maidan,28.618,77.246
2026-08-09 10:00:00,31.7,74,980.4,pragati_maidan,28.618,77.246
2026-08-09 11:00:00,32.6,68,979.8,pragati_maidan,28.618,77.246
2026-08-09 12:00:00,32.9,66,979.3,pragati_maidan,28.618,77.246
2026-08-09 13:00:00,33.6,62,978.6,pragati_maidan,28.618,77.246
2026-08-09 14:00:00,33.9,61,977.8,pragati_maidan,28.618,77.246
2026-08-09 15:00:00,34.1,61,977.1,pragati_maidan,28.618,77.246
2026-08-09 16:00:00,33.8,61,976.5,pragati_maidan,28.618,77.246
2026-08-09 17:00:00,34.0,60,976.2,pragati_maidan,28.618,77.246
2026-08-09 18:00:00,32.0,71,976.9,pragati_maidan,28.618,77.246
2026-08-09 19:00:00,30.9,80,977.5,pragati_maidan,28.618,77.246
2026-08-09 20:00:00,30.4,82,977.7,pragati_maidan,28.618,77.246
2026-08-09 21:00:00,30.0,83,978.8,pragati_maidan,28.618,77.246
2026-08-09 22:00:00,29.6,85,979.1,pragati_maidan,28.618,77.246
2026-08-09 23:00:00,30.3,80,978.5,pragati_maidan,28.618,77.246
2026-08-10 00:00:00,29.3,85,978.3,pragati_maidan,28.618,77.246
2026-08-10 01:00:00,27.4,92,978.2,pragati_maidan,28.618,77.246
2026-08-10 02:00:00,27.1,92,977.7,pragati_maidan,28.618,77.246
2026-08-10 03:00:00,27.4,93,977.4,pragati_maidan,28.618,77.246
2026-08-10 04:00:00,27.7,93,977.8,pragati_maidan,28.618,77.246
2026-08-10 05:00:00,27.8,90,977.6,pragati_maidan,28.618,77.246
2026-08-10 06:00:00,27.4,91,978.5,pragati_maidan,28.618,77.246
2026-08-10 07:00:00,27.5,89,978.6,pragati_maidan,28.618,77.246
2026-08-10 08:00:00,28.5,85,978.8,pragati_maidan,28.618,77.246
2026-08-10 09:00:00,29.7,80,979.0,pragati_maidan,28.618,77.246
2026-08-10 10:00:00,31.1,74,979.2,pragati_maidan,28.618,77.246
2026-08-10 11:00:00,33.0,64,978.6,pragati_maidan,28.618,77.246
2026-08-10 12:00:00,33.0,66,978.4,pragati_maidan,28.618,77.246
2026-08-10 13:00:00,29.5,81,978.4,pragati_maidan,28.618,77.246
2026-08-10 14:00:00,28.4,89,977.4,pragati_maidan,28.618,77.246
2026-08-10 15:00:00,29.2,86,977.0,pragati_maidan,28.618,77.246
2026-08-10 16:00:00,29.6,83,976.4,pragati_maidan,28.618,77.246
2026-08-10 17:00:00,29.9,82,976.7,pragati_maidan,28.618,77.246
2026-08-10 18:00:00,29.4,85,976.9,pragati_maidan,28.618,77.246
2026-08-10 19:00:00,28.9,88,977.4,pragati_maidan,28.618,77.246
2026-08-10 20:00:00,28.6,90,978.2,pragati_maidan,28.618,77.246
2026-08-10 21:00:00,28.6,91,978.8,pragati_maidan,28.618,77.246
2026-08-10 22:00:00,28.5,92,978.7,pragati_maidan,28.618,77.246
2026-08-10 23:00:00,27.9,95,977.8,pragati_maidan,28.618,77.246
2026-08-11 00:00:00,27.7,95,977.7,pragati_maidan,28.618,77.246
2026-08-11 01:00:00,27.5,94,977.6,pragati_maidan,28.618,77.246
2026-08-11 02:00:00,27.3,95,977.7,pragati_maidan,28.618,77.246
2026-08-11 03:00:00,27.1,96,977.3,pragati_maidan,28.618,77.246
2026-08-11 04:00:00,27.3,90,977.7,pragati_maidan,28.618,77.246
2026-08-11 05:00:00,26.8,94,978.0,pragati_maidan,28.618,77.246
2026-08-11 06:00:00,27.0,93,978.1,pragati_maidan,28.618,77.246
2026-08-11 07:00:00,27.6,90,978.9,pragati_maidan,28.618,77.246
2026-08-11 08:00:00,28.5,87,979.2,pragati_maidan,28.618,77.246
2026-08-11 09:00:00,29.0,85,979.6,pragati_maidan,28.618,77.246
2026-08-11 10:00:00,30.1,81,979.6,pragati_maidan,28.618,77.246
2026-08-11 11:00:00,30.0,81,979.4,pragati_maidan,28.618,77.246
2026-08-11 12:00:00,28.2,88,979.3,pragati_maidan,28.618,77.246
2026-08-11 13:00:00,28.3,92,978.7,pragati_maidan,28.618,77.246
2026-08-11 14:00:00,29.2,89,977.9,pragati_maidan,28.618,77.246
2026-08-11 15:00:00,30.3,83,976.7,pragati_maidan,28.618,77.246
2026-08-11 16:00:00,30.5,79,976.4,pragati_maidan,28.618,77.246
2026-08-11 17:00:00,30.4,79,976.8,pragati_maidan,28.618,77.246
2026-08-11 18:00:00,30.2,80,976.7,pragati_maidan,28.618,77.246
2026-08-11 19:00:00,29.3,87,977.2,pragati_maidan,28.618,77.246
2026-08-11 20:00:00,28.9,89,978.2,pragati_maidan,28.618,77.246
2026-08-11 21:00:00,28.7,89,978.9,pragati_maidan,28.618,77.246
2026-08-11 22:00:00,28.3,90,979.1,pragati_maidan,28.618,77.246
2026-08-11 23:00:00,28.7,87,978.7,pragati_maidan,28.618,77.246
2026-08-12 00:00:00,28.4,88,978.6,pragati_maidan,28.618,77.246
2026-08-12 01:00:00,28.3,89,978.6,pragati_maidan,28.618,77.246
2026-08-12 02:00:00,27.8,91,978.6,pragati_maidan,28.618,77.246
2026-08-12 03:00:00,27.4,93,978.7,pragati_maidan,28.618,77.246
2026-08-12 04:00:00,27.1,95,978.7,pragati_maidan,28.618,77.246
2026-08-12 05:00:00,27.5,97,978.6,pragati_maidan,28.618,77.246
2026-08-12 06:00:00,27.4,97,978.8,pragati_maidan,28.618,77.246
2026-08-12 07:00:00,28.5,92,979.1,pragati_maidan,28.618,77.246
2026-08-12 08:00:00,30.0,82,979.6,pragati_maidan,28.618,77.246
2026-08-12 09:00:00,31.2,74,979.7,pragati_maidan,28.618,77.246
2026-08-12 10:00:00,32.1,69,979.7,pragati_maidan,28.618,77.246
2026-08-12 11:00:00,33.0,64,979.4,pragati_maidan,28.618,77.246
2026-08-12 12:00:00,33.6,63,978.9,pragati_maidan,28.618,77.246
2026-08-12 13:00:00,34.1,60,978.0,pragati_maidan,28.618,77.246
2026-08-12 14:00:00,34.5,59,977.4,pragati_maidan,28.618,77.246
2026-08-12 15:00:00,34.7,59,977.1,pragati_maidan,28.618,77.246
2026-08-12 16:00:00,34.4,60,976.4,pragati_maidan,28.618,77.246
2026-08-12 17:00:00,34.3,61,976.7,pragati_maidan,28.618,77.246
2026-08-12 18:00:00,31.9,73,977.6,pragati_maidan,28.618,77.246
2026-08-12 19:00:00,30.0,83,978.7,pragati_maidan,28.618,77.246
2026-08-12 20:00:00,28.7,87,979.1,pragati_maidan,28.618,77.246
2026-08-12 21:00:00,28.6,91,980.1,pragati_maidan,28.618,77.246
2026-08-12 22:00:00,28.5,92,980.4,pragati_maidan,28.618,77.246
2026-08-12 23:00:00,30.0,84,980.3,pragati_maidan,28.618,77.246
2026-08-13 00:00:00,29.3,87,980.4,pragati_maidan,28.618,77.246
2026-08-13 01:00:00,29.0,88,979.6,pragati_maidan,28.618,77.246
2026-08-13 02:00:00,28.8,88,979.0,pragati_maidan,28.618,77.246
2026-08-13 03:00:00,28.5,89,979.1,pragati_maidan,28.618,77.246
2026-08-13 04:00:00,28.1,92,978.8,pragati_maidan,28.618,77.246
2026-08-13 05:00:00,27.3,95,978.8,pragati_maidan,28.618,77.246
2026-08-13 06:00:00,26.9,94,979.2,pragati_maidan,28.618,77.246
2026-08-13 07:00:00,28.1,90,979.4,pragati_maidan,28.618,77.246
2026-08-13 08:00:00,30.1,80,979.3,pragati_maidan,28.618,77.246
2026-08-13 09:00:00,31.6,75,979.5,pragati_maidan,28.618,77.246
2026-08-13 10:00:00,32.6,71,979.7,pragati_maidan,28.618,77.246
2026-08-13 11:00:00,33.3,67,979.8,pragati_maidan,28.618,77.246
2026-08-13 12:00:00,34.2,64,979.2,pragati_maidan,28.618,77.246
2026-08-13 13:00:00,33.5,63,978.3,pragati_maidan,28.618,77.246
2026-08-13 14:00:00,32.8,68,978.0,pragati_maidan,28.618,77.246
2026-08-13 15:00:00,33.7,66,977.2,pragati_maidan,28.618,77.246
2026-08-13 16:00:00,33.5,67,976.6,pragati_maidan,28.618,77.246
2026-08-13 17:00:00,30.2,87,977.1,pragati_maidan,28.618,77.246
2026-08-13 18:00:00,30.3,85,977.1,pragati_maidan,28.618,77.246
2026-08-13 19:00:00,29.9,89,977.7,pragati_maidan,28.618,77.246
2026-08-13 20:00:00,30.0,89,978.4,pragati_maidan,28.618,77.246
2026-08-13 21:00:00,30.1,88,979.1,pragati_maidan,28.618,77.246
2026-08-13 22:00:00,29.9,88,978.9,pragati_maidan,28.618,77.246
2026-08-13 23:00:00,30.5,88,978.4,pragati_maidan,28.618,77.246
2026-08-14 00:00:00,30.0,88,978.2,pragati_maidan,28.618,77.246
2026-08-14 01:00:00,29.6,89,977.8,pragati_maidan,28.618,77.246
2026-08-14 02:00:00,29.4,89,977.7,pragati_maidan,28.618,77.246
2026-08-14 03:00:00,29.2,89,977.5,pragati_maidan,28.618,77.246
2026-08-14 04:00:00,28.9,90,977.6,pragati_maidan,28.618,77.246
2026-08-14 05:00:00,27.5,96,977.7,pragati_maidan,28.618,77.246
2026-08-14 06:00:00,26.8,98,978.7,pragati_maidan,28.618,77.246
2026-08-14 07:00:00,27.2,96,979.1,pragati_maidan,28.618,77.246
2026-08-14 08:00:00,28.2,91,979.9,pragati_maidan,28.618,77.246
2026-08-14 09:00:00,28.8,85,979.9,pragati_maidan,28.618,77.246
2026-08-14 10:00:00,29.8,81,979.9,pragati_maidan,28.618,77.246
2026-08-14 11:00:00,30.4,79,980.5,pragati_maidan,28.618,77.246
2026-08-14 12:00:00,30.6,80,980.7,pragati_maidan,28.618,77.246
2026-08-14 13:00:00,31.2,78,980.1,pragati_maidan,28.618,77.246
2026-08-14 14:00:00,30.3,80,979.8,pragati_maidan,28.618,77.246
2026-08-14 15:00:00,29.1,85,979.3,pragati_maidan,28.618,77.246
2026-08-14 16:00:00,29.4,84,978.3,pragati_maidan,28.618,77.246
2026-08-14 17:00:00,29.9,80,978.1,pragati_maidan,28.618,77.246
2026-08-14 18:00:00,29.3,83,978.4,pragati_maidan,28.618,77.246
2026-08-14 19:00:00,28.7,87,978.9,pragati_maidan,28.618,77.246
2026-08-14 20:00:00,28.3,89,979.3,pragati_maidan,28.618,77.246
2026-08-14 21:00:00,28.2,89,980.0,pragati_maidan,28.618,77.246
2026-08-14 22:00:00,28.1,90,979.9,pragati_maidan,28.618,77.246
2026-08-14 23:00:00,28.3,88,979.5,pragati_maidan,28.618,77.246
2026-08-15 00:00:00,28.0,90,979.5,pragati_maidan,28.618,77.246
2026-08-15 01:00:00,27.7,92,979.3,pragati_maidan,28.618,77.246
2026-08-15 02:00:00,27.5,93,979.4,pragati_maidan,28.618,77.246
2026-08-15 03:00:00,27.3,93,979.0,pragati_maidan,28.618,77.246
2026-08-15 04:00:00,27.2,94,979.3,pragati_maidan,28.618,77.246
2026-08-15 05:00:00,26.7,95,979.8,pragati_maidan,28.618,77.246
2026-08-15 06:00:00,26.5,99,980.1,pragati_maidan,28.618,77.246
2026-08-15 07:00:00,26.5,98,980.3,pragati_maidan,28.618,77.246
2026-08-15 08:00:00,27.5,93,980.8,pragati_maidan,28.618,77.246
2026-08-15 09:00:00,28.0,89,980.9,pragati_maidan,28.618,77.246
2026-08-15 10:00:00,29.6,82,981.0,pragati_maidan,28.618,77.246
2026-08-15 11:00:00,32.3,71,980.7,pragati_maidan,28.618,77.246
2026-08-15 12:00:00,31.8,70,979.9,pragati_maidan,28.618,77.246
2026-08-15 13:00:00,30.6,80,979.6,pragati_maidan,28.618,77.246
2026-08-15 14:00:00,32.3,71,978.4,pragati_maidan,28.618,77.246
2026-08-15 15:00:00,32.7,64,977.6,pragati_maidan,28.618,77.246
2026-08-15 16:00:00,32.5,67,976.9,pragati_maidan,28.618,77.246
2026-08-15 17:00:00,31.9,73,976.6,pragati_maidan,28.618,77.246
2026-08-15 18:00:00,31.3,78,977.0,pragati_maidan,28.618,77.246
2026-08-15 19:00:00,30.7,82,977.5,pragati_maidan,28.618,77.246
2026-08-15 20:00:00,30.3,85,978.2,pragati_maidan,28.618,77.246
2026-08-15 21:00:00,30.0,87,978.7,pragati_maidan,28.618,77.246
2026-08-15 22:00:00,29.7,88,978.8,pragati_maidan,28.618,77.246
2026-08-15 23:00:00,29.6,83,978.4,pragati_maidan,28.618,77.246
2026-08-16 00:00:00,29.1,86,978.3,pragati_maidan,28.618,77.246
2026-08-16 01:00:00,28.8,88,977.8,pragati_maidan,28.618,77.246
2026-08-16 02:00:00,28.6,88,977.6,pragati_maidan,28.618,77.246
2026-08-16 03:00:00,26.1,93,977.1,pragati_maidan,28.618,77.246
2026-08-16 04:00:00,26.4,92,977.2,pragati_maidan,28.618,77.246
2026-08-16 05:00:00,28.0,86,976.7,pragati_maidan,28.618,77.246
2026-08-16 06:00:00,27.7,85,977.6,pragati_maidan,28.618,77.246
2026-08-16 07:00:00,28.7,80,978.0,pragati_maidan,28.618,77.246
2026-08-16 08:00:00,29.5,78,978.4,pragati_maidan,28.618,77.246
2026-08-16 09:00:00,30.2,76,978.6,pragati_maidan,28.618,77.246
2026-08-16 10:00:00,31.9,70,978.6,pragati_maidan,28.618,77.246
2026-08-16 11:00:00,32.6,67,978.4,pragati_maidan,28.618,77.246
2026-08-16 12:00:00,33.3,65,977.9,pragati_maidan,28.618,77.246
2026-08-16 13:00:00,33.5,65,977.7,pragati_maidan,28.618,77.246
2026-08-16 14:00:00,33.6,65,976.7,pragati_maidan,28.618,77.246
2026-08-16 15:00:00,33.5,64,976.0,pragati_maidan,28.618,77.246
2026-08-16 16:00:00,33.2,65,975.9,pragati_maidan,28.618,77.246
2026-08-16 17:00:00,31.6,74,976.6,pragati_maidan,28.618,77.246
2026-08-16 18:00:00,31.2,78,976.8,pragati_maidan,28.618,77.246
2026-08-16 19:00:00,30.6,81,977.3,pragati_maidan,28.618,77.246
2026-08-16 20:00:00,29.9,84,978.1,pragati_maidan,28.618,77.246
2026-08-16 21:00:00,29.5,87,978.6,pragati_maidan,28.618,77.246
2026-08-16 22:00:00,29.1,88,978.8,pragati_maidan,28.618,77.246
2026-08-16 23:00:00,29.5,84,978.1,pragati_maidan,28.618,77.246
2026-08-17 00:00:00,29.0,84,978.0,pragati_maidan,28.618,77.246
2026-08-17 01:00:00,28.5,87,978.0,pragati_maidan,28.618,77.246
2026-08-17 02:00:00,28.2,87,977.3,pragati_maidan,28.618,77.246
2026-08-17 03:00:00,28.2,85,977.3,pragati_maidan,28.618,77.246
2026-08-17 04:00:00,28.0,84,977.3,pragati_maidan,28.618,77.246
2026-08-17 05:00:00,28.4,82,977.8,pragati_maidan,28.618,77.246
2026-08-17 06:00:00,28.0,84,978.2,pragati_maidan,28.618,77.246
2026-08-17 07:00:00,28.8,79,978.9,pragati_maidan,28.618,77.246
2026-08-17 08:00:00,29.4,76,979.4,pragati_maidan,28.618,77.246
2026-08-17 09:00:00,30.3,74,979.6,pragati_maidan,28.618,77.246
2026-08-17 10:00:00,31.4,71,979.9,pragati_maidan,28.618,77.246
2026-08-17 11:00:00,32.7,65,979.7,pragati_maidan,28.618,77.246
2026-08-17 12:00:00,33.2,64,979.1,pragati_maidan,28.618,77.246
2026-08-17 13:00:00,32.0,67,978.5,pragati_maidan,28.618,77.246
2026-08-17 14:00:00,31.3,71,978.0,pragati_maidan,28.618,77.246
2026-08-17 15:00:00,31.9,70,977.6,pragati_maidan,28.618,77.246
2026-08-17 16:00:00,31.8,73,976.8,pragati_maidan,28.618,77.246
2026-08-17 17:00:00,29.7,78,977.8,pragati_maidan,28.618,77.246
2026-08-17 18:00:00,27.1,95,977.5,pragati_maidan,28.618,77.246
2026-08-17 19:00:00,27.5,95,978.2,pragati_maidan,28.618,77.246
2026-08-17 20:00:00,27.8,90,978.9,pragati_maidan,28.618,77.246
2026-08-17 21:00:00,28.1,89,979.4,pragati_maidan,28.618,77.246
2026-08-17 22:00:00,28.1,89,979.8,pragati_maidan,28.618,77.246
2026-08-17 23:00:00,28.7,87,979.6,pragati_maidan,28.618,77.246
2026-08-18 00:00:00,28.4,88,979.5,pragati_maidan,28.618,77.246
2026-08-18 01:00:00,28.1,90,979.2,pragati_maidan,28.618,77.246
2026-08-18 02:00:00,27.9,90,979.0,pragati_maidan,28.618,77.246
2026-08-18 03:00:00,27.6,92,978.9,pragati_maidan,28.618,77.246
2026-08-18 04:00:00,27.6,88,978.9,pragati_maidan,28.618,77.246
2026-08-18 05:00:00,27.7,86,978.8,pragati_maidan,28.618,77.246
2026-08-18 06:00:00,27.4,89,979.3,pragati_maidan,28.618,77.246
2026-08-18 07:00:00,28.3,84,980.0,pragati_maidan,28.618,77.246
2026-08-18 08:00:00,29.4,75,980.2,pragati_maidan,28.618,77.246
2026-08-18 09:00:00,30.6,71,980.8,pragati_maidan,28.618,77.246
2026-08-18 10:00:00,31.6,68,980.8,pragati_maidan,28.618,77.246
2026-08-18 11:00:00,32.5,63,981.1,pragati_maidan,28.618,77.246
2026-08-18 12:00:00,33.1,60,980.6,pragati_maidan,28.618,77.246
2026-08-18 13:00:00,33.5,59,980.1,pragati_maidan,28.618,77.246
2026-08-18 14:00:00,33.3,60,979.3,pragati_maidan,28.618,77.246
2026-08-18 15:00:00,33.1,62,978.5,pragati_maidan,28.618,77.246
2026-08-18 16:00:00,31.4,69,978.0,pragati_maidan,28.618,77.246
2026-08-18 17:00:00,33.0,60,978.2,pragati_maidan,28.618,77.246
2026-08-18 18:00:00,30.6,74,979.1,pragati_maidan,28.618,77.246
2026-08-18 19:00:00,29.2,84,979.8,pragati_maidan,28.618,77.246
2026-08-18 20:00:00,28.5,89,980.5,pragati_maidan,28.618,77.246
2026-08-18 21:00:00,26.7,88,981.1,pragati_maidan,28.618,77.246
2026-08-18 22:00:00,26.5,87,980.9,pragati_maidan,28.618,77.246
2026-08-18 23:00:00,27.6,87,980.6,pragati_maidan,28.618,77.246
2026-08-19 00:00:00,27.5,88,980.2,pragati_maidan,28.618,77.246
2026-08-19 01:00:00,27.4,89,979.7,pragati_maidan,28.618,77.246
2026-08-19 02:00:00,27.1,92,979.7,pragati_maidan,28.618,77.246
2026-08-19 03:00:00,27.0,93,979.4,pragati_maidan,28.618,77.246
2026-08-19 04:00:00,26.8,95,979.9,pragati_maidan,28.618,77.246
2026-08-19 05:00:00,28.2,93,979.2,pragati_maidan,28.618,77.246
2026-08-19 06:00:00,28.2,90,980.1,pragati_maidan,28.618,77.246
2026-08-19 07:00:00,28.7,87,980.8,pragati_maidan,28.618,77.246
2026-08-19 08:00:00,29.7,81,981.4,pragati_maidan,28.618,77.246
2026-08-19 09:00:00,30.7,74,981.7,pragati_maidan,28.618,77.246
2026-08-19 10:00:00,31.6,69,981.5,pragati_maidan,28.618,77.246
2026-08-19 11:00:00,31.7,64,981.7,pragati_maidan,28.618,77.246
2026-08-19 12:00:00,31.9,65,980.9,pragati_maidan,28.618,77.246
2026-08-19 13:00:00,32.6,63,980.5,pragati_maidan,28.618,77.246
2026-08-19 14:00:00,32.9,63,979.8,pragati_maidan,28.618,77.246
2026-08-19 15:00:00,33.0,61,979.1,pragati_maidan,28.618,77.246
2026-08-19 16:00:00,33.1,59,978.6,pragati_maidan,28.618,77.246
2026-08-19 17:00:00,28.4,87,980.1,pragati_maidan,28.618,77.246
2026-08-19 18:00:00,28.0,92,979.7,pragati_maidan,28.618,77.246
2026-08-19 19:00:00,28.4,91,980.1,pragati_maidan,28.618,77.246
2026-08-19 20:00:00,28.3,92,980.9,pragati_maidan,28.618,77.246
2026-08-19 21:00:00,28.0,93,981.4,pragati_maidan,28.618,77.246
2026-08-19 22:00:00,27.8,94,981.2,pragati_maidan,28.618,77.246
2026-08-19 23:00:00,29.2,92,981.0,pragati_maidan,28.618,77.246
2026-08-20 00:00:00,28.7,94,980.8,pragati_maidan,28.618,77.246
2026-08-20 01:00:00,28.2,92,981.0,pragati_maidan,28.618,77.246
2026-08-20 02:00:00,27.3,95,980.5,pragati_maidan,28.618,77.246
2026-08-20 03:00:00,27.1,96,980.5,pragati_maidan,28.618,77.246
2026-08-20 04:00:00,27.0,95,980.5,pragati_maidan,28.618,77.246
2026-08-20 05:00:00,27.0,96,980.5,pragati_maidan,28.618,77.246
2026-08-20 06:00:00,27.2,95,980.8,pragati_maidan,28.618,77.246
2026-08-20 07:00:00,27.7,95,981.6,pragati_maidan,28.618,77.246
2026-08-20 08:00:00,27.8,91,982.0,pragati_maidan,28.618,77.246
2026-08-20 09:00:00,28.9,81,982.6,pragati_maidan,28.618,77.246
2026-08-20 10:00:00,30.0,75,982.7,pragati_maidan,28.618,77.246
2026-08-20 11:00:00,30.8,69,982.1,pragati_maidan,28.618,77.246
2026-08-20 12:00:00,32.1,66,981.4,pragati_maidan,28.618,77.246
2026-08-20 13:00:00,32.9,62,980.7,pragati_maidan,28.618,77.246
2026-08-20 14:00:00,33.3,60,979.6,pragati_maidan,28.618,77.246
2026-08-20 15:00:00,33.5,60,979.0,pragati_maidan,28.618,77.246
2026-08-20 16:00:00,33.3,60,978.4,pragati_maidan,28.618,77.246
2026-08-20 17:00:00,29.2,91,979.0,pragati_maidan,28.618,77.246
2026-08-20 18:00:00,28.8,94,979.4,pragati_maidan,28.618,77.246
2026-08-20 19:00:00,28.3,95,979.6,pragati_maidan,28.618,77.246
2026-08-20 20:00:00,28.1,97,980.1,pragati_maidan,28.618,77.246
2026-08-20 21:00:00,28.1,97,980.5,pragati_maidan,28.618,77.246
2026-08-20 22:00:00,28.1,92,980.6,pragati_maidan,28.618,77.246
2026-08-20 23:00:00,29.8,91,980.0,pragati_maidan,28.618,77.246
2026-08-21 00:00:00,29.0,90,980.1,pragati_maidan,28.618,77.246
2026-08-21 01:00:00,28.7,88,979.6,pragati_maidan,28.618,77.246
2026-08-21 02:00:00,28.3,89,979.3,pragati_maidan,28.618,77.246
2026-08-21 03:00:00,28.2,91,979.2,pragati_maidan,28.618,77.246
2026-08-21 04:00:00,27.9,92,979.2,pragati_maidan,28.618,77.246
2026-08-21 05:00:00,27.2,95,979.4,pragati_maidan,28.618,77.246
2026-08-21 06:00:00,27.0,92,979.5,pragati_maidan,28.618,77.246
2026-08-21 07:00:00,27.7,87,980.3,pragati_maidan,28.618,77.246
2026-08-21 08:00:00,29.2,79,981.0,pragati_maidan,28.618,77.246
2026-08-21 09:00:00,30.7,71,980.9,pragati_maidan,28.618,77.246
2026-08-21 10:00:00,32.0,67,981.1,pragati_maidan,28.618,77.246
2026-08-21 11:00:00,33.2,62,980.8,pragati_maidan,28.618,77.246
2026-08-21 12:00:00,33.8,59,980.1,pragati_maidan,28.618,77.246
2026-08-21 13:00:00,33.8,58,979.3,pragati_maidan,28.618,77.246
2026-08-21 14:00:00,33.9,57,978.4,pragati_maidan,28.618,77.246
2026-08-21 15:00:00,34.0,54,977.8,pragati_maidan,28.618,77.246
2026-08-21 16:00:00,32.8,60,977.2,pragati_maidan,28.618,77.246
2026-08-21 17:00:00,32.2,67,977.3,pragati_maidan,28.618,77.246
2026-08-21 18:00:00,32.0,72,977.4,pragati_maidan,28.618,77.246
2026-08-21 19:00:00,31.3,77,978.1,pragati_maidan,28.618,77.246
2026-08-21 20:00:00,30.6,80,978.5,pragati_maidan,28.618,77.246
2026-08-21 21:00:00,30.2,83,979.1,pragati_maidan,28.618,77.246
2026-08-21 22:00:00,29.8,85,979.1,pragati_maidan,28.618,77.246
2026-08-21 23:00:00,29.0,82,979.1,pragati_maidan,28.618,77.246
2026-08-22 00:00:00,28.4,85,978.6,pragati_maidan,28.618,77.246
2026-08-22 01:00:00,27.9,87,978.6,pragati_maidan,28.618,77.246
2026-08-22 02:00:00,26.0,97,979.4,pragati_maidan,28.618,77.246
2026-08-22 03:00:00,25.3,99,978.3,pragati_maidan,28.618,77.246
2026-08-22 04:00:00,25.6,99,978.5,pragati_maidan,28.618,77.246
2026-08-22 05:00:00,26.9,93,979.2,pragati_maidan,28.618,77.246
2026-08-22 06:00:00,27.0,93,979.6,pragati_maidan,28.618,77.246
2026-08-22 07:00:00,27.9,90,980.3,pragati_maidan,28.618,77.246
2026-08-22 08:00:00,29.3,82,980.5,pragati_maidan,28.618,77.246
2026-08-22 09:00:00,30.8,71,980.6,pragati_maidan,28.618,77.246
2026-08-22 10:00:00,32.1,65,980.8,pragati_maidan,28.618,77.246
2026-08-22 11:00:00,31.8,65,980.9,pragati_maidan,28.618,77.246
2026-08-22 12:00:00,32.4,62,980.0,pragati_maidan,28.618,77.246
2026-08-22 13:00:00,33.0,60,979.2,pragati_maidan,28.618,77.246
2026-08-22 14:00:00,33.4,60,978.3,pragati_maidan,28.618,77.246
2026-08-22 15:00:00,33.2,61,977.6,pragati_maidan,28.618,77.246
2026-08-22 16:00:00,29.5,76,977.5,pragati_maidan,28.618,77.246
2026-08-22 17:00:00,31.7,68,977.8,pragati_maidan,28.618,77.246
2026-08-22 18:00:00,30.9,73,978.1,pragati_maidan,28.618,77.246
2026-08-22 19:00:00,29.4,83,978.5,pragati_maidan,28.618,77.246
2026-08-22 20:00:00,28.5,85,979.1,pragati_maidan,28.618,77.246
2026-08-22 21:00:00,28.2,85,979.6,pragati_maidan,28.618,77.246
2026-08-22 22:00:00,27.9,87,979.9,pragati_maidan,28.618,77.246
2026-08-22 23:00:00,29.1,86,980.0,pragati_maidan,28.618,77.246
2026-08-23 00:00:00,28.3,86,979.7,pragati_maidan,28.618,77.246
2026-08-23 01:00:00,28.1,86,979.6,pragati_maidan,28.618,77.246
2026-08-23 02:00:00,27.7,89,979.1,pragati_maidan,28.618,77.246
2026-08-23 03:00:00,27.4,90,979.0,pragati_maidan,28.618,77.246
2026-08-23 04:00:00,26.8,91,979.5,pragati_maidan,28.618,77.246
2026-08-23 05:00:00,26.5,93,979.9,pragati_maidan,28.618,77.246
2026-08-23 06:00:00,25.4,98,980.5,pragati_maidan,28.618,77.246
2026-08-23 07:00:00,26.4,95,980.6,pragati_maidan,28.618,77.246
2026-08-23 08:00:00,28.4,84,981.2,pragati_maidan,28.618,77.246
2026-08-23 09:00:00,29.8,73,981.9,pragati_maidan,28.618,77.246
2026-08-23 10:00:00,30.2,74,982.2,pragati_maidan,28.618,77.246
2026-08-23 11:00:00,30.8,71,982.3,pragati_maidan,28.618,77.246
2026-08-23 12:00:00,31.0,71,981.6,pragati_maidan,28.618,77.246
2026-08-23 13:00:00,32.4,65,980.6,pragati_maidan,28.618,77.246
2026-08-23 14:00:00,33.0,63,979.6,pragati_maidan,28.618,77.246
2026-08-23 15:00:00,33.1,62,978.9,pragati_maidan,28.618,77.246
2026-08-23 16:00:00,32.8,63,978.2,pragati_maidan,28.618,77.246
2026-08-23 17:00:00,32.9,64,977.9,pragati_maidan,28.618,77.246
2026-08-23 18:00:00,31.9,71,978.7,pragati_maidan,28.618,77.246
2026-08-23 19:00:00,31.2,77,979.3,pragati_maidan,28.618,77.246
2026-08-23 20:00:00,30.9,80,980.4,pragati_maidan,28.618,77.246
2026-08-23 21:00:00,30.2,83,981.1,pragati_maidan,28.618,77.246
2026-08-23 22:00:00,29.4,86,980.7,pragati_maidan,28.618,77.246
2026-08-23 23:00:00,28.7,88,981.0,pragati_maidan,28.618,77.246
2026-08-24 00:00:00,27.9,93,980.4,pragati_maidan,28.618,77.246
2026-08-24 01:00:00,27.9,93,979.9,pragati_maidan,28.618,77.246
2026-08-24 02:00:00,27.8,92,979.8,pragati_maidan,28.618,77.246
2026-08-24 03:00:00,27.5,90,979.7,pragati_maidan,28.618,77.246
2026-08-24 04:00:00,25.7,95,980.7,pragati_maidan,28.618,77.246
2026-08-24 05:00:00,26.7,90,980.4,pragati_maidan,28.618,77.246
2026-08-24 06:00:00,25.8,96,980.9,pragati_maidan,28.618,77.246
2026-08-24 07:00:00,26.2,95,981.2,pragati_maidan,28.618,77.246
2026-08-24 08:00:00,27.2,91,981.2,pragati_maidan,28.618,77.246
2026-08-24 09:00:00,28.6,85,981.4,pragati_maidan,28.618,77.246
2026-08-24 10:00:00,30.7,75,981.5,pragati_maidan,28.618,77.246
2026-08-24 11:00:00,29.9,74,981.8,pragati_maidan,28.618,77.246
2026-08-24 12:00:00,30.2,71,981.4,pragati_maidan,28.618,77.246
2026-08-24 13:00:00,30.8,69,980.6,pragati_maidan,28.618,77.246
2026-08-24 14:00:00,31.7,65,979.6,pragati_maidan,28.618,77.246
2026-08-24 15:00:00,32.1,63,978.8,pragati_maidan,28.618,77.246
2026-08-24 16:00:00,32.0,64,978.6,pragati_maidan,28.618,77.246
2026-08-24 17:00:00,31.5,70,978.4,pragati_maidan,28.618,77.246
2026-08-24 18:00:00,31.1,76,978.8,pragati_maidan,28.618,77.246
2026-08-24 19:00:00,30.7,78,979.5,pragati_maidan,28.618,77.246
2026-08-24 20:00:00,30.2,82,980.3,pragati_maidan,28.618,77.246
2026-08-24 21:00:00,29.4,85,981.1,pragati_maidan,28.618,77.246
2026-08-24 22:00:00,28.8,88,980.9,pragati_maidan,28.618,77.246
2026-08-24 23:00:00,28.8,88,980.4,pragati_maidan,28.618,77.246
2026-08-25 00:00:00,28.4,91,980.4,pragati_maidan,28.618,77.246
2026-08-25 01:00:00,28.1,92,980.1,pragati_maidan,28.618,77.246
2026-08-25 02:00:00,28.1,93,979.9,pragati_maidan,28.618,77.246
2026-08-25 03:00:00,28.0,93,980.0,pragati_maidan,28.618,77.246
2026-08-25 04:00:00,27.9,94,980.1,pragati_maidan,28.618,77.246
2026-08-25 05:00:00,26.1,97,980.5,pragati_maidan,28.618,77.246
2026-08-25 06:00:00,26.4,97,981.2,pragati_maidan,28.618,77.246
2026-08-25 07:00:00,26.8,97,981.1,pragati_maidan,28.618,77.246
2026-08-25 08:00:00,27.4,93,981.6,pragati_maidan,28.618,77.246
2026-08-25 09:00:00,28.9,86,981.9,pragati_maidan,28.618,77.246
2026-08-25 10:00:00,30.2,79,982.2,pragati_maidan,28.618,77.246
2026-08-25 11:00:00,31.5,66,982.0,pragati_maidan,28.618,77.246
2026-08-25 12:00:00,31.8,64,981.6,pragati_maidan,28.618,77.246
2026-08-25 13:00:00,32.4,63,980.9,pragati_maidan,28.618,77.246
2026-08-25 14:00:00,32.6,62,980.0,pragati_maidan,28.618,77.246
2026-08-25 15:00:00,32.7,62,979.4,pragati_maidan,28.618,77.246
2026-08-25 16:00:00,32.6,63,979.0,pragati_maidan,28.618,77.246
2026-08-25 17:00:00,28.4,92,979.6,pragati_maidan,28.618,77.246
2026-08-25 18:00:00,28.8,90,979.9,pragati_maidan,28.618,77.246
2026-08-25 19:00:00,28.7,91,980.0,pragati_maidan,28.618,77.246
2026-08-25 20:00:00,28.8,91,980.8,pragati_maidan,28.618,77.246
2026-08-25 21:00:00,28.5,93,981.1,pragati_maidan,28.618,77.246
2026-08-25 22:00:00,28.1,93,980.9,pragati_maidan,28.618,77.246
2026-08-25 23:00:00,28.3,91,981.0,pragati_maidan,28.618,77.246
