timestamp,station_id,temperature,pressure,humidity,lat,lon,is_fallback
2026-09-02 20:30:00,igi_airport,27.9,978.2,83.0,28.5562,77.1,False
2026-09-02 20:30:00,lodhi_road,27.6,980.8,83.0,28.5913,77.2273,False
2026-09-02 20:30:00,red_fort,27.5,980.3,85.0,28.6562,77.241,False
2026-09-02 20:30:00,qutab_minar,27.5,976.7,84.0,28.5245,77.1855,False
2026-09-02 20:30:00,chandni_chowk,27.5,979.1,85.0,28.6506,77.2303,False
2026-09-02 20:30:00,akshardham,27.5,981.1,85.0,28.6127,77.2773,False
2026-09-02 20:30:00,lotus_temple,27.5,978.2,85.0,28.5535,77.2588,False
2026-09-02 20:30:00,delhi_university,27.3,980.0,85.0,28.6892,77.2106,False
2026-09-02 20:30:00,ndls,27.6,980.1,83.0,28.643,77.2194,False
2026-09-02 20:30:00,pragati_maidan,27.5,981.3,85.0,28.618,77.246,False
2026-09-02 20:30:00,igi_airport,27.9,978.2,83.0,28.5562,77.1,False
2026-09-02 20:30:00,lodhi_road,27.6,980.8,83.0,28.5913,77.2273,False
2026-09-02 20:30:00,red_fort,27.5,980.3,85.0,28.6562,77.241,False
2026-09-02 20:30:00,qutab_minar,27.5,976.7,84.0,28.5245,77.1855,False
2026-09-02 20:30:00,chandni_chowk,27.5,979.1,85.0,28.6506,77.2303,False
2026-09-02 20:30:00,akshardham,27.5,981.1,85.0,28.6127,77.2773,False
2026-09-02 20:30:00,lotus_temple,27.5,978.2,85.0,28.5535,77.2588,False
2026-09-02 20:30:00,delhi_university,27.3,980.0,85.0,28.6892,77.2106,False
2026-09-02 20:30:00,ndls,27.6,980.1,83.0,28.643,77.2194,False
2026-09-02 20:30:00,pragati_maidan,27.5,981.3,85.0,28.618,77.246,False
2026-09-03 20:41:36.221888,igi_airport,28.4,977.5,82.0,28.5562,77.1,False
2026-09-03 20:41:36.243745,lodhi_road,28.0,979.9,85.0,28.5918,77.2273,False
2026-09-03 20:41:36.220894,red_fort,28.7,979.6,82.0,28.6562,77.241,False
2026-09-03 20:41:36.220894,qutab_minar,27.6,976.0,86.0,28.5245,77.1855,False
2026-09-03 20:41:36.219892,chandni_chowk,28.7,978.4,82.0,28.6506,77.2303,False
2026-09-03 20:41:36.218877,akshardham,28.7,980.4,82.0,28.6127,77.2773,False
2026-09-03 20:41:36.221888,lotus_temple,28.1,977.5,86.0,28.5535,77.2588,False
2026-09-03 20:41:36.220894,delhi_university,28.8,979.7,80.0,28.6904,77.2066,False
2026-09-03 20:41:36.219892,ndls,28.8,979.3,80.0,28.643,77.2194,False
2026-09-03 20:41:36.295223,pragati_maidan,28.7,980.4,82.0,28.6172,77.2485,False
2026-09-03 20:41:37.390291,igi_airport,46.9,977.5,82.0,28.5562,77.1,False
2026-09-03 20:41:37.390291,lodhi_road,28.0,979.9,85.0,28.5918,77.2273,False
2026-09-03 20:41:37.230152,red_fort,42.0,979.6,98.0,28.6562,77.241,False
2026-09-03 20:41:37.230152,qutab_minar,27.6,976.0,86.0,28.5245,77.1855,False
2026-09-03 20:41:37.237197,chandni_chowk,28.7,978.4,82.0,28.6506,77.2303,False
2026-09-03 20:41:37.390291,akshardham,28.7,980.4,82.0,28.6127,77.2773,False
2026-09-03 20:41:37.230152,lotus_temple,28.1,977.5,86.0,28.5535,77.2588,False
2026-09-03 20:41:37.230152,delhi_university,28.8,979.7,80.0,28.6904,77.2066,False
2026-09-03 20:41:37.230152,ndls,28.8,979.3,80.0,28.643,77.2194,False
2026-09-03 20:41:37.684178,pragati_maidan,28.7,980.4,82.0,28.6172,77.2485,False
2026-09-03 20:42:57.769427,igi_airport,28.4,977.5,82.0,28.5562,77.1,False
2026-09-03 20:42:57.470433,lodhi_road,28.0,979.9,85.0,28.5918,77.2273,False
2026-09-03 20:42:57.600575,red_fort,28.7,979.6,82.0,28.6562,77.241,False
2026-09-03 20:42:57.600575,qutab_minar,27.6,976.0,86.0,28.5245,77.1855,False
2026-09-03 20:42:57.486434,chandni_chowk,28.7,978.4,82.0,28.6506,77.2303,False
2026-09-03 20:42:57.601809,akshardham,28.7,980.4,82.0,28.6127,77.2773,False
2026-09-03 20:42:57.894456,lotus_temple,28.1,977.5,86.0,28.5535,77.2588,False
2026-09-03 20:42:57.601809,delhi_university,28.8,979.7,80.0,28.6904,77.2066,False
2026-09-03 20:42:57.784430,ndls,28.8,979.3,80.0,28.643,77.2194,False
2026-09-03 20:42:57.600575,pragati_maidan,28.7,980.4,82.0,28.6172,77.2485,False
2026-09-03 20:42:59.052652,igi_airport,46.9,977.5,82.0,28.5562,77.1,False
2026-09-03 20:42:58.724995,lodhi_road,28.0,979.9,85.0,28.5918,77.2273,False
2026-09-03 20:42:58.768674,red_fort,42.0,979.6,98.0,28.6562,77.241,False
2026-09-03 20:42:58.904801,qutab_minar,27.6,976.0,86.0,28.5245,77.1855,False
2026-09-03 20:42:58.769974,chandni_chowk,28.7,978.4,82.0,28.6506,77.2303,False
2026-09-03 20:42:58.798692,akshardham,28.7,980.4,82.0,28.6127,77.2773,False
2026-09-03 20:42:58.796684,lotus_temple,28.1,977.5,86.0,28.5535,77.2588,False
2026-09-03 20:42:58.768674,delhi_university,28.8,979.7,80.0,28.6904,77.2066,False
2026-09-03 20:42:58.769974,ndls,28.8,979.3,80.0,28.643,77.2194,False
2026-09-03 20:42:58.768674,pragati_maidan,28.7,980.4,82.0,28.6172,77.2485,False
2026-09-03 20:43:21.587212,igi_airport,28.4,977.5,82.0,28.5562,77.1,False
2026-09-03 20:43:21.615720,lodhi_road,28.0,979.9,85.0,28.5918,77.2273,False
2026-09-03 20:43:21.604344,red_fort,28.7,979.6,82.0,28.6562,77.241,False
2026-09-03 20:43:21.587212,qutab_minar,27.6,976.0,86.0,28.5245,77.1855,False
2026-09-03 20:43:21.663410,chandni_chowk,28.7,978.4,82.0,28.6506,77.2303,False
2026-09-03 20:43:21.584138,akshardham,28.7,980.4,82.0,28.6127,77.2773,False
2026-09-03 20:43:21.665508,lotus_temple,28.1,977.5,86.0,28.5535,77.2588,False
2026-09-03 20:43:21.693295,delhi_university,28.8,979.7,80.0,28.6904,77.2066,False
2026-09-03 20:43:21.637523,ndls,28.8,979.3,80.0,28.643,77.2194,False
2026-09-03 20:43:21.665508,pragati_maidan,28.7,980.4,82.0,28.6172,77.2485,False
2026-09-03 20:43:23.819362,igi_airport,28.4,977.5,82.0,28.5562,77.1,False
2026-09-03 20:43:23.861458,lodhi_road,28.0,979.9,85.0,28.5918,77.2273,False
2026-09-03 20:43:23.538584,red_fort,28.7,979.6,82.0,28.6562,77.241,False
2026-09-03 20:43:23.317345,qutab_minar,27.6,976.0,86.0,28.5245,77.1855,False
2026-09-03 20:43:23.538584,chandni_chowk,28.7,978.4,82.0,28.6506,77.2303,False
2026-09-03 20:43:23.819362,akshardham,28.7,980.4,82.0,28.6127,77.2773,False
2026-09-03 20:43:23.317345,lotus_temple,28.1,977.5,86.0,28.5535,77.2588,False
2026-09-03 20:43:23.538584,delhi_university,28.8,979.7,80.0,28.6904,77.2066,False
2026-09-03 20:43:23.990527,ndls,28.8,979.3,80.0,28.643,77.2194,False
2026-09-03 20:43:23.819362,pragati_maidan,28.7,980.4,82.0,28.6172,77.2485,False
2026-09-03 20:43:26.204512,igi_airport,28.4,977.5,82.0,28.5562,77.1,False
2026-09-03 20:43:25.797964,lodhi_road,28.0,979.9,85.0,28.5918,77.2273,False
2026-09-03 20:43:26.435399,red_fort,28.7,979.6,82.0,28.6562,77.241,False
2026-09-03 20:43:25.785946,qutab_minar,27.6,976.0,86.0,28.5245,77.1855,False
2026-09-03 20:43:25.606315,chandni_chowk,28.7,978.4,82.0,28.6506,77.2303,False
2026-09-03 20:43:25.785946,akshardham,28.7,980.4,82.0,28.6127,77.2773,False
2026-09-03 20:43:26.197515,lotus_temple,28.1,977.5,86.0,28.5535,77.2588,False
2026-09-03 20:43:26.320031,delhi_university,28.8,979.7,80.0,28.6904,77.2066,False
2026-09-03 20:43:25.799962,ndls,28.8,979.3,80.0,28.643,77.2194,False
2026-09-03 20:43:25.803966,pragati_maidan,28.7,980.4,82.0,28.6172,77.2485,False
2026-09-03 20:43:27.717457,igi_airport,46.9,977.5,82.0,28.5562,77.1,False
2026-09-03 20:43:27.722512,lodhi_road,28.0,979.9,85.0,28.5918,77.2273,False
2026-09-03 20:43:27.841285,red_fort,28.7,979.6,82.0,28.6562,77.241,False
2026-09-03 20:43:27.963471,qutab_minar,27.6,976.0,86.0,28.5245,77.1855,False
2026-09-03 20:43:27.717457,chandni_chowk,28.7,978.4,82.0,28.6506,77.2303,False
2026-09-03 20:43:27.723470,akshardham,28.7,980.4,82.0,28.6127,77.2773,False
2026-09-03 20:43:27.842286,lotus_temple,28.1,977.5,86.0,28.5535,77.2588,False
2026-09-03 20:43:27.842286,delhi_university,28.8,979.7,80.0,28.6904,77.2066,False
2026-09-03 20:43:27.718569,ndls,28.8,979.3,80.0,28.643,77.2194,False
2026-09-03 20:43:27.842286,pragati_maidan,28.7,980.4,82.0,28.6172,77.2485,False
2026-09-03 20:43:29.410251,igi_airport,28.4,977.5,82.0,28.5562,77.1,False
2026-09-03 20:43:29.026903,lodhi_road,46.5,979.9,85.0,28.5918,77.2273,False
2026-09-03 20:43:29.340883,red_fort,28.7,979.6,82.0,28.6562,77.241,False
2026-09-03 20:43:29.026903,qutab_minar,27.6,976.0,86.0,28.5245,77.1855,False
2026-09-03 20:43:29.027914,chandni_chowk,28.7,978.4,82.0,28.6506,77.2303,False
2026-09-03 20:43:29.027914,akshardham,28.7,980.4,82.0,28.6127,77.2773,False
2026-09-03 20:43:29.027914,lotus_temple,28.1,977.5,86.0,28.5535,77.2588,False
2026-09-03 20:43:29.026903,delhi_university,28.8,979.7,80.0,28.6904,77.2066,False
2026-09-03 20:43:29.026903,ndls,28.8,979.3,80.0,28.643,77.2194,False
2026-09-03 20:43:29.027914,pragati_maidan,28.7,980.4,82.0,28.6172,77.2485,False
2026-09-03 20:43:30.524114,igi_airport,28.4,977.5,82.0,28.5562,77.1,False
2026-09-03 20:43:30.539774,lodhi_road,28.0,979.9,85.0,28.5918,77.2273,False
2026-09-03 20:43:30.544074,red_fort,47.2,979.6,82.0,28.6562,77.241,False
2026-09-03 20:43:30.524114,qutab_minar,27.6,976.0,86.0,28.5245,77.1855,False
2026-09-03 20:43:30.533713,chandni_chowk,28.7,978.4,82.0,28.6506,77.2303,False
2026-09-03 20:43:30.606090,akshardham,28.7,980.4,82.0,28.6127,77.2773,False
2026-09-03 20:43:30.414696,lotus_temple,28.1,977.5,86.0,28.5535,77.2588,False
2026-09-03 20:43:30.524114,delhi_university,28.8,979.7,80.0,28.6904,77.2066,False
2026-09-03 20:43:30.349649,ndls,28.8,979.3,80.0,28.643,77.2194,False
2026-09-03 20:43:30.922554,pragati_maidan,28.7,980.4,82.0,28.6172,77.2485,False
2026-09-03 20:43:31.811233,igi_airport,28.4,977.5,82.0,28.5562,77.1,False
2026-09-03 20:43:32.373628,lodhi_road,28.0,979.9,85.0,28.5918,77.2273,False
2026-09-03 20:43:32.280170,red_fort,28.7,979.6,82.0,28.6562,77.241,False
2026-09-03 20:43:32.278180,qutab_minar,46.1,976.0,86.0,28.5245,77.1855,False
2026-09-03 20:43:31.795623,chandni_chowk,28.7,978.4,82.0,28.6506,77.2303,False
2026-09-03 20:43:31.978432,akshardham,28.7,980.4,82.0,28.6127,77.2773,False
2026-09-03 20:43:31.975432,lotus_temple,28.1,977.5,86.0,28.5535,77.2588,False
2026-09-03 20:43:32.280170,delhi_university,28.8,979.7,80.0,28.6904,77.2066,False
2026-09-03 20:43:32.286302,ndls,28.8,979.3,80.0,28.643,77.2194,False
2026-09-03 20:43:31.907140,pragati_maidan,28.7,980.4,82.0,28.6172,77.2485,False
2026-09-03 20:43:33.590789,igi_airport,28.4,977.5,82.0,28.5562,77.1,False
2026-09-03 20:43:33.481290,lodhi_road,28.0,979.9,85.0,28.5918,77.2273,False
2026-09-03 20:43:33.661467,red_fort,28.7,979.6,82.0,28.6562,77.241,False
2026-09-03 20:43:33.656370,qutab_minar,27.6,976.0,86.0,28.5245,77.1855,False
2026-09-03 20:43:33.407218,chandni_chowk,47.2,978.4,82.0,28.6506,77.2303,False
2026-09-03 20:43:37.541561,akshardham,28.7,980.4,82.0,28.6127,77.2773,False
2026-09-03 20:43:33.408429,lotus_temple,28.1,977.5,86.0,28.5535,77.2588,False
2026-09-03 20:43:33.407218,delhi_university,28.8,979.7,80.0,28.6904,77.2066,False
2026-09-03 20:43:33.587787,ndls,28.8,979.3,80.0,28.643,77.2194,False
2026-09-03 20:43:33.407218,pragati_maidan,28.7,980.4,82.0,28.6172,77.2485,False
2026-09-03 20:43:39.025162,igi_airport,28.4,977.5,82.0,28.5562,77.1,False
2026-09-03 20:43:38.660287,lodhi_road,28.0,979.9,85.0,28.5918,77.2273,False
2026-09-03 20:43:38.725873,red_fort,28.7,979.6,82.0,28.6562,77.241,False
2026-09-03 20:43:38.874494,qutab_minar,27.6,976.0,86.0,28.5245,77.1855,False
2026-09-03 20:43:39.015285,chandni_chowk,28.7,978.4,82.0,28.6506,77.2303,False
2026-09-03 20:43:38.845414,akshardham,47.2,980.4,82.0,28.6127,77.2773,False
2026-09-03 20:43:38.847765,lotus_temple,28.1,977.5,86.0,28.5535,77.2588,False
2026-09-03 20:43:38.845414,delhi_university,28.8,979.7,80.0,28.6904,77.2066,False
2026-09-03 20:43:38.845414,ndls,28.8,979.3,80.0,28.643,77.2194,False
2026-09-03 20:43:38.847765,pragati_maidan,28.7,980.4,82.0,28.6172,77.2485,False
2026-09-03 20:43:40.438957,igi_airport,28.4,977.5,82.0,28.5562,77.1,False
2026-09-03 20:43:40.095890,lodhi_road,28.0,979.9,85.0,28.5918,77.2273,False
2026-09-03 20:43:40.095890,red_fort,28.7,979.6,82.0,28.6562,77.241,False
2026-09-03 20:43:40.095890,qutab_minar,27.6,976.0,86.0,28.5245,77.1855,False
2026-09-03 20:43:40.095890,chandni_chowk,28.7,978.4,82.0,28.6506,77.2303,False
2026-09-03 20:43:40.138018,akshardham,28.7,980.4,82.0,28.6127,77.2773,False
2026-09-03 20:43:40.095890,lotus_temple,46.6,977.5,86.0,28.5535,77.2588,False
2026-09-03 20:43:40.095890,delhi_university,28.8,979.7,80.0,28.6904,77.2066,False
2026-09-03 20:43:40.095890,ndls,28.8,979.3,80.0,28.643,77.2194,False
2026-09-03 20:43:40.265414,pragati_maidan,28.7,980.4,82.0,28.6172,77.2485,False
2026-09-03 20:43:43.462889,igi_airport,28.4,977.5,82.0,28.5562,77.1,False
2026-09-03 20:43:42.079191,lodhi_road,28.0,979.9,85.0,28.5918,77.2273,False
2026-09-03 20:43:41.983887,red_fort,28.7,979.6,82.0,28.6562,77.241,False
2026-09-03 20:43:41.664008,qutab_minar,27.6,976.0,86.0,28.5245,77.1855,False
2026-09-03 20:43:41.955063,chandni_chowk,28.7,978.4,82.0,28.6506,77.2303,False
2026-09-03 20:43:41.664008,akshardham,28.7,980.4,82.0,28.6127,77.2773,False
2026-09-03 20:43:41.771591,lotus_temple,28.1,977.5,86.0,28.5535,77.2588,False
2026-09-03 20:43:41.386693,delhi_university,47.3,979.7,80.0,28.6904,77.2066,False
2026-09-03 20:43:41.385663,ndls,28.8,979.3,80.0,28.643,77.2194,False
2026-09-03 20:43:41.385663,pragati_maidan,28.7,980.4,82.0,28.6172,77.2485,False
2026-09-03 20:43:45.243886,igi_airport,28.4,977.5,82.0,28.5562,77.1,False
2026-09-03 20:43:44.881429,lodhi_road,28.0,979.9,85.0,28.5918,77.2273,False
2026-09-03 20:43:48.742326,red_fort,28.7,979.6,82.0,28.6562,77.241,False
2026-09-03 20:43:48.742326,qutab_minar,27.6,976.0,86.0,28.5245,77.1855,False
2026-09-03 20:43:48.187942,chandni_chowk,28.7,978.4,82.0,28.6506,77.2303,False
2026-09-03 20:43:48.742326,akshardham,28.7,980.4,82.0,28.6127,77.2773,False
2026-09-03 20:43:44.686281,lotus_temple,28.1,977.5,86.0,28.5535,77.2588,False
2026-09-03 20:43:44.869269,delhi_university,28.8,979.7,80.0,28.6904,77.2066,False
2026-09-03 20:43:44.841902,ndls,47.3,979.3,80.0,28.643,77.2194,False
2026-09-03 20:43:44.876430,pragati_maidan,28.7,980.4,82.0,28.6172,77.2485,False
2026-09-03 20:43:49.920500,igi_airport,28.4,977.5,82.0,28.5562,77.1,False
2026-09-03 20:43:53.937921,lodhi_road,28.0,979.9,85.0,28.5918,77.2273,False
2026-09-03 20:43:53.937921,red_fort,28.7,979.6,82.0,28.6562,77.241,False
2026-09-03 20:43:50.728566,qutab_minar,27.6,976.0,86.0,28.5245,77.1855,False
2026-09-03 20:43:50.011051,chandni_chowk,28.7,978.4,82.0,28.6506,77.2303,False
2026-09-03 20:43:50.027593,akshardham,28.7,980.4,82.0,28.6127,77.2773,False
2026-09-03 20:43:50.286585,lotus_temple,28.1,977.5,86.0,28.5535,77.2588,False
2026-09-03 20:43:49.809115,delhi_university,28.8,979.7,80.0,28.6904,77.2066,False
2026-09-03 20:43:50.927761,ndls,28.8,979.3,80.0,28.643,77.2194,False
2026-09-03 20:43:49.920500,pragati_maidan,47.2,980.4,82.0,28.6172,77.2485,False
2026-09-03 20:43:54.806103,igi_airport,46.9,977.5,82.0,28.5562,77.1,False
2026-09-03 20:43:54.939922,lodhi_road,28.0,979.9,85.0,28.5918,77.2273,False
2026-09-03 20:43:55.610100,red_fort,28.7,979.6,82.0,28.6562,77.241,False
2026-09-03 20:43:54.939922,qutab_minar,27.6,976.0,86.0,28.5245,77.1855,False
2026-09-03 20:43:55.472578,chandni_chowk,28.7,978.4,82.0,28.6506,77.2303,False
2026-09-03 20:43:54.805105,akshardham,28.7,980.4,82.0,28.6127,77.2773,False
2026-09-03 20:43:55.047920,lotus_temple,28.1,977.5,86.0,28.5535,77.2588,False
2026-09-03 20:43:54.793813,delhi_university,28.8,979.7,80.0,28.6904,77.2066,False
2026-09-03 20:43:54.793813,ndls,28.8,979.3,80.0,28.643,77.2194,False
2026-09-03 20:43:54.939922,pragati_maidan,28.7,980.4,82.0,28.6172,77.2485,False
2026-09-03 20:43:56.537544,igi_airport,28.4,977.5,82.0,28.5562,77.1,False
2026-09-03 20:43:56.504977,lodhi_road,46.5,979.9,85.0,28.5918,77.2273,False
2026-09-03 20:43:56.505980,red_fort,28.7,979.6,82.0,28.6562,77.241,False
2026-09-03 20:43:56.550571,qutab_minar,27.6,976.0,86.0,28.5245,77.1855,False
2026-09-03 20:43:56.558097,chandni_chowk,28.7,978.4,82.0,28.6506,77.2303,False
2026-09-03 20:43:56.558097,akshardham,28.7,980.4,82.0,28.6127,77.2773,False
2026-09-03 20:43:56.579154,lotus_temple,28.1,977.5,86.0,28.5535,77.2588,False
2026-09-03 20:43:56.516507,delhi_university,28.8,979.7,80.0,28.6904,77.2066,False
2026-09-03 20:43:56.541546,ndls,28.8,979.3,80.0,28.643,77.2194,False
2026-09-03 20:43:56.575131,pragati_maidan,28.7,980.4,82.0,28.6172,77.2485,False
2026-09-03 20:43:57.982745,igi_airport,28.4,977.5,82.0,28.5562,77.1,False
2026-09-03 20:43:57.799329,lodhi_road,28.0,979.9,85.0,28.5918,77.2273,False
2026-09-03 20:43:58.452713,red_fort,47.2,979.6,82.0,28.6562,77.241,False
2026-09-03 20:43:57.502087,qutab_minar,27.6,976.0,86.0,28.5245,77.1855,False
2026-09-03 20:43:57.462578,chandni_chowk,28.7,978.4,82.0,28.6506,77.2303,False
2026-09-03 20:43:57.461556,akshardham,28.7,980.4,82.0,28.6127,77.2773,False
2026-09-03 20:43:57.462578,lotus_temple,28.1,977.5,86.0,28.5535,77.2588,False
2026-09-03 20:43:57.500094,delhi_university,28.8,979.7,80.0,28.6904,77.2066,False
2026-09-03 20:43:57.475625,ndls,28.8,979.3,80.0,28.643,77.2194,False
2026-09-03 20:43:57.534965,pragati_maidan,28.7,980.4,82.0,28.6172,77.2485,False
2026-09-03 20:43:59.788545,igi_airport,28.4,977.5,82.0,28.5562,77.1,False
2026-09-03 20:44:00.855393,lodhi_road,28.0,979.9,85.0,28.5918,77.2273,False
2026-09-03 20:44:00.419722,red_fort,28.7,979.6,82.0,28.6562,77.241,False
2026-09-03 20:43:59.677687,qutab_minar,46.1,976.0,86.0,28.5245,77.1855,False
2026-09-03 20:43:59.864956,chandni_chowk,28.7,978.4,82.0,28.6506,77.2303,False
2026-09-03 20:43:59.787544,akshardham,28.7,980.4,82.0,28.6127,77.2773,False
2026-09-03 20:43:59.787544,lotus_temple,28.1,977.5,86.0,28.5535,77.2588,False
2026-09-03 20:43:59.788545,delhi_university,28.8,979.7,80.0,28.6904,77.2066,False
2026-09-03 20:44:01.593351,ndls,28.8,979.3,80.0,28.643,77.2194,False
2026-09-03 20:43:59.788545,pragati_maidan,28.7,980.4,82.0,28.6172,77.2485,False
2026-09-03 20:44:07.090263,igi_airport,28.4,977.5,82.0,28.5562,77.1,False
2026-09-03 20:44:03.428056,lodhi_road,28.0,979.9,85.0,28.5918,77.2273,False
2026-09-03 20:44:02.744585,red_fort,28.7,979.6,82.0,28.6562,77.241,False
2026-09-03 20:44:03.428056,qutab_minar,27.6,976.0,86.0,28.5245,77.1855,False
2026-09-03 20:44:06.770808,chandni_chowk,47.2,978.4,82.0,28.6506,77.2303,False
2026-09-03 20:44:03.549176,akshardham,28.7,980.4,82.0,28.6127,77.2773,False
2026-09-03 20:44:03.314607,lotus_temple,28.1,977.5,86.0,28.5535,77.2588,False
2026-09-03 20:44:02.957582,delhi_university,28.8,979.7,80.0,28.6904,77.2066,False
2026-09-03 20:44:06.771799,ndls,28.8,979.3,80.0,28.643,77.2194,False
2026-09-03 20:44:02.744073,pragati_maidan,28.7,980.4,82.0,28.6172,77.2485,False
2026-09-03 20:44:10.608626,igi_airport,28.4,977.5,82.0,28.5562,77.1,False
2026-09-03 20:44:09.040860,lodhi_road,28.0,979.9,85.0,28.5918,77.2273,False
2026-09-03 20:44:09.040860,red_fort,28.7,979.6,82.0,28.6562,77.241,False
2026-09-03 20:44:10.294310,qutab_minar,27.6,976.0,86.0,28.5245,77.1855,False
2026-09-03 20:44:09.040860,chandni_chowk,28.7,978.4,82.0,28.6506,77.2303,False
2026-09-03 20:44:08.821946,akshardham,47.2,980.4,82.0,28.6127,77.2773,False
2026-09-03 20:44:08.712195,lotus_temple,28.1,977.5,86.0,28.5535,77.2588,False
2026-09-03 20:44:08.385058,delhi_university,28.8,979.7,80.0,28.6904,77.2066,False
2026-09-03 20:44:09.784107,ndls,28.8,979.3,80.0,28.643,77.2194,False
2026-09-03 20:44:10.866371,pragati_maidan,28.7,980.4,82.0,28.6172,77.2485,False
2026-09-03 20:44:13.029663,igi_airport,28.4,977.5,82.0,28.5562,77.1,False
2026-09-03 20:44:13.186179,lodhi_road,28.0,979.9,85.0,28.5918,77.2273,False
2026-09-03 20:44:12.842372,red_fort,28.7,979.6,82.0,28.6562,77.241,False
2026-09-03 20:44:12.840262,qutab_minar,27.6,976.0,86.0,28.5245,77.1855,False
2026-09-03 20:44:12.840262,chandni_chowk,28.7,978.4,82.0,28.6506,77.2303,False
2026-09-03 20:44:12.840262,akshardham,28.7,980.4,82.0,28.6127,77.2773,False
2026-09-03 20:44:12.840262,lotus_temple,46.6,977.5,86.0,28.5535,77.2588,False
2026-09-03 20:44:13.664939,delhi_university,28.8,979.7,80.0,28.6904,77.2066,False
2026-09-03 20:44:12.842372,ndls,28.8,979.3,80.0,28.643,77.2194,False
2026-09-03 20:44:13.205163,pragati_maidan,28.7,980.4,82.0,28.6172,77.2485,False
2026-09-03 20:44:14.728760,igi_airport,28.4,977.5,82.0,28.5562,77.1,False
2026-09-03 20:44:14.561694,lodhi_road,28.0,979.9,85.0,28.5918,77.2273,False
2026-09-03 20:44:14.597694,red_fort,28.7,979.6,82.0,28.6562,77.241,False
2026-09-03 20:44:14.572700,qutab_minar,27.6,976.0,86.0,28.5245,77.1855,False
2026-09-03 20:44:14.610694,chandni_chowk,28.7,978.4,82.0,28.6506,77.2303,False
2026-09-03 20:44:14.552599,akshardham,28.7,980.4,82.0,28.6127,77.2773,False
2026-09-03 20:44:15.296740,lotus_temple,28.1,977.5,86.0,28.5535,77.2588,False
2026-09-03 20:44:14.545603,delhi_university,47.3,979.7,80.0,28.6904,77.2066,False
2026-09-03 20:44:14.552599,ndls,28.8,979.3,80.0,28.643,77.2194,False
2026-09-03 20:44:14.603693,pragati_maidan,28.7,980.4,82.0,28.6172,77.2485,False
2026-09-03 20:44:16.271672,igi_airport,28.4,977.5,82.0,28.5562,77.1,False
2026-09-03 20:44:16.255651,lodhi_road,28.0,979.9,85.0,28.5918,77.2273,False
2026-09-03 20:44:16.248276,red_fort,28.7,979.6,82.0,28.6562,77.241,False
2026-09-03 20:44:16.316743,qutab_minar,27.6,976.0,86.0,28.5245,77.1855,False
2026-09-03 20:44:16.279230,chandni_chowk,28.7,978.4,82.0,28.6506,77.2303,False
2026-09-03 20:44:16.277218,akshardham,28.7,980.4,82.0,28.6127,77.2773,False
2026-09-03 20:44:16.259922,lotus_temple,28.1,977.5,86.0,28.5535,77.2588,False
2026-09-03 20:44:16.309227,delhi_university,28.8,979.7,80.0,28.6904,77.2066,False
2026-09-03 20:44:16.270437,ndls,47.3,979.3,80.0,28.643,77.2194,False
2026-09-03 20:44:16.341601,pragati_maidan,28.7,980.4,82.0,28.6172,77.2485,False
2026-09-03 20:44:17.217659,igi_airport,28.4,977.5,82.0,28.5562,77.1,False
2026-09-03 20:44:17.231689,lodhi_road,28.0,979.9,85.0,28.5918,77.2273,False
2026-09-03 20:44:17.390447,red_fort,28.7,979.6,82.0,28.6562,77.241,False
2026-09-03 20:44:17.231689,qutab_minar,27.6,976.0,86.0,28.5245,77.1855,False
2026-09-03 20:44:17.652578,chandni_chowk,28.7,978.4,82.0,28.6506,77.2303,False
2026-09-03 20:44:17.261650,akshardham,28.7,980.4,82.0,28.6127,77.2773,False
2026-09-03 20:44:17.221666,lotus_temple,28.1,977.5,86.0,28.5535,77.2588,False
2026-09-03 20:44:17.205669,delhi_university,28.8,979.7,80.0,28.6904,77.2066,False
2026-09-03 20:44:17.233932,ndls,28.8,979.3,80.0,28.643,77.2194,False
2026-09-03 20:44:17.259658,pragati_maidan,47.2,980.4,82.0,28.6172,77.2485,False
2026-09-03 20:44:19.185888,igi_airport,,,,28.5562,77.1,False
2026-09-03 20:44:18.736882,lodhi_road,28.0,979.9,85.0,28.5918,77.2273,False
2026-09-03 20:44:18.923964,red_fort,28.7,979.6,82.0,28.6562,77.241,False
2026-09-03 20:44:18.849710,qutab_minar,27.6,976.0,86.0,28.5245,77.1855,False
2026-09-03 20:44:18.849710,chandni_chowk,28.7,978.4,82.0,28.6506,77.2303,False
2026-09-03 20:44:19.246516,akshardham,28.7,980.4,82.0,28.6127,77.2773,False
2026-09-03 20:44:18.849710,lotus_temple,28.1,977.5,86.0,28.5535,77.2588,False
2026-09-03 20:44:18.849710,delhi_university,28.8,979.7,80.0,28.6904,77.2066,False
2026-09-03 20:44:22.844059,ndls,28.8,979.3,80.0,28.643,77.2194,False
2026-09-03 20:44:18.849710,pragati_maidan,28.7,980.4,82.0,28.6172,77.2485,False
2026-09-03 20:44:24.213322,igi_airport,28.4,977.5,82.0,28.5562,77.1,False
2026-09-03 20:44:24.394105,lodhi_road,,,,28.5918,77.2273,False
2026-09-03 20:44:24.389995,red_fort,28.7,979.6,82.0,28.6562,77.241,False
2026-09-03 20:44:24.386005,qutab_minar,27.6,976.0,86.0,28.5245,77.1855,False
2026-09-03 20:44:24.397998,chandni_chowk,28.7,978.4,82.0,28.6506,77.2303,False
2026-09-03 20:44:24.397998,akshardham,28.7,980.4,82.0,28.6127,77.2773,False
2026-09-03 20:44:24.213322,lotus_temple,28.1,977.5,86.0,28.5535,77.2588,False
2026-09-03 20:44:24.755353,delhi_university,28.8,979.7,80.0,28.6904,77.2066,False
2026-09-03 20:44:24.391095,ndls,28.8,979.3,80.0,28.643,77.2194,False
2026-09-03 20:44:24.215780,pragati_maidan,28.7,980.4,82.0,28.6172,77.2485,False
2026-09-03 20:44:26.064779,igi_airport,28.4,977.5,82.0,28.5562,77.1,False
2026-09-03 20:44:25.876572,lodhi_road,28.0,979.9,85.0,28.5918,77.2273,False
2026-09-03 20:44:25.876572,red_fort,,,,28.6562,77.241,False
2026-09-03 20:44:25.611503,qutab_minar,27.6,976.0,86.0,28.5245,77.1855,False
2026-09-03 20:44:25.876572,chandni_chowk,28.7,978.4,82.0,28.6506,77.2303,False
2026-09-03 20:44:26.553101,akshardham,28.7,980.4,82.0,28.6127,77.2773,False
2026-09-03 20:44:25.876572,lotus_temple,28.1,977.5,86.0,28.5535,77.2588,False
2026-09-03 20:44:25.876572,delhi_university,28.8,979.7,80.0,28.6904,77.2066,False
2026-09-03 20:44:25.623677,ndls,28.8,979.3,80.0,28.643,77.2194,False
2026-09-03 20:44:26.293648,pragati_maidan,28.7,980.4,82.0,28.6172,77.2485,False
2026-09-03 20:44:27.429870,igi_airport,28.4,977.5,82.0,28.5562,77.1,False
2026-09-03 20:44:27.458822,lodhi_road,28.0,979.9,85.0,28.5918,77.2273,False
2026-09-03 20:44:27.459826,red_fort,28.7,979.6,82.0,28.6562,77.241,False
2026-09-03 20:44:27.449829,qutab_minar,,,,28.5245,77.1855,False
2026-09-03 20:44:27.489450,chandni_chowk,28.7,978.4,82.0,28.6506,77.2303,False
2026-09-03 20:44:27.443828,akshardham,28.7,980.4,82.0,28.6127,77.2773,False
2026-09-03 20:44:27.489450,lotus_temple,28.1,977.5,86.0,28.5535,77.2588,False
2026-09-03 20:44:27.458822,delhi_university,28.8,979.7,80.0,28.6904,77.2066,False
2026-09-03 20:44:27.478438,ndls,28.8,979.3,80.0,28.643,77.2194,False
2026-09-03 20:44:27.402497,pragati_maidan,28.7,980.4,82.0,28.6172,77.2485,False
2026-09-03 20:44:29.341868,igi_airport,28.4,977.5,82.0,28.5562,77.1,False
2026-09-03 20:44:29.007614,lodhi_road,28.0,979.9,85.0,28.5918,77.2273,False
2026-09-03 20:44:29.164437,red_fort,28.7,979.6,82.0,28.6562,77.241,False
2026-09-03 20:44:28.786175,qutab_minar,27.6,976.0,86.0,28.5245,77.1855,False
2026-09-03 20:44:28.786175,chandni_chowk,,,,28.6506,77.2303,False
2026-09-03 20:44:28.942929,akshardham,28.7,980.4,82.0,28.6127,77.2773,False
2026-09-03 20:44:29.148245,lotus_temple,28.1,977.5,86.0,28.5535,77.2588,False
2026-09-03 20:44:28.881554,delhi_university,28.8,979.7,80.0,28.6904,77.2066,False
2026-09-03 20:44:28.873015,ndls,28.8,979.3,80.0,28.643,77.2194,False
2026-09-03 20:44:28.869009,pragati_maidan,28.7,980.4,82.0,28.6172,77.2485,False
2026-09-03 20:44:30.764103,igi_airport,28.4,977.5,82.0,28.5562,77.1,False
2026-09-03 20:44:30.589842,lodhi_road,28.0,979.9,85.0,28.5918,77.2273,False
2026-09-03 20:44:30.589842,red_fort,28.7,979.6,82.0,28.6562,77.241,False
2026-09-03 20:44:30.477873,qutab_minar,27.6,976.0,86.0,28.5245,77.1855,False
2026-09-03 20:44:31.066590,chandni_chowk,28.7,978.4,82.0,28.6506,77.2303,False
2026-09-03 20:44:34.757886,akshardham,,,,28.6127,77.2773,False
2026-09-03 20:44:30.589842,lotus_temple,28.1,977.5,86.0,28.5535,77.2588,False
2026-09-03 20:44:31.098133,delhi_university,28.8,979.7,80.0,28.6904,77.2066,False
2026-09-03 20:44:31.347924,ndls,28.8,979.3,80.0,28.643,77.2194,False
2026-09-03 20:44:30.770129,pragati_maidan,28.7,980.4,82.0,28.6172,77.2485,False
2026-09-03 20:44:35.640409,igi_airport,28.4,977.5,82.0,28.5562,77.1,False
2026-09-03 20:44:35.655926,lodhi_road,28.0,979.9,85.0,28.5918,77.2273,False
2026-09-03 20:44:36.154813,red_fort,28.7,979.6,82.0,28.6562,77.241,False
2026-09-03 20:44:35.788681,qutab_minar,27.6,976.0,86.0,28.5245,77.1855,False
2026-09-03 20:44:35.658927,chandni_chowk,28.7,978.4,82.0,28.6506,77.2303,False
2026-09-03 20:44:36.020846,akshardham,28.7,980.4,82.0,28.6127,77.2773,False
2026-09-03 20:44:35.640409,lotus_temple,,,,28.5535,77.2588,False
2026-09-03 20:44:35.647241,delhi_university,28.8,979.7,80.0,28.6904,77.2066,False
2026-09-03 20:44:35.788681,ndls,28.8,979.3,80.0,28.643,77.2194,False
2026-09-03 20:44:35.789954,pragati_maidan,28.7,980.4,82.0,28.6172,77.2485,False
2026-09-03 20:44:37.080478,igi_airport,28.4,977.5,82.0,28.5562,77.1,False
2026-09-03 20:44:37.337465,lodhi_road,28.0,979.9,85.0,28.5918,77.2273,False
2026-09-03 20:44:37.048453,red_fort,28.7,979.6,82.0,28.6562,77.241,False
2026-09-03 20:44:37.212508,qutab_minar,27.6,976.0,86.0,28.5245,77.1855,False
2026-09-03 20:44:37.048453,chandni_chowk,28.7,978.4,82.0,28.6506,77.2303,False
2026-09-03 20:44:37.073471,akshardham,28.7,980.4,82.0,28.6127,77.2773,False
2026-09-03 20:44:37.075486,lotus_temple,28.1,977.5,86.0,28.5535,77.2588,False
2026-09-03 20:44:37.032213,delhi_university,,,,28.6904,77.2066,False
2026-09-03 20:44:37.087468,ndls,28.8,979.3,80.0,28.643,77.2194,False
2026-09-03 20:44:37.080478,pragati_maidan,28.7,980.4,82.0,28.6172,77.2485,False
2026-09-03 20:44:38.331865,igi_airport,28.4,977.5,82.0,28.5562,77.1,False
2026-09-03 20:44:42.810018,lodhi_road,28.0,979.9,85.0,28.5918,77.2273,False
2026-09-03 20:44:42.825538,red_fort,28.7,979.6,82.0,28.6562,77.241,False
2026-09-03 20:44:42.810018,qutab_minar,27.6,976.0,86.0,28.5245,77.1855,False
2026-09-03 20:44:42.826471,chandni_chowk,28.7,978.4,82.0,28.6506,77.2303,False
2026-09-03 20:44:42.840547,akshardham,28.7,980.4,82.0,28.6127,77.2773,False
2026-09-03 20:44:42.810018,lotus_temple,28.1,977.5,86.0,28.5535,77.2588,False
2026-09-03 20:44:42.840547,delhi_university,,,,28.6904,77.2066,False
2026-09-03 20:44:42.840547,ndls,,,,28.643,77.2194,False
2026-09-03 20:44:42.826471,pragati_maidan,28.7,980.4,82.0,28.6172,77.2485,False
2026-09-03 20:44:43.847873,igi_airport,28.4,977.5,82.0,28.5562,77.1,False
2026-09-03 20:44:44.249167,lodhi_road,28.0,979.9,85.0,28.5918,77.2273,False
2026-09-03 20:44:43.878768,red_fort,28.7,979.6,82.0,28.6562,77.241,False
2026-09-03 20:44:43.850143,qutab_minar,27.6,976.0,86.0,28.5245,77.1855,False
2026-09-03 20:44:43.839371,chandni_chowk,28.7,978.4,82.0,28.6506,77.2303,False
2026-09-03 20:44:43.856765,akshardham,28.7,980.4,82.0,28.6127,77.2773,False
2026-09-03 20:44:43.850143,lotus_temple,28.1,977.5,86.0,28.5535,77.2588,False
2026-09-03 20:44:43.856765,delhi_university,28.8,979.7,80.0,28.6904,77.2066,False
2026-09-03 20:44:43.824859,ndls,28.8,979.3,80.0,28.643,77.2194,False
2026-09-03 20:44:43.817865,pragati_maidan,,,,28.6172,77.2485,False
2026-09-03 20:44:45.461085,igi_airport,,,,28.5562,77.1,False
2026-09-03 20:44:45.905295,lodhi_road,28.0,979.9,85.0,28.5918,77.2273,False
2026-09-03 20:44:45.215564,red_fort,28.7,979.6,82.0,28.6562,77.241,False
2026-09-03 20:44:45.241736,qutab_minar,27.6,976.0,86.0,28.5245,77.1855,False
2026-09-03 20:44:45.223641,chandni_chowk,28.7,978.4,82.0,28.6506,77.2303,False
2026-09-03 20:44:45.235717,akshardham,28.7,980.4,82.0,28.6127,77.2773,False
2026-09-03 20:44:46.666709,lotus_temple,28.1,977.5,86.0,28.5535,77.2588,False
2026-09-03 20:44:45.225563,delhi_university,28.8,979.7,80.0,28.6904,77.2066,False
2026-09-03 20:44:45.461085,ndls,28.8,979.3,80.0,28.643,77.2194,False
2026-09-03 20:44:45.237715,pragati_maidan,28.7,980.4,82.0,28.6172,77.2485,False
2026-09-03 20:44:47.895025,igi_airport,28.4,977.5,82.0,28.5562,77.1,False
2026-09-03 20:44:47.895025,lodhi_road,,,,28.5918,77.2273,False
2026-09-03 20:44:47.786475,red_fort,28.7,979.6,82.0,28.6562,77.241,False
2026-09-03 20:44:48.399439,qutab_minar,27.6,976.0,86.0,28.5245,77.1855,False
2026-09-03 20:44:47.896187,chandni_chowk,28.7,978.4,82.0,28.6506,77.2303,False
2026-09-03 20:44:47.786475,akshardham,28.7,980.4,82.0,28.6127,77.2773,False
2026-09-03 20:44:48.499300,lotus_temple,28.1,977.5,86.0,28.5535,77.2588,False
2026-09-03 20:44:47.895025,delhi_university,28.8,979.7,80.0,28.6904,77.2066,False
2026-09-03 20:44:47.786475,ndls,28.8,979.3,80.0,28.643,77.2194,False
2026-09-03 20:44:47.980997,pragati_maidan,28.7,980.4,82.0,28.6172,77.2485,False
2026-09-03 20:44:49.439151,igi_airport,28.4,977.5,82.0,28.5562,77.1,False
2026-09-03 20:44:49.317904,lodhi_road,28.0,979.9,85.0,28.5918,77.2273,False
2026-09-03 20:44:49.574740,red_fort,,,,28.6562,77.241,False
2026-09-03 20:44:49.745512,qutab_minar,27.6,976.0,86.0,28.5245,77.1855,False
2026-09-03 20:44:49.440158,chandni_chowk,28.7,978.4,82.0,28.6506,77.2303,False
2026-09-03 20:44:49.574740,akshardham,28.7,980.4,82.0,28.6127,77.2773,False
2026-09-03 20:44:49.574740,lotus_temple,28.1,977.5,86.0,28.5535,77.2588,False
2026-09-03 20:44:49.574740,delhi_university,28.8,979.7,80.0,28.6904,77.2066,False
2026-09-03 20:44:53.662954,ndls,28.8,979.3,80.0,28.643,77.2194,False
2026-09-03 20:44:49.574740,pragati_maidan,28.7,980.4,82.0,28.6172,77.2485,False
2026-09-03 20:44:55.138066,igi_airport,28.4,977.5,82.0,28.5562,77.1,False
2026-09-03 20:44:55.138066,lodhi_road,28.0,979.9,85.0,28.5918,77.2273,False
2026-09-03 20:44:58.864883,red_fort,,,,28.6562,77.241,False
2026-09-03 20:44:58.864883,qutab_minar,,,,28.5245,77.1855,False
2026-09-03 20:44:58.863847,chandni_chowk,28.7,978.4,82.0,28.6506,77.2303,False
2026-09-03 20:44:58.864883,akshardham,28.7,980.4,82.0,28.6127,77.2773,False
2026-09-03 20:44:58.864883,lotus_temple,28.1,977.5,86.0,28.5535,77.2588,False
2026-09-03 20:44:58.864883,delhi_university,28.8,979.7,80.0,28.6904,77.2066,False
2026-09-03 20:44:55.139336,ndls,28.8,979.3,80.0,28.643,77.2194,False
2026-09-03 20:44:55.456178,pragati_maidan,28.7,980.4,82.0,28.6172,77.2485,False
2026-09-03 20:44:59.922775,igi_airport,28.4,977.5,82.0,28.5562,77.1,False
2026-09-03 20:45:00.025480,lodhi_road,28.0,979.9,85.0,28.5918,77.2273,False
2026-09-03 20:45:00.055532,red_fort,28.6,979.8,83.0,28.6562,77.241,False
2026-09-03 20:44:59.800239,qutab_minar,,,,28.5245,77.1855,False
2026-09-03 20:45:00.045031,chandni_chowk,,,,28.6506,77.2303,False
2026-09-03 20:44:59.924158,akshardham,28.6,980.6,83.0,28.6127,77.2773,False
2026-09-03 20:45:00.008616,lotus_temple,28.1,977.6,86.0,28.5535,77.2588,False
2026-09-03 20:45:00.089283,delhi_university,28.7,979.9,81.0,28.6904,77.2066,False
2026-09-03 20:44:59.924158,ndls,28.7,979.5,81.0,28.643,77.2194,False
2026-09-03 20:44:59.924158,pragati_maidan,28.6,980.6,83.0,28.6172,77.2485,False
2026-09-03 20:45:01.275275,igi_airport,28.2,977.7,83.0,28.5562,77.1,False
2026-09-03 20:45:01.575115,lodhi_road,27.9,980.1,85.0,28.5918,77.2273,False
2026-09-03 20:45:01.136644,red_fort,28.6,979.8,83.0,28.6562,77.241,False
2026-09-03 20:45:01.393049,qutab_minar,27.5,976.1,87.0,28.5245,77.1855,False
2026-09-03 20:45:01.429099,chandni_chowk,28.6,978.6,83.0,28.6506,77.2303,False
2026-09-03 20:45:01.320476,akshardham,,,,28.6127,77.2773,False
2026-09-03 20:45:01.136644,lotus_temple,28.1,977.6,86.0,28.5535,77.2588,False
2026-09-03 20:45:01.197460,delhi_university,28.7,979.9,81.0,28.6904,77.2066,False
2026-09-03 20:45:01.326336,ndls,28.7,979.5,81.0,28.643,77.2194,False
2026-09-03 20:45:01.136644,pragati_maidan,28.6,980.6,83.0,28.6172,77.2485,False
2026-09-03 20:45:02.577855,igi_airport,28.2,977.7,83.0,28.5562,77.1,False
2026-09-03 20:45:02.577855,lodhi_road,27.9,980.1,85.0,28.5918,77.2273,False
2026-09-03 20:45:02.988757,red_fort,28.6,979.8,83.0,28.6562,77.241,False
2026-09-03 20:45:02.579202,qutab_minar,27.5,976.1,87.0,28.5245,77.1855,False
2026-09-03 20:45:02.577855,chandni_chowk,28.6,978.6,83.0,28.6506,77.2303,False
2026-09-03 20:45:02.577855,akshardham,28.6,980.6,83.0,28.6127,77.2773,False
2026-09-03 20:45:02.807053,lotus_temple,,,,28.5535,77.2588,False
2026-09-03 20:45:02.577855,delhi_university,28.7,979.9,81.0,28.6904,77.2066,False
2026-09-03 20:45:02.577855,ndls,28.7,979.5,81.0,28.643,77.2194,False
2026-09-03 20:45:02.577855,pragati_maidan,28.6,980.6,83.0,28.6172,77.2485,False
2026-09-03 20:45:03.961498,igi_airport,28.2,977.7,83.0,28.5562,77.1,False
2026-09-03 20:45:04.412137,lodhi_road,27.9,980.1,85.0,28.5918,77.2273,False
2026-09-03 20:45:04.072708,red_fort,28.6,979.8,83.0,28.6562,77.241,False
2026-09-03 20:45:04.165160,qutab_minar,27.5,976.1,87.0,28.5245,77.1855,False
2026-09-03 20:45:04.072708,chandni_chowk,28.6,978.6,83.0,28.6506,77.2303,False
2026-09-03 20:45:04.694708,akshardham,28.6,980.6,83.0,28.6127,77.2773,False
2026-09-03 20:45:03.960609,lotus_temple,28.1,977.6,86.0,28.5535,77.2588,False
2026-09-03 20:45:04.072708,delhi_university,,,,28.6904,77.2066,False
2026-09-03 20:45:05.033211,ndls,28.7,979.5,81.0,28.643,77.2194,False
2026-09-03 20:45:04.071703,pragati_maidan,28.6,980.6,83.0,28.6172,77.2485,False
2026-09-03 20:45:05.919148,igi_airport,28.2,977.7,83.0,28.5562,77.1,False
2026-09-03 20:45:05.942156,lodhi_road,27.9,980.1,85.0,28.5918,77.2273,False
2026-09-03 20:45:05.927143,red_fort,28.6,979.8,83.0,28.6562,77.241,False
2026-09-03 20:45:06.386371,qutab_minar,27.5,976.1,87.0,28.5245,77.1855,False
2026-09-03 20:45:06.089465,chandni_chowk,28.6,978.6,83.0,28.6506,77.2303,False
2026-09-03 20:45:05.932136,akshardham,28.6,980.6,83.0,28.6127,77.2773,False
2026-09-03 20:45:05.904153,lotus_temple,28.1,977.6,86.0,28.5535,77.2588,False
2026-09-03 20:45:05.942156,delhi_university,28.7,979.9,81.0,28.6904,77.2066,False
2026-09-03 20:45:05.930141,ndls,,,,28.643,77.2194,False
2026-09-03 20:45:06.384367,pragati_maidan,28.6,980.6,83.0,28.6172,77.2485,False
2026-09-03 20:45:07.323949,igi_airport,28.2,977.7,83.0,28.5562,77.1,False
2026-09-03 20:45:07.225287,lodhi_road,27.9,980.1,85.0,28.5918,77.2273,False
2026-09-03 20:45:07.226579,red_fort,28.6,979.8,83.0,28.6562,77.241,False
2026-09-03 20:45:07.277049,qutab_minar,27.5,976.1,87.0,28.5245,77.1855,False
2026-09-03 20:45:07.270881,chandni_chowk,28.6,978.6,83.0,28.6506,77.2303,False
2026-09-03 20:45:07.329915,akshardham,28.6,980.6,83.0,28.6127,77.2773,False
2026-09-03 20:45:07.226579,lotus_temple,28.1,977.6,86.0,28.5535,77.2588,False
2026-09-03 20:45:07.316066,delhi_university,28.7,979.9,81.0,28.6904,77.2066,False
2026-09-03 20:45:07.274881,ndls,28.7,979.5,81.0,28.643,77.2194,False
2026-09-03 20:45:07.274881,pragati_maidan,,,,28.6172,77.2485,False
2026-09-03 20:45:08.904862,igi_airport,42.0,977.7,98.0,28.5562,77.1,False
2026-09-03 20:45:08.430024,lodhi_road,27.9,980.1,85.0,28.5918,77.2273,False
2026-09-03 20:45:08.429011,red_fort,28.6,979.8,83.0,28.6562,77.241,False
2026-09-03 20:45:08.412032,qutab_minar,27.5,976.1,87.0,28.5245,77.1855,False
2026-09-03 20:45:08.429011,chandni_chowk,28.6,978.6,83.0,28.6506,77.2303,False
2026-09-03 20:45:08.280984,akshardham,28.6,980.6,83.0,28.6127,77.2773,False
2026-09-03 20:45:08.904862,lotus_temple,28.1,977.6,86.0,28.5535,77.2588,False
2026-09-03 20:45:08.429011,delhi_university,28.7,979.9,81.0,28.6904,77.2066,False
2026-09-03 20:45:08.984993,ndls,28.7,979.5,81.0,28.643,77.2194,False
2026-09-03 20:45:08.300384,pragati_maidan,28.6,980.6,83.0,28.6172,77.2485,False
2026-09-03 20:45:09.852091,igi_airport,28.2,977.7,83.0,28.5562,77.1,False
2026-09-03 20:45:09.852091,lodhi_road,42.0,980.1,98.0,28.5918,77.2273,False
2026-09-03 20:45:09.900208,red_fort,28.6,979.8,83.0,28.6562,77.241,False
2026-09-03 20:45:09.852091,qutab_minar,27.5,976.1,87.0,28.5245,77.1855,False
2026-09-03 20:45:09.923180,chandni_chowk,28.6,978.6,83.0,28.6506,77.2303,False
2026-09-03 20:45:09.900208,akshardham,28.6,980.6,83.0,28.6127,77.2773,False
2026-09-03 20:45:09.851003,lotus_temple,28.1,977.6,86.0,28.5535,77.2588,False
2026-09-03 20:45:09.930184,delhi_university,28.7,979.9,81.0,28.6904,77.2066,False
2026-09-03 20:45:09.930184,ndls,28.7,979.5,81.0,28.643,77.2194,False
2026-09-03 20:45:09.899209,pragati_maidan,28.6,980.6,83.0,28.6172,77.2485,False
2026-09-03 20:45:11.213283,igi_airport,28.2,977.7,83.0,28.5562,77.1,False
2026-09-03 20:45:11.102281,lodhi_road,27.9,980.1,85.0,28.5918,77.2273,False
2026-09-03 20:45:11.998813,red_fort,42.0,979.8,98.0,28.6562,77.241,False
2026-09-03 20:45:11.213283,qutab_minar,27.5,976.1,87.0,28.5245,77.1855,False
2026-09-03 20:45:11.102281,chandni_chowk,28.6,978.6,83.0,28.6506,77.2303,False
2026-09-03 20:45:11.709016,akshardham,28.6,980.6,83.0,28.6127,77.2773,False
2026-09-03 20:45:12.024997,lotus_temple,28.1,977.6,86.0,28.5535,77.2588,False
2026-09-03 20:45:11.560349,delhi_university,28.7,979.9,81.0,28.6904,77.2066,False
2026-09-03 20:45:11.213283,ndls,28.7,979.5,81.0,28.643,77.2194,False
2026-09-03 20:45:11.995713,pragati_maidan,28.6,980.6,83.0,28.6172,77.2485,False
2026-09-03 20:45:12.978718,igi_airport,28.2,977.7,83.0,28.5562,77.1,False
2026-09-03 20:45:12.978718,lodhi_road,27.9,980.1,85.0,28.5918,77.2273,False
2026-09-03 20:45:12.978718,red_fort,28.6,979.8,83.0,28.6562,77.241,False
2026-09-03 20:45:12.978718,qutab_minar,42.0,976.1,98.0,28.5245,77.1855,False
2026-09-03 20:45:13.411257,chandni_chowk,28.6,978.6,83.0,28.6506,77.2303,False
2026-09-03 20:45:12.978718,akshardham,28.6,980.6,83.0,28.6127,77.2773,False
2026-09-03 20:45:12.978718,lotus_temple,28.1,977.6,86.0,28.5535,77.2588,False
2026-09-03 20:45:12.978718,delhi_university,28.7,979.9,81.0,28.6904,77.2066,False
2026-09-03 20:45:12.978718,ndls,28.7,979.5,81.0,28.643,77.2194,False
2026-09-03 20:45:12.978718,pragati_maidan,28.6,980.6,83.0,28.6172,77.2485,False
2026-09-03 20:45:14.275017,igi_airport,28.2,977.7,83.0,28.5562,77.1,False
2026-09-03 20:45:14.296270,lodhi_road,27.9,980.1,85.0,28.5918,77.2273,False
2026-09-03 20:45:15.233351,red_fort,28.6,979.8,83.0,28.6562,77.241,False
2026-09-03 20:45:14.296270,qutab_minar,27.5,976.1,87.0,28.5245,77.1855,False
2026-09-03 20:45:14.354127,chandni_chowk,42.0,978.6,98.0,28.6506,77.2303,False
2026-09-03 20:45:18.611886,akshardham,28.6,980.6,83.0,28.6127,77.2773,False
2026-09-03 20:45:14.309796,lotus_temple,28.1,977.6,86.0,28.5535,77.2588,False
2026-09-03 20:45:14.309796,delhi_university,28.7,979.9,81.0,28.6904,77.2066,False
2026-09-03 20:45:14.487398,ndls,28.7,979.5,81.0,28.643,77.2194,False
2026-09-03 20:45:14.483369,pragati_maidan,28.6,980.6,83.0,28.6172,77.2485,False
2026-09-03 20:45:23.965672,igi_airport,28.2,977.7,83.0,28.5562,77.1,False
2026-09-03 20:45:23.995033,lodhi_road,27.9,980.1,85.0,28.5918,77.2273,False
2026-09-03 20:45:23.994523,red_fort,28.6,979.8,83.0,28.6562,77.241,False
2026-09-03 20:45:23.995033,qutab_minar,27.5,976.1,87.0,28.5245,77.1855,False
2026-09-03 20:45:23.978528,chandni_chowk,42.0,978.6,98.0,28.6506,77.2303,False
2026-09-03 20:45:23.994523,akshardham,42.0,980.6,98.0,28.6127,77.2773,False
2026-09-03 20:45:23.964464,lotus_temple,28.1,977.6,86.0,28.5535,77.2588,False
2026-09-03 20:45:23.965672,delhi_university,28.7,979.9,81.0,28.6904,77.2066,False
2026-09-03 20:45:23.964464,ndls,28.7,979.5,81.0,28.643,77.2194,False
2026-09-03 20:45:23.965672,pragati_maidan,28.6,980.6,83.0,28.6172,77.2485,False
2026-09-03 20:45:25.299451,igi_airport,28.2,977.7,83.0,28.5562,77.1,False
2026-09-03 20:45:25.029762,lodhi_road,27.9,980.1,85.0,28.5918,77.2273,False
2026-09-03 20:45:25.499562,red_fort,28.6,979.8,83.0,28.6562,77.241,False
2026-09-03 20:45:25.071767,qutab_minar,27.5,976.1,87.0,28.5245,77.1855,False
2026-09-03 20:45:25.036765,chandni_chowk,28.6,978.6,83.0,28.6506,77.2303,False
2026-09-03 20:45:25.071767,akshardham,28.6,980.6,83.0,28.6127,77.2773,False
2026-09-03 20:45:29.174376,lotus_temple,42.0,977.6,98.0,28.5535,77.2588,False
2026-09-03 20:45:25.036765,delhi_university,28.7,979.9,81.0,28.6904,77.2066,False
2026-09-03 20:45:25.071767,ndls,28.7,979.5,81.0,28.643,77.2194,False
2026-09-03 20:45:25.071767,pragati_maidan,28.6,980.6,83.0,28.6172,77.2485,False
2026-09-03 20:45:30.344236,igi_airport,28.2,977.7,83.0,28.5562,77.1,False
2026-09-03 20:45:30.344236,lodhi_road,27.9,980.1,85.0,28.5918,77.2273,False
2026-09-03 20:45:30.467371,red_fort,28.6,979.8,83.0,28.6562,77.241,False
2026-09-03 20:45:30.929598,qutab_minar,27.5,976.1,87.0,28.5245,77.1855,False
2026-09-03 20:45:30.344236,chandni_chowk,28.6,978.6,83.0,28.6506,77.2303,False
2026-09-03 20:45:30.232815,akshardham,28.6,980.6,83.0,28.6127,77.2773,False
2026-09-03 20:45:30.233792,lotus_temple,28.1,977.6,86.0,28.5535,77.2588,False
2026-09-03 20:45:30.232815,delhi_university,42.0,979.9,98.0,28.6904,77.2066,False
2026-09-03 20:45:30.344236,ndls,28.7,979.5,81.0,28.643,77.2194,False
2026-09-03 20:45:30.344236,pragati_maidan,28.6,980.6,83.0,28.6172,77.2485,False
2026-09-03 20:45:32.841256,igi_airport,28.2,977.7,83.0,28.5562,77.1,False
2026-09-03 20:45:31.864734,lodhi_road,27.9,980.1,85.0,28.5918,77.2273,False
2026-09-03 20:45:31.863724,red_fort,28.6,979.8,83.0,28.6562,77.241,False
2026-09-03 20:45:32.048089,qutab_minar,27.5,976.1,87.0,28.5245,77.1855,False
2026-09-03 20:45:31.863724,chandni_chowk,28.6,978.6,83.0,28.6506,77.2303,False
2026-09-03 20:45:31.864734,akshardham,28.6,980.6,83.0,28.6127,77.2773,False
2026-09-03 20:45:31.864734,lotus_temple,28.1,977.6,86.0,28.5535,77.2588,False
2026-09-03 20:45:31.863724,delhi_university,28.7,979.9,81.0,28.6904,77.2066,False
2026-09-03 20:45:31.863724,ndls,42.0,979.5,98.0,28.643,77.2194,False
2026-09-03 20:45:32.512844,pragati_maidan,28.6,980.6,83.0,28.6172,77.2485,False
2026-09-03 20:45:33.733625,igi_airport,28.2,977.7,83.0,28.5562,77.1,False
2026-09-03 20:45:33.733625,lodhi_road,27.9,980.1,85.0,28.5918,77.2273,False
2026-09-03 20:45:33.759476,red_fort,28.6,979.8,83.0,28.6562,77.241,False
2026-09-03 20:45:33.890995,qutab_minar,27.5,976.1,87.0,28.5245,77.1855,False
2026-09-03 20:45:34.019378,chandni_chowk,28.6,978.6,83.0,28.6506,77.2303,False
2026-09-03 20:45:33.730712,akshardham,28.6,980.6,83.0,28.6127,77.2773,False
2026-09-03 20:45:33.882618,lotus_temple,28.1,977.6,86.0,28.5535,77.2588,False
2026-09-03 20:45:33.694308,delhi_university,28.7,979.9,81.0,28.6904,77.2066,False
2026-09-03 20:45:33.751382,ndls,28.7,979.5,81.0,28.643,77.2194,False
2026-09-03 20:45:33.741370,pragati_maidan,42.0,980.6,98.0,28.6172,77.2485,False
2026-09-03 20:45:35.376559,igi_airport,42.0,977.7,98.0,28.5562,77.1,False
2026-09-03 20:45:35.694560,lodhi_road,27.9,980.1,85.0,28.5918,77.2273,False
2026-09-03 20:45:35.190197,red_fort,28.6,979.8,83.0,28.6562,77.241,False
2026-09-03 20:45:35.367767,qutab_minar,27.5,976.1,87.0,28.5245,77.1855,False
2026-09-03 20:45:35.190197,chandni_chowk,28.6,978.6,83.0,28.6506,77.2303,False
2026-09-03 20:45:35.190197,akshardham,28.6,980.6,83.0,28.6127,77.2773,False
2026-09-03 20:45:35.190197,lotus_temple,28.1,977.6,86.0,28.5535,77.2588,False
2026-09-03 20:45:35.190197,delhi_university,28.7,979.9,81.0,28.6904,77.2066,False
2026-09-03 20:45:35.379561,ndls,28.7,979.5,81.0,28.643,77.2194,False
2026-09-03 20:45:35.888766,pragati_maidan,28.6,980.6,83.0,28.6172,77.2485,False
2026-09-03 20:45:37.380432,igi_airport,28.2,977.7,83.0,28.5562,77.1,False
2026-09-03 20:45:37.381437,lodhi_road,42.0,980.1,98.0,28.5918,77.2273,False
2026-09-03 20:45:37.090139,red_fort,28.6,979.8,83.0,28.6562,77.241,False
2026-09-03 20:45:37.089140,qutab_minar,27.5,976.1,87.0,28.5245,77.1855,False
2026-09-03 20:45:37.090139,chandni_chowk,28.6,978.6,83.0,28.6506,77.2303,False
2026-09-03 20:45:37.090139,akshardham,28.6,980.6,83.0,28.6127,77.2773,False
2026-09-03 20:45:37.090139,lotus_temple,28.1,977.6,86.0,28.5535,77.2588,False
2026-09-03 20:45:37.089140,delhi_university,28.7,979.9,81.0,28.6904,77.2066,False
2026-09-03 20:45:37.090139,ndls,28.7,979.5,81.0,28.643,77.2194,False
2026-09-03 20:45:37.090139,pragati_maidan,28.6,980.6,83.0,28.6172,77.2485,False
2026-09-03 20:45:38.339792,igi_airport,28.2,977.7,83.0,28.5562,77.1,False
2026-09-03 20:45:38.339792,lodhi_road,27.9,980.1,85.0,28.5918,77.2273,False
2026-09-03 20:45:38.339792,red_fort,42.0,979.8,98.0,28.6562,77.241,False
2026-09-03 20:45:38.339792,qutab_minar,27.5,976.1,87.0,28.5245,77.1855,False
2026-09-03 20:45:38.339792,chandni_chowk,28.6,978.6,83.0,28.6506,77.2303,False
2026-09-03 20:45:38.339792,akshardham,28.6,980.6,83.0,28.6127,77.2773,False
2026-09-03 20:45:38.339792,lotus_temple,28.1,977.6,86.0,28.5535,77.2588,False
2026-09-03 20:45:38.339792,delhi_university,28.7,979.9,81.0,28.6904,77.2066,False
2026-09-03 20:45:38.431370,ndls,28.7,979.5,81.0,28.643,77.2194,False
2026-09-03 20:45:38.339792,pragati_maidan,28.6,980.6,83.0,28.6172,77.2485,False
2026-09-03 20:45:39.772681,igi_airport,28.2,977.7,83.0,28.5562,77.1,False
2026-09-03 20:45:39.427558,lodhi_road,27.9,980.1,85.0,28.5918,77.2273,False
2026-09-03 20:45:39.422134,red_fort,28.6,979.8,83.0,28.6562,77.241,False
2026-09-03 20:45:39.425132,qutab_minar,42.0,976.1,98.0,28.5245,77.1855,False
2026-09-03 20:45:39.425132,chandni_chowk,28.6,978.6,83.0,28.6506,77.2303,False
2026-09-03 20:45:39.422134,akshardham,28.6,980.6,83.0,28.6127,77.2773,False
2026-09-03 20:45:39.422134,lotus_temple,28.1,977.6,86.0,28.5535,77.2588,False
2026-09-03 20:45:39.425132,delhi_university,28.7,979.9,81.0,28.6904,77.2066,False
2026-09-03 20:45:39.425132,ndls,28.7,979.5,81.0,28.643,77.2194,False
2026-09-03 20:45:39.496665,pragati_maidan,28.6,980.6,83.0,28.6172,77.2485,False
2026-09-03 20:45:40.664557,igi_airport,28.2,977.7,83.0,28.5562,77.1,False
2026-09-03 20:45:40.663559,lodhi_road,27.9,980.1,85.0,28.5918,77.2273,False
2026-09-03 20:45:41.266801,red_fort,28.6,979.8,83.0,28.6562,77.241,False
2026-09-03 20:45:41.316341,qutab_minar,27.5,976.1,87.0,28.5245,77.1855,False
2026-09-03 20:45:40.664557,chandni_chowk,42.0,978.6,98.0,28.6506,77.2303,False
2026-09-03 20:45:40.946330,akshardham,28.6,980.6,83.0,28.6127,77.2773,False
2026-09-03 20:45:40.663559,lotus_temple,28.1,977.6,86.0,28.5535,77.2588,False
2026-09-03 20:45:40.946330,delhi_university,28.7,979.9,81.0,28.6904,77.2066,False
2026-09-03 20:45:40.946330,ndls,28.7,979.5,81.0,28.643,77.2194,False
2026-09-03 20:45:41.133037,pragati_maidan,28.6,980.6,83.0,28.6172,77.2485,False
2026-09-03 20:45:42.480668,igi_airport,28.2,977.7,83.0,28.5562,77.1,False
2026-09-03 20:45:43.333118,lodhi_road,27.9,980.1,85.0,28.5918,77.2273,False
2026-09-03 20:45:42.373812,red_fort,28.6,979.8,83.0,28.6562,77.241,False
2026-09-03 20:45:42.373812,qutab_minar,27.5,976.1,87.0,28.5245,77.1855,False
2026-09-03 20:45:42.697283,chandni_chowk,28.6,978.6,83.0,28.6506,77.2303,False
2026-09-03 20:45:42.373812,akshardham,42.0,980.6,98.0,28.6127,77.2773,False
2026-09-03 20:45:42.996453,lotus_temple,28.1,977.6,86.0,28.5535,77.2588,False
2026-09-03 20:45:42.996453,delhi_university,28.7,979.9,81.0,28.6904,77.2066,False
2026-09-03 20:45:42.373812,ndls,28.7,979.5,81.0,28.643,77.2194,False
2026-09-03 20:45:42.373812,pragati_maidan,28.6,980.6,83.0,28.6172,77.2485,False
2026-09-03 20:45:44.647139,igi_airport,28.2,977.7,83.0,28.5562,77.1,False
2026-09-03 20:45:44.362492,lodhi_road,27.9,980.1,85.0,28.5918,77.2273,False
2026-09-03 20:45:44.599596,red_fort,28.6,979.8,83.0,28.6562,77.241,False
2026-09-03 20:45:44.540256,qutab_minar,27.5,976.1,87.0,28.5245,77.1855,False
2026-09-03 20:45:44.556489,chandni_chowk,28.6,978.6,83.0,28.6506,77.2303,False
2026-09-03 20:45:44.545424,akshardham,28.6,980.6,83.0,28.6127,77.2773,False
2026-09-03 20:45:44.362492,lotus_temple,42.0,977.6,98.0,28.5535,77.2588,False
2026-09-03 20:45:44.363492,delhi_university,28.7,979.9,81.0,28.6904,77.2066,False
2026-09-03 20:45:44.556489,ndls,28.7,979.5,81.0,28.643,77.2194,False
2026-09-03 20:45:44.538246,pragati_maidan,28.6,980.6,83.0,28.6172,77.2485,False
2026-09-03 20:45:46.142846,igi_airport,28.2,977.7,83.0,28.5562,77.1,False
2026-09-03 20:45:45.746692,lodhi_road,27.9,980.1,85.0,28.5918,77.2273,False
2026-09-03 20:45:45.965783,red_fort,28.6,979.8,83.0,28.6562,77.241,False
2026-09-03 20:45:45.643213,qutab_minar,27.5,976.1,87.0,28.5245,77.1855,False
2026-09-03 20:45:45.491546,chandni_chowk,28.6,978.6,83.0,28.6506,77.2303,False
2026-09-03 20:45:46.225733,akshardham,28.6,980.6,83.0,28.6127,77.2773,False
2026-09-03 20:45:45.639165,lotus_temple,28.1,977.6,86.0,28.5535,77.2588,False
2026-09-03 20:45:45.644515,delhi_university,42.0,979.9,98.0,28.6904,77.2066,False
2026-09-03 20:45:45.509777,ndls,28.7,979.5,81.0,28.643,77.2194,False
2026-09-03 20:45:45.643213,pragati_maidan,28.6,980.6,83.0,28.6172,77.2485,False
2026-09-03 20:45:47.176692,igi_airport,28.2,977.7,83.0,28.5562,77.1,False
2026-09-03 20:45:47.176180,lodhi_road,27.9,980.1,85.0,28.5918,77.2273,False
2026-09-03 20:45:47.365699,red_fort,28.6,979.8,83.0,28.6562,77.241,False
2026-09-03 20:45:47.540915,qutab_minar,27.5,976.1,87.0,28.5245,77.1855,False
2026-09-03 20:45:47.881545,chandni_chowk,28.6,978.6,83.0,28.6506,77.2303,False
2026-09-03 20:45:47.250333,akshardham,28.6,980.6,83.0,28.6127,77.2773,False
2026-09-03 20:45:47.176692,lotus_temple,28.1,977.6,86.0,28.5535,77.2588,False
2026-09-03 20:45:47.176692,delhi_university,28.7,979.9,81.0,28.6904,77.2066,False
2026-09-03 20:45:47.176692,ndls,42.0,979.5,98.0,28.643,77.2194,False
2026-09-03 20:45:47.176692,pragati_maidan,28.6,980.6,83.0,28.6172,77.2485,False
2026-09-03 20:45:49.115515,igi_airport,28.2,977.7,83.0,28.5562,77.1,False
2026-09-03 20:45:49.208972,lodhi_road,27.9,980.1,85.0,28.5918,77.2273,False
2026-09-03 20:45:49.115515,red_fort,28.6,979.8,83.0,28.6562,77.241,False
2026-09-03 20:45:49.007850,qutab_minar,27.5,976.1,87.0,28.5245,77.1855,False
2026-09-03 20:45:49.215968,chandni_chowk,28.6,978.6,83.0,28.6506,77.2303,False
2026-09-03 20:45:49.391371,akshardham,28.6,980.6,83.0,28.6127,77.2773,False
2026-09-03 20:45:50.447271,lotus_temple,28.1,977.6,86.0,28.5535,77.2588,False
2026-09-03 20:45:49.196660,delhi_university,28.7,979.9,81.0,28.6904,77.2066,False
2026-09-03 20:45:49.331191,ndls,28.7,979.5,81.0,28.643,77.2194,False
2026-09-03 20:45:49.205668,pragati_maidan,42.0,980.6,98.0,28.6172,77.2485,False
2026-09-03 20:45:51.313988,igi_airport,32.2,977.7,83.0,28.5562,77.1,False
2026-09-03 20:45:51.664110,lodhi_road,27.9,980.1,85.0,28.5918,77.2273,False
2026-09-03 20:45:51.996753,red_fort,28.6,979.8,83.0,28.6562,77.241,False
2026-09-03 20:45:51.324462,qutab_minar,27.5,976.1,87.0,28.5245,77.1855,False
2026-09-03 20:45:51.284350,chandni_chowk,28.6,978.6,83.0,28.6506,77.2303,False
2026-09-03 20:45:51.849018,akshardham,28.6,980.6,83.0,28.6127,77.2773,False
2026-09-03 20:45:51.664110,lotus_temple,28.1,977.6,86.0,28.5535,77.2588,False
2026-09-03 20:45:51.323453,delhi_university,28.7,979.9,81.0,28.6904,77.2066,False
2026-09-03 20:45:51.664110,ndls,28.7,979.5,81.0,28.643,77.2194,False
2026-09-03 20:45:51.933171,pragati_maidan,28.6,980.6,83.0,28.6172,77.2485,False
2026-09-03 20:45:52.900467,igi_airport,28.2,977.7,83.0,28.5562,77.1,False
2026-09-03 20:45:52.891286,lodhi_road,31.9,980.1,85.0,28.5918,77.2273,False
2026-09-03 20:45:52.895327,red_fort,28.6,979.8,83.0,28.6562,77.241,False
2026-09-03 20:45:52.898472,qutab_minar,27.5,976.1,87.0,28.5245,77.1855,False
2026-09-03 20:45:52.890296,chandni_chowk,28.6,978.6,83.0,28.6506,77.2303,False
2026-09-03 20:45:52.898472,akshardham,28.6,980.6,83.0,28.6127,77.2773,False
2026-09-03 20:45:52.931806,lotus_temple,28.1,977.6,86.0,28.5535,77.2588,False
2026-09-03 20:45:52.864664,delhi_university,28.7,979.9,81.0,28.6904,77.2066,False
2026-09-03 20:45:52.822987,ndls,28.7,979.5,81.0,28.643,77.2194,False
2026-09-03 20:45:52.902468,pragati_maidan,28.6,980.6,83.0,28.6172,77.2485,False
2026-09-03 20:45:53.781605,igi_airport,28.2,977.7,83.0,28.5562,77.1,False
2026-09-03 20:45:53.782111,lodhi_road,27.9,980.1,85.0,28.5918,77.2273,False
2026-09-03 20:45:53.779107,red_fort,32.6,979.8,83.0,28.6562,77.241,False
2026-09-03 20:45:54.412253,qutab_minar,27.5,976.1,87.0,28.5245,77.1855,False
2026-09-03 20:45:54.303154,chandni_chowk,28.6,978.6,83.0,28.6506,77.2303,False
2026-09-03 20:45:53.783127,akshardham,28.6,980.6,83.0,28.6127,77.2773,False
2026-09-03 20:45:53.836760,lotus_temple,28.1,977.6,86.0,28.5535,77.2588,False
2026-09-03 20:45:53.853079,delhi_university,28.7,979.9,81.0,28.6904,77.2066,False
2026-09-03 20:45:53.800341,ndls,28.7,979.5,81.0,28.643,77.2194,False
2026-09-03 20:45:54.026936,pragati_maidan,28.6,980.6,83.0,28.6172,77.2485,False
2026-09-03 20:45:55.392593,igi_airport,28.2,977.7,83.0,28.5562,77.1,False
2026-09-03 20:45:55.392593,lodhi_road,27.9,980.1,85.0,28.5918,77.2273,False
2026-09-03 20:45:55.384897,red_fort,28.6,979.8,83.0,28.6562,77.241,False
2026-09-03 20:45:55.382900,qutab_minar,31.5,976.1,87.0,28.5245,77.1855,False
2026-09-03 20:45:55.255615,chandni_chowk,28.6,978.6,83.0,28.6506,77.2303,False
2026-09-03 20:45:55.382900,akshardham,28.6,980.6,83.0,28.6127,77.2773,False
2026-09-03 20:45:55.395662,lotus_temple,28.1,977.6,86.0,28.5535,77.2588,False
2026-09-03 20:45:55.379963,delhi_university,28.7,979.9,81.0,28.6904,77.2066,False
2026-09-03 20:45:55.379001,ndls,28.7,979.5,81.0,28.643,77.2194,False
2026-09-03 20:45:55.655580,pragati_maidan,28.6,980.6,83.0,28.6172,77.2485,False
2026-09-03 20:45:56.577891,igi_airport,28.2,977.7,83.0,28.5562,77.1,False
2026-09-03 20:45:56.545682,lodhi_road,27.9,980.1,85.0,28.5918,77.2273,False
2026-09-03 20:45:56.573333,red_fort,28.6,979.8,83.0,28.6562,77.241,False
2026-09-03 20:45:56.553240,qutab_minar,27.5,976.1,87.0,28.5245,77.1855,False
2026-09-03 20:45:56.629872,chandni_chowk,32.6,978.6,83.0,28.6506,77.2303,False
2026-09-03 20:45:56.543307,akshardham,28.6,980.6,83.0,28.6127,77.2773,False
2026-09-03 20:45:56.534686,lotus_temple,28.1,977.6,86.0,28.5535,77.2588,False
2026-09-03 20:45:56.543307,delhi_university,28.7,979.9,81.0,28.6904,77.2066,False
2026-09-03 20:45:56.542321,ndls,28.7,979.5,81.0,28.643,77.2194,False
2026-09-03 20:45:56.540298,pragati_maidan,28.6,980.6,83.0,28.6172,77.2485,False
2026-09-03 20:45:59.253735,igi_airport,28.2,977.7,83.0,28.5562,77.1,False
2026-09-03 20:46:01.810967,lodhi_road,27.9,980.1,85.0,28.5918,77.2273,False
2026-09-03 20:45:57.862605,red_fort,28.6,979.8,83.0,28.6562,77.241,False
2026-09-03 20:45:58.842685,qutab_minar,27.5,976.1,87.0,28.5245,77.1855,False
2026-09-03 20:45:58.043674,chandni_chowk,28.6,978.6,83.0,28.6506,77.2303,False
2026-09-03 20:45:57.684131,akshardham,32.6,980.6,83.0,28.6127,77.2773,False
2026-09-03 20:45:57.684131,lotus_temple,28.1,977.6,86.0,28.5535,77.2588,False
2026-09-03 20:45:58.285969,delhi_university,28.7,979.9,81.0,28.6904,77.2066,False
2026-09-03 20:45:59.033914,ndls,28.7,979.5,81.0,28.643,77.2194,False
2026-09-03 20:46:01.810967,pragati_maidan,28.6,980.6,83.0,28.6172,77.2485,False
2026-09-03 20:46:02.725292,igi_airport,28.2,977.7,83.0,28.5562,77.1,False
2026-09-03 20:46:02.755802,lodhi_road,27.9,980.1,85.0,28.5918,77.2273,False
2026-09-03 20:46:02.725292,red_fort,28.6,979.8,83.0,28.6562,77.241,False
2026-09-03 20:46:02.759031,qutab_minar,27.5,976.1,87.0,28.5245,77.1855,False
2026-09-03 20:46:02.653819,chandni_chowk,28.6,978.6,83.0,28.6506,77.2303,False
2026-09-03 20:46:02.720416,akshardham,28.6,980.6,83.0,28.6127,77.2773,False
2026-09-03 20:46:02.781511,lotus_temple,32.1,977.6,86.0,28.5535,77.2588,False
2026-09-03 20:46:02.665439,delhi_university,28.7,979.9,81.0,28.6904,77.2066,False
2026-09-03 20:46:02.763426,ndls,28.7,979.5,81.0,28.643,77.2194,False
2026-09-03 20:46:02.737836,pragati_maidan,28.6,980.6,83.0,28.6172,77.2485,False
2026-09-03 20:46:04.080765,igi_airport,28.2,977.7,83.0,28.5562,77.1,False
2026-09-03 20:46:04.402560,lodhi_road,27.9,980.1,85.0,28.5918,77.2273,False
2026-09-03 20:46:04.005028,red_fort,28.6,979.8,83.0,28.6562,77.241,False
2026-09-03 20:46:04.005028,qutab_minar,27.5,976.1,87.0,28.5245,77.1855,False
2026-09-03 20:46:04.371406,chandni_chowk,28.6,978.6,83.0,28.6506,77.2303,False
2026-09-03 20:46:04.081783,akshardham,28.6,980.6,83.0,28.6127,77.2773,False
2026-09-03 20:46:04.005028,lotus_temple,28.1,977.6,86.0,28.5535,77.2588,False
2026-09-03 20:46:04.232864,delhi_university,32.7,979.9,81.0,28.6904,77.2066,False
2026-09-03 20:46:04.005028,ndls,28.7,979.5,81.0,28.643,77.2194,False
2026-09-03 20:46:04.263145,pragati_maidan,28.6,980.6,83.0,28.6172,77.2485,False
2026-09-03 20:46:05.756916,igi_airport,28.2,977.7,83.0,28.5562,77.1,False
2026-09-03 20:46:05.687419,lodhi_road,27.9,980.1,85.0,28.5918,77.2273,False
2026-09-03 20:46:05.486411,red_fort,28.6,979.8,83.0,28.6562,77.241,False
2026-09-03 20:46:05.496368,qutab_minar,27.5,976.1,87.0,28.5245,77.1855,False
2026-09-03 20:46:05.496368,chandni_chowk,28.6,978.6,83.0,28.6506,77.2303,False
2026-09-03 20:46:05.418997,akshardham,28.6,980.6,83.0,28.6127,77.2773,False
2026-09-03 20:46:05.494353,lotus_temple,28.1,977.6,86.0,28.5535,77.2588,False
2026-09-03 20:46:05.494353,delhi_university,28.7,979.9,81.0,28.6904,77.2066,False
2026-09-03 20:46:05.599125,ndls,32.7,979.5,81.0,28.643,77.2194,False
2026-09-03 20:46:05.418997,pragati_maidan,28.6,980.6,83.0,28.6172,77.2485,False
2026-09-03 20:46:06.699282,igi_airport,28.2,977.7,83.0,28.5562,77.1,False
2026-09-03 20:46:06.598151,lodhi_road,27.9,980.1,85.0,28.5918,77.2273,False
2026-09-03 20:46:06.693648,red_fort,28.6,979.8,83.0,28.6562,77.241,False
2026-09-03 20:46:06.680142,qutab_minar,27.5,976.1,87.0,28.5245,77.1855,False
2026-09-03 20:46:06.641197,chandni_chowk,28.6,978.6,83.0,28.6506,77.2303,False
2026-09-03 20:46:06.682636,akshardham,28.6,980.6,83.0,28.6127,77.2773,False
2026-09-03 20:46:06.631149,lotus_temple,28.1,977.6,86.0,28.5535,77.2588,False
2026-09-03 20:46:06.595130,delhi_university,28.7,979.9,81.0,28.6904,77.2066,False
2026-09-03 20:46:06.627197,ndls,28.7,979.5,81.0,28.643,77.2194,False
2026-09-03 20:46:06.680142,pragati_maidan,32.6,980.6,83.0,28.6172,77.2485,False
2026-09-03 20:46:07.613947,igi_airport,32.2,977.7,83.0,28.5562,77.1,False
2026-09-03 20:46:07.600744,lodhi_road,27.9,980.1,85.0,28.5918,77.2273,False
2026-09-03 20:46:07.600744,red_fort,28.6,979.8,83.0,28.6562,77.241,False
2026-09-03 20:46:07.626006,qutab_minar,27.5,976.1,87.0,28.5245,77.1855,False
2026-09-03 20:46:07.657038,chandni_chowk,28.6,978.6,83.0,28.6506,77.2303,False
2026-09-03 20:46:07.653999,akshardham,28.6,980.6,83.0,28.6127,77.2773,False
2026-09-03 20:46:07.623987,lotus_temple,28.1,977.6,86.0,28.5535,77.2588,False
2026-09-03 20:46:07.616479,delhi_university,28.7,979.9,81.0,28.6904,77.2066,False
2026-09-03 20:46:07.594933,ndls,28.7,979.5,81.0,28.643,77.2194,False
2026-09-03 20:46:07.633999,pragati_maidan,28.6,980.6,83.0,28.6172,77.2485,False
2026-09-03 20:46:08.746821,igi_airport,28.2,977.7,83.0,28.5562,77.1,False
2026-09-03 20:46:09.060676,lodhi_road,31.9,980.1,85.0,28.5918,77.2273,False
2026-09-03 20:46:08.746821,red_fort,28.6,979.8,83.0,28.6562,77.241,False
2026-09-03 20:46:08.747899,qutab_minar,27.5,976.1,87.0,28.5245,77.1855,False
2026-09-03 20:46:08.632901,chandni_chowk,28.6,978.6,83.0,28.6506,77.2303,False
2026-09-03 20:46:08.747899,akshardham,28.6,980.6,83.0,28.6127,77.2773,False
2026-09-03 20:46:08.746821,lotus_temple,28.1,977.6,86.0,28.5535,77.2588,False
2026-09-03 20:46:08.632901,delhi_university,28.7,979.9,81.0,28.6904,77.2066,False
2026-09-03 20:46:08.746821,ndls,28.7,979.5,81.0,28.643,77.2194,False
2026-09-03 20:46:08.877344,pragati_maidan,28.6,980.6,83.0,28.6172,77.2485,False
2026-09-03 20:46:10.848396,igi_airport,28.2,977.7,83.0,28.5562,77.1,False
2026-09-03 20:46:10.493340,lodhi_road,27.9,980.1,85.0,28.5918,77.2273,False
2026-09-03 20:46:10.493340,red_fort,32.6,979.8,83.0,28.6562,77.241,False
2026-09-03 20:46:10.202605,qutab_minar,27.5,976.1,87.0,28.5245,77.1855,False
2026-09-03 20:46:10.202605,chandni_chowk,28.6,978.6,83.0,28.6506,77.2303,False
2026-09-03 20:46:10.728069,akshardham,28.6,980.6,83.0,28.6127,77.2773,False
2026-09-03 20:46:11.007416,lotus_temple,28.1,977.6,86.0,28.5535,77.2588,False
2026-09-03 20:46:10.202605,delhi_university,28.7,979.9,81.0,28.6904,77.2066,False
2026-09-03 20:46:10.202605,ndls,28.7,979.5,81.0,28.643,77.2194,False
2026-09-03 20:46:10.492337,pragati_maidan,28.6,980.6,83.0,28.6172,77.2485,False
2026-09-03 20:46:12.039175,igi_airport,28.2,977.7,83.0,28.5562,77.1,False
2026-09-03 20:46:11.868318,lodhi_road,27.9,980.1,85.0,28.5918,77.2273,False
2026-09-03 20:46:11.868318,red_fort,28.6,979.8,83.0,28.6562,77.241,False
2026-09-03 20:46:12.632614,qutab_minar,31.5,976.1,87.0,28.5245,77.1855,False
2026-09-03 20:46:12.315882,chandni_chowk,28.6,978.6,83.0,28.6506,77.2303,False
2026-09-03 20:46:11.886412,akshardham,28.6,980.6,83.0,28.6127,77.2773,False
2026-09-03 20:46:12.341445,lotus_temple,28.1,977.6,86.0,28.5535,77.2588,False
2026-09-03 20:46:11.868318,delhi_university,28.7,979.9,81.0,28.6904,77.2066,False
2026-09-03 20:46:12.039175,ndls,28.7,979.5,81.0,28.643,77.2194,False
2026-09-03 20:46:12.248567,pragati_maidan,28.6,980.6,83.0,28.6172,77.2485,False
2026-09-03 20:46:13.689808,igi_airport,28.2,977.7,83.0,28.5562,77.1,False
2026-09-03 20:46:13.574179,lodhi_road,27.9,980.1,85.0,28.5918,77.2273,False
2026-09-03 20:46:13.575177,red_fort,28.6,979.8,83.0,28.6562,77.241,False
2026-09-03 20:46:13.574179,qutab_minar,27.5,976.1,87.0,28.5245,77.1855,False
2026-09-03 20:46:13.575177,chandni_chowk,32.6,978.6,83.0,28.6506,77.2303,False
2026-09-03 20:46:13.766978,akshardham,28.6,980.6,83.0,28.6127,77.2773,False
2026-09-03 20:46:13.574179,lotus_temple,28.1,977.6,86.0,28.5535,77.2588,False
2026-09-03 20:46:13.574179,delhi_university,28.7,979.9,81.0,28.6904,77.2066,False
2026-09-03 20:46:13.574179,ndls,28.7,979.5,81.0,28.643,77.2194,False
2026-09-03 20:46:13.686809,pragati_maidan,28.6,980.6,83.0,28.6172,77.2485,False
2026-09-03 20:46:14.658495,igi_airport,28.2,977.7,83.0,28.5562,77.1,False
2026-09-03 20:46:14.665546,lodhi_road,27.9,980.1,85.0,28.5918,77.2273,False
2026-09-03 20:46:14.887189,red_fort,28.6,979.8,83.0,28.6562,77.241,False
2026-09-03 20:46:14.639415,qutab_minar,27.5,976.1,87.0,28.5245,77.1855,False
2026-09-03 20:46:14.641422,chandni_chowk,28.6,978.6,83.0,28.6506,77.2303,False
2026-09-03 20:46:14.674574,akshardham,32.6,980.6,83.0,28.6127,77.2773,False
2026-09-03 20:46:14.792477,lotus_temple,28.1,977.6,86.0,28.5535,77.2588,False
2026-09-03 20:46:14.649977,delhi_university,28.7,979.9,81.0,28.6904,77.2066,False
2026-09-03 20:46:14.661495,ndls,28.7,979.5,81.0,28.643,77.2194,False
2026-09-03 20:46:14.803477,pragati_maidan,28.6,980.6,83.0,28.6172,77.2485,False
2026-09-03 20:46:16.724820,igi_airport,28.2,977.7,83.0,28.5562,77.1,False
2026-09-03 20:46:16.129266,lodhi_road,27.9,980.1,85.0,28.5918,77.2273,False
2026-09-03 20:46:16.927663,red_fort,28.6,979.8,83.0,28.6562,77.241,False
2026-09-03 20:46:20.074249,qutab_minar,27.5,976.1,87.0,28.5245,77.1855,False
2026-09-03 20:46:16.139275,chandni_chowk,28.6,978.6,83.0,28.6506,77.2303,False
2026-09-03 20:46:16.724820,akshardham,28.6,980.6,83.0,28.6127,77.2773,False
2026-09-03 20:46:17.075816,lotus_temple,32.1,977.6,86.0,28.5535,77.2588,False
2026-09-03 20:46:16.904813,delhi_university,28.7,979.9,81.0,28.6904,77.2066,False
2026-09-03 20:46:16.129266,ndls,28.7,979.5,81.0,28.643,77.2194,False
2026-09-03 20:46:17.349004,pragati_maidan,28.6,980.6,83.0,28.6172,77.2485,False
2026-09-03 20:46:21.387826,igi_airport,28.2,977.7,83.0,28.5562,77.1,False
2026-09-03 20:46:21.156891,lodhi_road,27.9,980.1,85.0,28.5918,77.2273,False
2026-09-03 20:46:21.261618,red_fort,28.6,979.8,83.0,28.6562,77.241,False
2026-09-03 20:46:21.700596,qutab_minar,27.5,976.1,87.0,28.5245,77.1855,False
2026-09-03 20:46:21.261618,chandni_chowk,28.6,978.6,83.0,28.6506,77.2303,False
2026-09-03 20:46:21.387826,akshardham,28.6,980.6,83.0,28.6127,77.2773,False
2026-09-03 20:46:21.261618,lotus_temple,28.1,977.6,86.0,28.5535,77.2588,False
2026-09-03 20:46:21.568078,delhi_university,32.7,979.9,81.0,28.6904,77.2066,False
2026-09-03 20:46:21.387826,ndls,28.7,979.5,81.0,28.643,77.2194,False
2026-09-03 20:46:21.154894,pragati_maidan,28.6,980.6,83.0,28.6172,77.2485,False
2026-09-03 20:46:22.549507,igi_airport,28.2,977.7,83.0,28.5562,77.1,False
2026-09-03 20:46:22.729202,lodhi_road,27.9,980.1,85.0,28.5918,77.2273,False
2026-09-03 20:46:22.824421,red_fort,28.6,979.8,83.0,28.6562,77.241,False
2026-09-03 20:46:22.589653,qutab_minar,27.5,976.1,87.0,28.5245,77.1855,False
2026-09-03 20:46:22.556539,chandni_chowk,28.6,978.6,83.0,28.6506,77.2303,False
2026-09-03 20:46:22.550504,akshardham,28.6,980.6,83.0,28.6127,77.2773,False
2026-09-03 20:46:22.580117,lotus_temple,28.1,977.6,86.0,28.5535,77.2588,False
2026-09-03 20:46:22.549507,delhi_university,28.7,979.9,81.0,28.6904,77.2066,False
2026-09-03 20:46:22.709590,ndls,32.7,979.5,81.0,28.643,77.2194,False
2026-09-03 20:46:22.568540,pragati_maidan,28.6,980.6,83.0,28.6172,77.2485,False
2026-09-03 20:46:26.102180,igi_airport,28.2,977.7,83.0,28.5562,77.1,False
2026-09-03 20:46:24.179260,lodhi_road,27.9,980.1,85.0,28.5918,77.2273,False
2026-09-03 20:46:24.226808,red_fort,28.6,979.8,83.0,28.6562,77.241,False
2026-09-03 20:46:25.002938,qutab_minar,27.5,976.1,87.0,28.5245,77.1855,False
2026-09-03 20:46:24.045743,chandni_chowk,28.6,978.6,83.0,28.6506,77.2303,False
2026-09-03 20:46:24.045743,akshardham,28.6,980.6,83.0,28.6127,77.2773,False
2026-09-03 20:46:24.188617,lotus_temple,28.1,977.6,86.0,28.5535,77.2588,False
2026-09-03 20:46:24.228799,delhi_university,28.7,979.9,81.0,28.6904,77.2066,False
2026-09-03 20:46:24.179260,ndls,28.7,979.5,81.0,28.643,77.2194,False
2026-09-03 20:46:24.045743,pragati_maidan,32.6,980.6,83.0,28.6172,77.2485,False
2026-09-03 20:46:27.169469,igi_airport,30.0,980.0,70.0,28.5562,77.1,False
2026-09-03 20:46:27.169469,lodhi_road,27.9,980.1,85.0,28.5918,77.2273,False
2026-09-03 20:46:27.169469,red_fort,28.6,979.8,83.0,28.6562,77.241,False
2026-09-03 20:46:26.929369,qutab_minar,27.5,976.1,87.0,28.5245,77.1855,False
2026-09-03 20:46:27.169469,chandni_chowk,28.6,978.6,83.0,28.6506,77.2303,False
2026-09-03 20:46:26.944431,akshardham,28.6,980.6,83.0,28.6127,77.2773,False
2026-09-03 20:46:27.169469,lotus_temple,28.1,977.6,86.0,28.5535,77.2588,False
2026-09-03 20:46:27.476205,delhi_university,28.7,979.9,81.0,28.6904,77.2066,False
2026-09-03 20:46:27.168467,ndls,28.7,979.5,81.0,28.643,77.2194,False
2026-09-03 20:46:27.169469,pragati_maidan,28.6,980.6,83.0,28.6172,77.2485,False
2026-09-03 20:46:28.417990,igi_airport,28.2,977.7,83.0,28.5562,77.1,False
2026-09-03 20:46:28.417990,lodhi_road,30.0,980.0,70.0,28.5918,77.2273,False
2026-09-03 20:46:32.654014,red_fort,28.6,979.8,83.0,28.6562,77.241,False
2026-09-03 20:46:28.529533,qutab_minar,27.5,976.1,87.0,28.5245,77.1855,False
2026-09-03 20:46:28.529533,chandni_chowk,28.6,978.6,83.0,28.6506,77.2303,False
2026-09-03 20:46:28.604750,akshardham,28.6,980.6,83.0,28.6127,77.2773,False
2026-09-03 20:46:28.900833,lotus_temple,28.1,977.6,86.0,28.5535,77.2588,False
2026-09-03 20:46:28.417990,delhi_university,28.7,979.9,81.0,28.6904,77.2066,False
2026-09-03 20:46:28.529533,ndls,28.7,979.5,81.0,28.643,77.2194,False
2026-09-03 20:46:28.686008,pragati_maidan,28.6,980.6,83.0,28.6172,77.2485,False
2026-09-03 20:46:33.612445,igi_airport,28.2,977.7,83.0,28.5562,77.1,False
2026-09-03 20:46:33.612445,lodhi_road,27.9,980.1,85.0,28.5918,77.2273,False
2026-09-03 20:46:33.810212,red_fort,30.0,980.0,70.0,28.6562,77.241,False
2026-09-03 20:46:33.810212,qutab_minar,27.5,976.1,87.0,28.5245,77.1855,False
2026-09-03 20:46:33.810212,chandni_chowk,28.6,978.6,83.0,28.6506,77.2303,False
2026-09-03 20:46:33.810212,akshardham,28.6,980.6,83.0,28.6127,77.2773,False
2026-09-03 20:46:33.626558,lotus_temple,28.1,977.6,86.0,28.5535,77.2588,False
2026-09-03 20:46:34.716467,delhi_university,28.7,979.9,81.0,28.6904,77.2066,False
2026-09-03 20:46:34.268008,ndls,28.7,979.5,81.0,28.643,77.2194,False
2026-09-03 20:46:33.642612,pragati_maidan,28.6,980.6,83.0,28.6172,77.2485,False
2026-09-03 20:46:36.414673,igi_airport,28.2,977.7,83.0,28.5562,77.1,False
2026-09-03 20:46:39.899131,lodhi_road,27.9,980.1,85.0,28.5918,77.2273,False
2026-09-03 20:46:35.676113,red_fort,28.6,979.8,83.0,28.6562,77.241,False
2026-09-03 20:46:35.846688,qutab_minar,30.0,980.0,70.0,28.5245,77.1855,False
2026-09-03 20:46:35.727205,chandni_chowk,28.6,978.6,83.0,28.6506,77.2303,False
2026-09-03 20:46:39.899131,akshardham,28.6,980.6,83.0,28.6127,77.2773,False
2026-09-03 20:46:35.918075,lotus_temple,28.1,977.6,86.0,28.5535,77.2588,False
2026-09-03 20:46:36.373030,delhi_university,28.7,979.9,81.0,28.6904,77.2066,False
2026-09-03 20:46:35.917080,ndls,28.7,979.5,81.0,28.643,77.2194,False
2026-09-03 20:46:35.676113,pragati_maidan,28.6,980.6,83.0,28.6172,77.2485,False
2026-09-03 20:46:40.849317,igi_airport,28.2,977.7,83.0,28.5562,77.1,False
2026-09-03 20:46:41.876019,lodhi_road,27.9,980.1,85.0,28.5918,77.2273,False
2026-09-03 20:46:41.963556,red_fort,28.6,979.8,83.0,28.6562,77.241,False
2026-09-03 20:46:40.857320,qutab_minar,27.5,976.1,87.0,28.5245,77.1855,False
2026-09-03 20:46:40.870350,chandni_chowk,30.0,980.0,70.0,28.6506,77.2303,False
2026-09-03 20:46:40.845322,akshardham,28.6,980.6,83.0,28.6127,77.2773,False
2026-09-03 20:46:40.858583,lotus_temple,28.1,977.6,86.0,28.5535,77.2588,False
2026-09-03 20:46:40.719010,delhi_university,28.7,979.9,81.0,28.6904,77.2066,False
2026-09-03 20:46:40.741093,ndls,28.7,979.5,81.0,28.643,77.2194,False
2026-09-03 20:46:40.870350,pragati_maidan,28.6,980.6,83.0,28.6172,77.2485,False
2026-09-03 20:46:42.795079,igi_airport,28.2,977.7,83.0,28.5562,77.1,False
2026-09-03 20:46:42.796090,lodhi_road,27.9,980.1,85.0,28.5918,77.2273,False
2026-09-03 20:46:42.795079,red_fort,28.6,979.8,83.0,28.6562,77.241,False
2026-09-03 20:46:42.793602,qutab_minar,27.5,976.1,87.0,28.5245,77.1855,False
2026-09-03 20:46:43.602511,chandni_chowk,28.6,978.6,83.0,28.6506,77.2303,False
2026-09-03 20:46:42.850160,akshardham,30.0,980.0,70.0,28.6127,77.2773,False
2026-09-03 20:46:42.775605,lotus_temple,28.1,977.6,86.0,28.5535,77.2588,False
2026-09-03 20:46:42.768602,delhi_university,28.7,979.9,81.0,28.6904,77.2066,False
2026-09-03 20:46:42.855930,ndls,28.7,979.5,81.0,28.643,77.2194,False
2026-09-03 20:46:42.835771,pragati_maidan,28.6,980.6,83.0,28.6172,77.2485,False
2026-09-03 20:46:44.703605,igi_airport,28.2,977.7,83.0,28.5562,77.1,False
2026-09-03 20:46:44.514584,lodhi_road,27.9,980.1,85.0,28.5918,77.2273,False
2026-09-03 20:46:44.697608,red_fort,28.6,979.8,83.0,28.6562,77.241,False
2026-09-03 20:46:44.870364,qutab_minar,27.5,976.1,87.0,28.5245,77.1855,False
2026-09-03 20:46:44.514584,chandni_chowk,28.6,978.6,83.0,28.6506,77.2303,False
2026-09-03 20:46:44.515576,akshardham,28.6,980.6,83.0,28.6127,77.2773,False
2026-09-03 20:46:44.605925,lotus_temple,30.0,980.0,70.0,28.5535,77.2588,False
2026-09-03 20:46:44.718307,delhi_university,28.7,979.9,81.0,28.6904,77.2066,False
2026-09-03 20:46:44.722388,ndls,28.7,979.5,81.0,28.643,77.2194,False
2026-09-03 20:46:44.878269,pragati_maidan,28.6,980.6,83.0,28.6172,77.2485,False
2026-09-03 20:46:45.795007,igi_airport,28.2,977.7,83.0,28.5562,77.1,False
2026-09-03 20:46:46.069341,lodhi_road,27.9,980.1,85.0,28.5918,77.2273,False
2026-09-03 20:46:45.740013,red_fort,28.6,979.8,83.0,28.6562,77.241,False
2026-09-03 20:46:45.740013,qutab_minar,27.5,976.1,87.0,28.5245,77.1855,False
2026-09-03 20:46:45.769017,chandni_chowk,28.6,978.6,83.0,28.6506,77.2303,False
2026-09-03 20:46:45.775010,akshardham,28.6,980.6,83.0,28.6127,77.2773,False
2026-09-03 20:46:45.933194,lotus_temple,28.1,977.6,86.0,28.5535,77.2588,False
2026-09-03 20:46:45.740013,delhi_university,30.0,980.0,70.0,28.6904,77.2066,False
2026-09-03 20:46:45.740013,ndls,28.7,979.5,81.0,28.643,77.2194,False
2026-09-03 20:46:45.955046,pragati_maidan,28.6,980.6,83.0,28.6172,77.2485,False
2026-09-03 20:46:47.073553,igi_airport,28.2,977.7,83.0,28.5562,77.1,False
2026-09-03 20:46:46.956745,lodhi_road,27.9,980.1,85.0,28.5918,77.2273,False
2026-09-03 20:46:47.385833,red_fort,28.6,979.8,83.0,28.6562,77.241,False
2026-09-03 20:46:46.957336,qutab_minar,27.5,976.1,87.0,28.5245,77.1855,False
2026-09-03 20:46:46.926348,chandni_chowk,28.6,978.6,83.0,28.6506,77.2303,False
2026-09-03 20:46:47.368969,akshardham,28.6,980.6,83.0,28.6127,77.2773,False
2026-09-03 20:46:47.611627,lotus_temple,28.1,977.6,86.0,28.5535,77.2588,False
2026-09-03 20:46:47.588437,delhi_university,28.7,979.9,81.0,28.6904,77.2066,False
2026-09-03 20:46:46.918597,ndls,30.0,980.0,70.0,28.643,77.2194,False
2026-09-03 20:46:46.948376,pragati_maidan,28.6,980.6,83.0,28.6172,77.2485,False
2026-09-03 20:46:48.559215,igi_airport,28.2,977.7,83.0,28.5562,77.1,False
2026-09-03 20:46:48.569163,lodhi_road,27.9,980.1,85.0,28.5918,77.2273,False
2026-09-03 20:46:48.565830,red_fort,28.6,979.8,83.0,28.6562,77.241,False
2026-09-03 20:46:48.544053,qutab_minar,27.5,976.1,87.0,28.5245,77.1855,False
2026-09-03 20:46:48.562837,chandni_chowk,28.6,978.6,83.0,28.6506,77.2303,False
2026-09-03 20:46:48.946023,akshardham,28.6,980.6,83.0,28.6127,77.2773,False
2026-09-03 20:46:48.569163,lotus_temple,28.1,977.6,86.0,28.5535,77.2588,False
2026-09-03 20:46:48.559215,delhi_university,28.7,979.9,81.0,28.6904,77.2066,False
2026-09-03 20:46:48.977418,ndls,28.7,979.5,81.0,28.643,77.2194,False
2026-09-03 20:46:48.553950,pragati_maidan,30.0,980.0,70.0,28.6172,77.2485,False
2026-09-03 20:46:49.847414,igi_airport,30.0,980.0,70.0,28.5562,77.1,False
2026-09-03 20:46:49.830921,lodhi_road,27.9,980.1,85.0,28.5918,77.2273,False
2026-09-03 20:46:49.829858,red_fort,28.6,979.8,83.0,28.6562,77.241,False
2026-09-03 20:46:51.018301,qutab_minar,27.5,976.1,87.0,28.5245,77.1855,False
2026-09-03 20:46:50.678132,chandni_chowk,28.6,978.6,83.0,28.6506,77.2303,False
2026-09-03 20:46:51.051278,akshardham,28.6,980.6,83.0,28.6127,77.2773,False
2026-09-03 20:46:49.851367,lotus_temple,28.1,977.6,86.0,28.5535,77.2588,False
2026-09-03 20:46:50.327628,delhi_university,28.7,979.9,81.0,28.6904,77.2066,False
2026-09-03 20:46:49.833939,ndls,28.7,979.5,81.0,28.643,77.2194,False
2026-09-03 20:46:49.841370,pragati_maidan,28.6,980.6,83.0,28.6172,77.2485,False
2026-09-03 20:46:52.061799,igi_airport,28.2,977.7,83.0,28.5562,77.1,False
2026-09-03 20:46:52.060794,lodhi_road,30.0,980.0,70.0,28.5918,77.2273,False
2026-09-03 20:46:51.924223,red_fort,28.6,979.8,83.0,28.6562,77.241,False
2026-09-03 20:46:51.924223,qutab_minar,27.5,976.1,87.0,28.5245,77.1855,False
2026-09-03 20:46:51.915825,chandni_chowk,28.6,978.6,83.0,28.6506,77.2303,False
2026-09-03 20:46:52.463048,akshardham,28.6,980.6,83.0,28.6127,77.2773,False
2026-09-03 20:46:52.061799,lotus_temple,28.1,977.6,86.0,28.5535,77.2588,False
2026-09-03 20:46:51.917825,delhi_university,28.7,979.9,81.0,28.6904,77.2066,False
2026-09-03 20:46:52.090786,ndls,28.7,979.5,81.0,28.643,77.2194,False
2026-09-03 20:46:52.551673,pragati_maidan,28.6,980.6,83.0,28.6172,77.2485,False
2026-09-03 20:46:57.771797,igi_airport,28.2,977.7,83.0,28.5562,77.1,False
2026-09-03 20:46:53.607867,lodhi_road,27.9,980.1,85.0,28.5918,77.2273,False
2026-09-03 20:46:53.636593,red_fort,30.0,980.0,70.0,28.6562,77.241,False
2026-09-03 20:46:53.644217,qutab_minar,27.5,976.1,87.0,28.5245,77.1855,False
2026-09-03 20:46:53.594869,chandni_chowk,28.6,978.6,83.0,28.6506,77.2303,False
2026-09-03 20:46:53.868836,akshardham,28.6,980.6,83.0,28.6127,77.2773,False
2026-09-03 20:46:57.771797,lotus_temple,28.1,977.6,86.0,28.5535,77.2588,False
2026-09-03 20:46:57.771797,delhi_university,28.7,979.9,81.0,28.6904,77.2066,False
2026-09-03 20:46:53.631232,ndls,28.7,979.5,81.0,28.643,77.2194,False
2026-09-03 20:46:53.710238,pragati_maidan,28.6,980.6,83.0,28.6172,77.2485,False
2026-09-03 20:46:58.790216,igi_airport,28.2,977.7,83.0,28.5562,77.1,False
2026-09-03 20:46:58.813410,lodhi_road,27.9,980.1,85.0,28.5918,77.2273,False
2026-09-03 20:47:02.960156,red_fort,30.0,980.0,70.0,28.6562,77.241,False
2026-09-03 20:46:58.817358,qutab_minar,30.0,980.0,70.0,28.5245,77.1855,False
2026-09-03 20:46:58.626978,chandni_chowk,28.6,978.6,83.0,28.6506,77.2303,False
2026-09-03 20:46:58.771311,akshardham,28.6,980.6,83.0,28.6127,77.2773,False
2026-09-03 20:46:58.824406,lotus_temple,28.1,977.6,86.0,28.5535,77.2588,False
2026-09-03 20:46:58.816347,delhi_university,28.7,979.9,81.0,28.6904,77.2066,False
2026-09-03 20:46:58.974895,ndls,28.7,979.5,81.0,28.643,77.2194,False
2026-09-03 20:46:58.789217,pragati_maidan,28.6,980.6,83.0,28.6172,77.2485,False
2026-09-03 20:47:03.937761,igi_airport,28.2,977.7,83.0,28.5562,77.1,False
2026-09-03 20:47:03.901124,lodhi_road,27.9,980.1,85.0,28.5918,77.2273,False
2026-09-03 20:47:03.897214,red_fort,28.6,979.8,83.0,28.6562,77.241,False
2026-09-03 20:47:03.863131,qutab_minar,27.5,976.1,87.0,28.5245,77.1855,False
2026-09-03 20:47:03.847483,chandni_chowk,30.0,980.0,70.0,28.6506,77.2303,False
2026-09-03 20:47:03.879126,akshardham,28.6,980.6,83.0,28.6127,77.2773,False
2026-09-03 20:47:03.901124,lotus_temple,28.1,977.6,86.0,28.5535,77.2588,False
2026-09-03 20:47:03.942762,delhi_university,28.7,979.9,81.0,28.6904,77.2066,False
2026-09-03 20:47:03.892128,ndls,28.7,979.5,81.0,28.643,77.2194,False
2026-09-03 20:47:03.832315,pragati_maidan,28.6,980.6,83.0,28.6172,77.2485,False
2026-09-03 20:47:04.799849,igi_airport,28.2,977.7,83.0,28.5562,77.1,False
2026-09-03 20:47:04.818805,lodhi_road,27.9,980.1,85.0,28.5918,77.2273,False
2026-09-03 20:47:04.793768,red_fort,28.6,979.8,83.0,28.6562,77.241,False
2026-09-03 20:47:04.924028,qutab_minar,27.5,976.1,87.0,28.5245,77.1855,False
2026-09-03 20:47:04.859566,chandni_chowk,28.6,978.6,83.0,28.6506,77.2303,False
2026-09-03 20:47:04.827857,akshardham,30.0,980.0,70.0,28.6127,77.2773,False
2026-09-03 20:47:04.847571,lotus_temple,28.1,977.6,86.0,28.5535,77.2588,False
2026-09-03 20:47:04.832918,delhi_university,28.7,979.9,81.0,28.6904,77.2066,False
2026-09-03 20:47:04.930044,ndls,28.7,979.5,81.0,28.643,77.2194,False
2026-09-03 20:47:04.822762,pragati_maidan,28.6,980.6,83.0,28.6172,77.2485,False
2026-09-03 20:47:05.895141,igi_airport,28.2,977.7,83.0,28.5562,77.1,False
2026-09-03 20:47:05.911029,lodhi_road,27.9,980.1,85.0,28.5918,77.2273,False
2026-09-03 20:47:05.938865,red_fort,28.6,979.8,83.0,28.6562,77.241,False
2026-09-03 20:47:06.161817,qutab_minar,27.5,976.1,87.0,28.5245,77.1855,False
2026-09-03 20:47:05.745962,chandni_chowk,28.6,978.6,83.0,28.6506,77.2303,False
2026-09-03 20:47:06.193040,akshardham,28.6,980.6,83.0,28.6127,77.2773,False
2026-09-03 20:47:05.937862,lotus_temple,30.0,980.0,70.0,28.5535,77.2588,False
2026-09-03 20:47:05.895141,delhi_university,28.7,979.9,81.0,28.6904,77.2066,False
2026-09-03 20:47:05.918925,ndls,28.7,979.5,81.0,28.643,77.2194,False
2026-09-03 20:47:05.949392,pragati_maidan,28.6,980.6,83.0,28.6172,77.2485,False
2026-09-03 20:47:07.328556,igi_airport,28.2,977.7,83.0,28.5562,77.1,False
2026-09-03 20:47:07.369317,lodhi_road,27.9,980.1,85.0,28.5918,77.2273,False
2026-09-03 20:47:07.582365,red_fort,28.6,979.8,83.0,28.6562,77.241,False
2026-09-03 20:47:07.355316,qutab_minar,27.5,976.1,87.0,28.5245,77.1855,False
2026-09-03 20:47:07.203201,chandni_chowk,28.6,978.6,83.0,28.6506,77.2303,False
2026-09-03 20:47:08.317598,akshardham,28.6,980.6,83.0,28.6127,77.2773,False
2026-09-03 20:47:07.570365,lotus_temple,28.1,977.6,86.0,28.5535,77.2588,False
2026-09-03 20:47:07.589375,delhi_university,30.0,980.0,70.0,28.6904,77.2066,False
2026-09-03 20:47:07.204248,ndls,28.7,979.5,81.0,28.643,77.2194,False
2026-09-03 20:47:07.622365,pragati_maidan,28.6,980.6,83.0,28.6172,77.2485,False
2026-09-03 20:47:09.231609,igi_airport,28.2,977.7,83.0,28.5562,77.1,False
2026-09-03 20:47:09.228611,lodhi_road,27.9,980.1,85.0,28.5918,77.2273,False
2026-09-03 20:47:09.466576,red_fort,28.6,979.8,83.0,28.6562,77.241,False
2026-09-03 20:47:09.406977,qutab_minar,27.5,976.1,87.0,28.5245,77.1855,False
2026-09-03 20:47:09.355626,chandni_chowk,28.6,978.6,83.0,28.6506,77.2303,False
2026-09-03 20:47:09.164056,akshardham,28.6,980.6,83.0,28.6127,77.2773,False
2026-09-03 20:47:09.224611,lotus_temple,28.1,977.6,86.0,28.5535,77.2588,False
2026-09-03 20:47:09.200628,delhi_university,28.7,979.9,81.0,28.6904,77.2066,False
2026-09-03 20:47:09.224611,ndls,30.0,980.0,70.0,28.643,77.2194,False
2026-09-03 20:47:09.200628,pragati_maidan,28.6,980.6,83.0,28.6172,77.2485,False
2026-09-03 20:47:10.402104,igi_airport,28.2,977.7,83.0,28.5562,77.1,False
2026-09-03 20:47:10.365314,lodhi_road,27.9,980.1,85.0,28.5918,77.2273,False
2026-09-03 20:47:10.379001,red_fort,28.6,979.8,83.0,28.6562,77.241,False
2026-09-03 20:47:10.318741,qutab_minar,27.5,976.1,87.0,28.5245,77.1855,False
2026-09-03 20:47:10.363271,chandni_chowk,28.6,978.6,83.0,28.6506,77.2303,False
2026-09-03 20:47:10.337844,akshardham,28.6,980.6,83.0,28.6127,77.2773,False
2026-09-03 20:47:10.336737,lotus_temple,28.1,977.6,86.0,28.5535,77.2588,False
2026-09-03 20:47:10.310024,delhi_university,28.7,979.9,81.0,28.6904,77.2066,False
2026-09-03 20:47:10.419506,ndls,28.7,979.5,81.0,28.643,77.2194,False
2026-09-03 20:47:10.378,pragati_maidan,30.0,980.0,70.0,28.6172,77.2485,False
2026-09-03 20:47:11.263038,igi_airport,32.7,977.7,83.0,28.5562,77.1,False
2026-09-03 20:47:11.407962,lodhi_road,27.9,980.1,85.0,28.5918,77.2273,False
2026-09-03 20:47:11.688942,red_fort,28.6,979.8,83.0,28.6562,77.241,False
2026-09-03 20:47:11.418129,qutab_minar,27.5,976.1,87.0,28.5245,77.1855,False
2026-09-03 20:47:11.424138,chandni_chowk,28.6,978.6,83.0,28.6506,77.2303,False
2026-09-03 20:47:11.423133,akshardham,28.6,980.6,83.0,28.6127,77.2773,False
2026-09-03 20:47:11.423133,lotus_temple,28.1,977.6,86.0,28.5535,77.2588,False
2026-09-03 20:47:11.238382,delhi_university,28.7,979.9,81.0,28.6904,77.2066,False
2026-09-03 20:47:11.416120,ndls,28.7,979.5,81.0,28.643,77.2194,False
2026-09-03 20:47:11.292227,pragati_maidan,28.6,980.6,83.0,28.6172,77.2485,False
2026-09-03 20:47:12.683826,igi_airport,28.2,977.7,83.0,28.5562,77.1,False
2026-09-03 20:47:12.697545,lodhi_road,32.4,980.1,85.0,28.5918,77.2273,False
2026-09-03 20:47:12.683826,red_fort,28.6,979.8,83.0,28.6562,77.241,False
2026-09-03 20:47:12.526074,qutab_minar,27.5,976.1,87.0,28.5245,77.1855,False
2026-09-03 20:47:12.670577,chandni_chowk,28.6,978.6,83.0,28.6506,77.2303,False
2026-09-03 20:47:12.524709,akshardham,28.6,980.6,83.0,28.6127,77.2773,False
2026-09-03 20:47:12.965717,lotus_temple,28.1,977.6,86.0,28.5535,77.2588,False
2026-09-03 20:47:12.679636,delhi_university,28.7,979.9,81.0,28.6904,77.2066,False
2026-09-03 20:47:12.526074,ndls,28.7,979.5,81.0,28.643,77.2194,False
2026-09-03 20:47:12.668511,pragati_maidan,28.6,980.6,83.0,28.6172,77.2485,False
2026-09-03 20:47:14.046093,igi_airport,28.2,977.7,83.0,28.5562,77.1,False
2026-09-03 20:47:14.252723,lodhi_road,27.9,980.1,85.0,28.5918,77.2273,False
2026-09-03 20:47:14.104495,red_fort,33.1,979.8,83.0,28.6562,77.241,False
2026-09-03 20:47:14.046093,qutab_minar,27.5,976.1,87.0,28.5245,77.1855,False
2026-09-03 20:47:14.044726,chandni_chowk,28.6,978.6,83.0,28.6506,77.2303,False
2026-09-03 20:47:14.044726,akshardham,28.6,980.6,83.0,28.6127,77.2773,False
2026-09-03 20:47:14.046093,lotus_temple,28.1,977.6,86.0,28.5535,77.2588,False
2026-09-03 20:47:14.046093,delhi_university,28.7,979.9,81.0,28.6904,77.2066,False
2026-09-03 20:47:14.089168,ndls,28.7,979.5,81.0,28.643,77.2194,False
2026-09-03 20:47:13.782418,pragati_maidan,28.6,980.6,83.0,28.6172,77.2485,False
2026-09-03 20:47:15.164221,igi_airport,28.2,977.7,83.0,28.5562,77.1,False
2026-09-03 20:47:15.217276,lodhi_road,27.9,980.1,85.0,28.5918,77.2273,False
2026-09-03 20:47:15.201240,red_fort,28.6,979.8,83.0,28.6562,77.241,False
2026-09-03 20:47:15.146071,qutab_minar,32.0,976.1,87.0,28.5245,77.1855,False
2026-09-03 20:47:15.184230,chandni_chowk,28.6,978.6,83.0,28.6506,77.2303,False
2026-09-03 20:47:15.187306,akshardham,28.6,980.6,83.0,28.6127,77.2773,False
2026-09-03 20:47:15.099317,lotus_temple,28.1,977.6,86.0,28.5535,77.2588,False
2026-09-03 20:47:15.257015,delhi_university,28.7,979.9,81.0,28.6904,77.2066,False
2026-09-03 20:47:15.146071,ndls,28.7,979.5,81.0,28.643,77.2194,False
2026-09-03 20:47:15.129853,pragati_maidan,28.6,980.6,83.0,28.6172,77.2485,False
2026-09-03 20:47:16.193196,igi_airport,28.2,977.7,83.0,28.5562,77.1,False
2026-09-03 20:47:16.095406,lodhi_road,27.9,980.1,85.0,28.5918,77.2273,False
2026-09-03 20:47:16.145692,red_fort,28.6,979.8,83.0,28.6562,77.241,False
2026-09-03 20:47:16.134682,qutab_minar,27.5,976.1,87.0,28.5245,77.1855,False
2026-09-03 20:47:16.085407,chandni_chowk,33.1,978.6,83.0,28.6506,77.2303,False
2026-09-03 20:47:16.207699,akshardham,28.6,980.6,83.0,28.6127,77.2773,False
2026-09-03 20:47:16.276303,lotus_temple,28.1,977.6,86.0,28.5535,77.2588,False
2026-09-03 20:47:16.194196,delhi_university,28.7,979.9,81.0,28.6904,77.2066,False
2026-09-03 20:47:16.555681,ndls,28.7,979.5,81.0,28.643,77.2194,False
2026-09-03 20:47:16.163826,pragati_maidan,28.6,980.6,83.0,28.6172,77.2485,False
2026-09-03 20:47:17.480630,igi_airport,28.2,977.7,83.0,28.5562,77.1,False
2026-09-03 20:47:17.461834,lodhi_road,27.9,980.1,85.0,28.5918,77.2273,False
2026-09-03 20:47:17.400277,red_fort,28.6,979.8,83.0,28.6562,77.241,False
2026-09-03 20:47:17.438115,qutab_minar,27.5,976.1,87.0,28.5245,77.1855,False
2026-09-03 20:47:17.573379,chandni_chowk,28.6,978.6,83.0,28.6506,77.2303,False
2026-09-03 20:47:17.438115,akshardham,33.1,980.6,83.0,28.6127,77.2773,False
2026-09-03 20:47:17.513651,lotus_temple,28.1,977.6,86.0,28.5535,77.2588,False
2026-09-03 20:47:17.484644,delhi_university,28.7,979.9,81.0,28.6904,77.2066,False
2026-09-03 20:47:17.399180,ndls,28.7,979.5,81.0,28.643,77.2194,False
2026-09-03 20:47:17.467839,pragati_maidan,28.6,980.6,83.0,28.6172,77.2485,False
2026-09-03 20:47:19.659325,igi_airport,28.2,977.7,83.0,28.5562,77.1,False
2026-09-03 20:47:18.543906,lodhi_road,27.9,980.1,85.0,28.5918,77.2273,False
2026-09-03 20:47:18.543906,red_fort,28.6,979.8,83.0,28.6562,77.241,False
2026-09-03 20:47:19.281907,qutab_minar,27.5,976.1,87.0,28.5245,77.1855,False
2026-09-03 20:47:18.543906,chandni_chowk,28.6,978.6,83.0,28.6506,77.2303,False
2026-09-03 20:47:19.271880,akshardham,28.6,980.6,83.0,28.6127,77.2773,False
2026-09-03 20:47:18.543906,lotus_temple,32.6,977.6,86.0,28.5535,77.2588,False
2026-09-03 20:47:18.543906,delhi_university,28.7,979.9,81.0,28.6904,77.2066,False
2026-09-03 20:47:18.618424,ndls,28.7,979.5,81.0,28.643,77.2194,False
2026-09-03 20:47:18.617117,pragati_maidan,28.6,980.6,83.0,28.6172,77.2485,False
2026-09-03 20:47:20.580761,igi_airport,28.2,977.7,83.0,28.5562,77.1,False
2026-09-03 20:47:20.553838,lodhi_road,27.9,980.1,85.0,28.5918,77.2273,False
2026-09-03 20:47:20.601411,red_fort,28.6,979.8,83.0,28.6562,77.241,False
2026-09-03 20:47:20.569760,qutab_minar,27.5,976.1,87.0,28.5245,77.1855,False
2026-09-03 20:47:20.617551,chandni_chowk,28.6,978.6,83.0,28.6506,77.2303,False
2026-09-03 20:47:20.513069,akshardham,28.6,980.6,83.0,28.6127,77.2773,False
2026-09-03 20:47:20.615542,lotus_temple,28.1,977.6,86.0,28.5535,77.2588,False
2026-09-03 20:47:20.582829,delhi_university,33.2,979.9,81.0,28.6904,77.2066,False
2026-09-03 20:47:20.537792,ndls,28.7,979.5,81.0,28.643,77.2194,False
2026-09-03 20:47:20.585317,pragati_maidan,28.6,980.6,83.0,28.6172,77.2485,False
2026-09-03 20:47:21.531523,igi_airport,28.2,977.7,83.0,28.5562,77.1,False
2026-09-03 20:47:21.478526,lodhi_road,27.9,980.1,85.0,28.5918,77.2273,False
2026-09-03 20:47:21.526521,red_fort,28.6,979.8,83.0,28.6562,77.241,False
2026-09-03 20:47:21.435514,qutab_minar,27.5,976.1,87.0,28.5245,77.1855,False
2026-09-03 20:47:21.475577,chandni_chowk,28.6,978.6,83.0,28.6506,77.2303,False
2026-09-03 20:47:21.485577,akshardham,28.6,980.6,83.0,28.6127,77.2773,False
2026-09-03 20:47:21.539430,lotus_temple,28.1,977.6,86.0,28.5535,77.2588,False
2026-09-03 20:47:21.472527,delhi_university,28.7,979.9,81.0,28.6904,77.2066,False
2026-09-03 20:47:21.526521,ndls,33.2,979.5,81.0,28.643,77.2194,False
2026-09-03 20:47:21.461525,pragati_maidan,28.6,980.6,83.0,28.6172,77.2485,False
2026-09-03 20:47:22.339574,igi_airport,28.2,977.7,83.0,28.5562,77.1,False
2026-09-03 20:47:22.574318,lodhi_road,27.9,980.1,85.0,28.5918,77.2273,False
2026-09-03 20:47:22.341555,red_fort,28.6,979.8,83.0,28.6562,77.241,False
2026-09-03 20:47:22.664145,qutab_minar,27.5,976.1,87.0,28.5245,77.1855,False
2026-09-03 20:47:22.574318,chandni_chowk,28.6,978.6,83.0,28.6506,77.2303,False
2026-09-03 20:47:23.067544,akshardham,28.6,980.6,83.0,28.6127,77.2773,False
2026-09-03 20:47:22.574318,lotus_temple,28.1,977.6,86.0,28.5535,77.2588,False
2026-09-03 20:47:23.443523,delhi_university,28.7,979.9,81.0,28.6904,77.2066,False
2026-09-03 20:47:23.267583,ndls,28.7,979.5,81.0,28.643,77.2194,False
2026-09-03 20:47:22.574318,pragati_maidan,33.1,980.6,83.0,28.6172,77.2485,False
2026-09-03 20:47:24.406283,igi_airport,32.7,977.7,83.0,28.5562,77.1,False
2026-09-03 20:47:24.401222,lodhi_road,27.9,980.1,85.0,28.5918,77.2273,False
2026-09-03 20:47:24.434765,red_fort,28.6,979.8,83.0,28.6562,77.241,False
2026-09-03 20:47:24.402241,qutab_minar,27.5,976.1,87.0,28.5245,77.1855,False
2026-09-03 20:47:24.472180,chandni_chowk,28.6,978.6,83.0,28.6506,77.2303,False
2026-09-03 20:47:24.480246,akshardham,28.6,980.6,83.0,28.6127,77.2773,False
2026-09-03 20:47:24.374801,lotus_temple,28.1,977.6,86.0,28.5535,77.2588,False
2026-09-03 20:47:24.374801,delhi_university,28.7,979.9,81.0,28.6904,77.2066,False
2026-09-03 20:47:24.334296,ndls,28.7,979.5,81.0,28.643,77.2194,False
2026-09-03 20:47:24.370617,pragati_maidan,28.6,980.6,83.0,28.6172,77.2485,False
2026-09-03 20:47:25.412147,igi_airport,28.2,977.7,83.0,28.5562,77.1,False
2026-09-03 20:47:25.545984,lodhi_road,32.4,980.1,85.0,28.5918,77.2273,False
2026-09-03 20:47:29.889109,red_fort,28.6,979.8,83.0,28.6562,77.241,False
2026-09-03 20:47:25.587968,qutab_minar,27.5,976.1,87.0,28.5245,77.1855,False
2026-09-03 20:47:25.549991,chandni_chowk,28.6,978.6,83.0,28.6506,77.2303,False
2026-09-03 20:47:25.687748,akshardham,28.6,980.6,83.0,28.6127,77.2773,False
2026-09-03 20:47:25.548993,lotus_temple,28.1,977.6,86.0,28.5535,77.2588,False
2026-09-03 20:47:25.543547,delhi_university,28.7,979.9,81.0,28.6904,77.2066,False
2026-09-03 20:47:25.414144,ndls,28.7,979.5,81.0,28.643,77.2194,False
2026-09-03 20:47:25.629807,pragati_maidan,28.6,980.6,83.0,28.6172,77.2485,False
2026-09-03 20:47:30.839159,igi_airport,28.2,977.7,83.0,28.5562,77.1,False
2026-09-03 20:47:30.834734,lodhi_road,27.9,980.1,85.0,28.5918,77.2273,False
2026-09-03 20:47:30.828781,red_fort,33.1,979.8,83.0,28.6562,77.241,False
2026-09-03 20:47:30.842242,qutab_minar,27.5,976.1,87.0,28.5245,77.1855,False
2026-09-03 20:47:31.574563,chandni_chowk,28.6,978.6,83.0,28.6506,77.2303,False
2026-09-03 20:47:30.863150,akshardham,28.6,980.6,83.0,28.6127,77.2773,False
2026-09-03 20:47:30.844148,lotus_temple,28.1,977.6,86.0,28.5535,77.2588,False
2026-09-03 20:47:30.833737,delhi_university,28.7,979.9,81.0,28.6904,77.2066,False
2026-09-03 20:47:30.833737,ndls,28.7,979.5,81.0,28.643,77.2194,False
2026-09-03 20:47:30.863150,pragati_maidan,28.6,980.6,83.0,28.6172,77.2485,False
2026-09-03 20:47:32.536729,igi_airport,28.2,977.7,83.0,28.5562,77.1,False
2026-09-03 20:47:32.684342,lodhi_road,27.9,980.1,85.0,28.5918,77.2273,False
2026-09-03 20:47:32.512596,red_fort,28.6,979.8,83.0,28.6562,77.241,False
2026-09-03 20:47:32.553247,qutab_minar,32.0,976.1,87.0,28.5245,77.1855,False
2026-09-03 20:47:32.684342,chandni_chowk,28.6,978.6,83.0,28.6506,77.2303,False
2026-09-03 20:47:32.684342,akshardham,28.6,980.6,83.0,28.6127,77.2773,False
2026-09-03 20:47:32.684342,lotus_temple,28.1,977.6,86.0,28.5535,77.2588,False
2026-09-03 20:47:32.684342,delhi_university,28.7,979.9,81.0,28.6904,77.2066,False
2026-09-03 20:47:33.108566,ndls,28.7,979.5,81.0,28.643,77.2194,False
2026-09-03 20:47:32.527708,pragati_maidan,28.6,980.6,83.0,28.6172,77.2485,False
2026-09-03 20:47:34.860744,igi_airport,28.2,977.7,83.0,28.5562,77.1,False
2026-09-03 20:47:34.116402,lodhi_road,27.9,980.1,85.0,28.5918,77.2273,False
2026-09-03 20:47:34.848725,red_fort,28.6,979.8,83.0,28.6562,77.241,False
2026-09-03 20:47:34.361375,qutab_minar,27.5,976.1,87.0,28.5245,77.1855,False
2026-09-03 20:47:34.119902,chandni_chowk,33.1,978.6,83.0,28.6506,77.2303,False
2026-09-03 20:47:34.116402,akshardham,28.6,980.6,83.0,28.6127,77.2773,False
2026-09-03 20:47:34.050709,lotus_temple,28.1,977.6,86.0,28.5535,77.2588,False
2026-09-03 20:47:34.119902,delhi_university,28.7,979.9,81.0,28.6904,77.2066,False
2026-09-03 20:47:34.699298,ndls,28.7,979.5,81.0,28.643,77.2194,False
2026-09-03 20:47:34.919872,pragati_maidan,28.6,980.6,83.0,28.6172,77.2485,False
2026-09-03 20:47:35.799592,igi_airport,28.2,977.7,83.0,28.5562,77.1,False
2026-09-03 20:47:35.814590,lodhi_road,27.9,980.1,85.0,28.5918,77.2273,False
2026-09-03 20:47:35.862466,red_fort,28.6,979.8,83.0,28.6562,77.241,False
2026-09-03 20:47:35.750298,qutab_minar,27.5,976.1,87.0,28.5245,77.1855,False
2026-09-03 20:47:35.824733,chandni_chowk,28.6,978.6,83.0,28.6506,77.2303,False
2026-09-03 20:47:35.814590,akshardham,33.1,980.6,83.0,28.6127,77.2773,False
2026-09-03 20:47:35.865454,lotus_temple,28.1,977.6,86.0,28.5535,77.2588,False
2026-09-03 20:47:35.768388,delhi_university,28.7,979.9,81.0,28.6904,77.2066,False
2026-09-03 20:47:35.848456,ndls,28.7,979.5,81.0,28.643,77.2194,False
2026-09-03 20:47:35.763385,pragati_maidan,28.6,980.6,83.0,28.6172,77.2485,False
2026-09-03 20:47:36.916028,igi_airport,28.2,977.7,83.0,28.5562,77.1,False
2026-09-03 20:47:36.764658,lodhi_road,27.9,980.1,85.0,28.5918,77.2273,False
2026-09-03 20:47:36.754991,red_fort,28.6,979.8,83.0,28.6562,77.241,False
2026-09-03 20:47:36.692019,qutab_minar,27.5,976.1,87.0,28.5245,77.1855,False
2026-09-03 20:47:36.780746,chandni_chowk,28.6,978.6,83.0,28.6506,77.2303,False
2026-09-03 20:47:36.771727,akshardham,28.6,980.6,83.0,28.6127,77.2773,False
2026-09-03 20:47:36.823658,lotus_temple,32.6,977.6,86.0,28.5535,77.2588,False
2026-09-03 20:47:36.758984,delhi_university,28.7,979.9,81.0,28.6904,77.2066,False
2026-09-03 20:47:36.705947,ndls,28.7,979.5,81.0,28.643,77.2194,False
2026-09-03 20:47:36.803760,pragati_maidan,28.6,980.6,83.0,28.6172,77.2485,False
2026-09-03 20:47:37.890859,igi_airport,28.2,977.7,83.0,28.5562,77.1,False
2026-09-03 20:47:37.811093,lodhi_road,27.9,980.1,85.0,28.5918,77.2273,False
2026-09-03 20:47:37.780087,red_fort,28.6,979.8,83.0,28.6562,77.241,False
2026-09-03 20:47:37.835089,qutab_minar,27.5,976.1,87.0,28.5245,77.1855,False
2026-09-03 20:47:37.845094,chandni_chowk,28.6,978.6,83.0,28.6506,77.2303,False
2026-09-03 20:47:38.433365,akshardham,28.6,980.6,83.0,28.6127,77.2773,False
2026-09-03 20:47:37.772178,lotus_temple,28.1,977.6,86.0,28.5535,77.2588,False
2026-09-03 20:47:37.824089,delhi_university,33.2,979.9,81.0,28.6904,77.2066,False
2026-09-03 20:47:37.869859,ndls,28.7,979.5,81.0,28.643,77.2194,False
2026-09-03 20:47:37.808092,pragati_maidan,28.6,980.6,83.0,28.6172,77.2485,False
2026-09-03 20:47:39.448384,igi_airport,28.2,977.7,83.0,28.5562,77.1,False
2026-09-03 20:47:39.448384,lodhi_road,27.9,980.1,85.0,28.5918,77.2273,False
2026-09-03 20:47:39.448384,red_fort,28.6,979.8,83.0,28.6562,77.241,False
2026-09-03 20:47:39.448384,qutab_minar,27.5,976.1,87.0,28.5245,77.1855,False
2026-09-03 20:47:39.448384,chandni_chowk,28.6,978.6,83.0,28.6506,77.2303,False
2026-09-03 20:47:39.531834,akshardham,28.6,980.6,83.0,28.6127,77.2773,False
2026-09-03 20:47:39.448384,lotus_temple,28.1,977.6,86.0,28.5535,77.2588,False
2026-09-03 20:47:39.706490,delhi_university,28.7,979.9,81.0,28.6904,77.2066,False
2026-09-03 20:47:39.448384,ndls,33.2,979.5,81.0,28.643,77.2194,False
2026-09-03 20:47:39.448384,pragati_maidan,28.6,980.6,83.0,28.6172,77.2485,False
2026-09-03 20:47:40.678780,igi_airport,28.2,977.7,83.0,28.5562,77.1,False
2026-09-03 20:47:40.679744,lodhi_road,27.9,980.1,85.0,28.5918,77.2273,False
2026-09-03 20:47:40.869095,red_fort,28.6,979.8,83.0,28.6562,77.241,False
2026-09-03 20:47:40.678780,qutab_minar,27.5,976.1,87.0,28.5245,77.1855,False
2026-09-03 20:47:40.679744,chandni_chowk,28.6,978.6,83.0,28.6506,77.2303,False
2026-09-03 20:47:41.072357,akshardham,28.6,980.6,83.0,28.6127,77.2773,False
2026-09-03 20:47:40.540676,lotus_temple,28.1,977.6,86.0,28.5535,77.2588,False
2026-09-03 20:47:40.678780,delhi_university,28.7,979.9,81.0,28.6904,77.2066,False
2026-09-03 20:47:40.678780,ndls,28.7,979.5,81.0,28.643,77.2194,False
2026-09-03 20:47:40.754181,pragati_maidan,33.1,980.6,83.0,28.6172,77.2485,False
2026-09-03 20:50:11.405568,igi_airport,28.2,977.7,83.0,28.5562,77.1,False
2026-09-03 20:50:11.290836,lodhi_road,27.9,980.1,85.0,28.5918,77.2273,False
2026-09-03 20:50:11.290836,red_fort,28.6,979.8,83.0,28.6562,77.241,False
2026-09-03 20:50:11.290836,qutab_minar,27.5,976.1,87.0,28.5245,77.1855,False
2026-09-03 20:50:11.290836,chandni_chowk,28.6,978.6,83.0,28.6506,77.2303,False
2026-09-03 20:50:11.290836,akshardham,28.6,980.6,83.0,28.6127,77.2773,False
2026-09-03 20:50:11.290836,lotus_temple,28.1,977.6,86.0,28.5535,77.2588,False
2026-09-03 20:50:11.290836,delhi_university,28.7,979.9,81.0,28.6904,77.2066,False
2026-09-03 20:50:11.047572,ndls,28.7,979.5,81.0,28.643,77.2194,False
2026-09-03 20:50:11.054662,pragati_maidan,28.6,980.6,83.0,28.6172,77.2485,False
2026-09-03 20:50:12.154927,igi_airport,28.2,977.7,83.0,28.5562,77.1,False
2026-09-03 20:50:12.163729,lodhi_road,27.9,980.1,85.0,28.5918,77.2273,False
2026-09-03 20:50:12.235312,red_fort,28.6,979.8,83.0,28.6562,77.241,False
2026-09-03 20:50:12.241718,qutab_minar,27.5,976.1,87.0,28.5245,77.1855,False
2026-09-03 20:50:12.235312,chandni_chowk,28.6,978.6,83.0,28.6506,77.2303,False
2026-09-03 20:50:12.241718,akshardham,28.6,980.6,83.0,28.6127,77.2773,False
2026-09-03 20:50:12.205272,lotus_temple,28.1,977.6,86.0,28.5535,77.2588,False
2026-09-03 20:50:12.212785,delhi_university,28.7,979.9,81.0,28.6904,77.2066,False
2026-09-03 20:50:12.141476,ndls,28.7,979.5,81.0,28.643,77.2194,False
2026-09-03 20:50:12.235312,pragati_maidan,28.6,980.6,83.0,28.6172,77.2485,False
2026-09-04 01:16:45.151164,igi_airport,26.9,978.3,92.0,28.5562,77.1,False
2026-09-04 01:16:45.189171,lodhi_road,26.9,980.8,92.0,28.5918,77.2273,False
2026-09-04 01:16:45.198166,red_fort,27.3,980.5,93.0,28.6562,77.241,False
2026-09-04 01:16:45.198166,qutab_minar,26.7,976.8,92.0,28.5245,77.1855,False
2026-09-04 01:16:45.152166,chandni_chowk,27.3,979.3,93.0,28.6506,77.2303,False
2026-09-04 01:16:45.150167,akshardham,27.3,981.3,93.0,28.6127,77.2773,False
2026-09-04 01:16:45.193167,lotus_temple,26.9,978.2,94.0,28.5535,77.2588,False
2026-09-04 01:16:45.187167,delhi_university,27.4,980.7,89.0,28.6904,77.2066,False
2026-09-04 01:16:45.148164,ndls,27.4,980.2,89.0,28.643,77.2194,False
2026-09-04 01:16:45.215277,pragati_maidan,27.3,981.3,93.0,28.6172,77.2485,False
2026-09-04 01:16:46.031441,igi_airport,26.9,978.3,92.0,28.5562,77.1,False
2026-09-04 01:16:46.031441,lodhi_road,26.9,980.8,92.0,28.5918,77.2273,False
2026-09-04 01:16:46.031441,red_fort,27.3,980.5,93.0,28.6562,77.241,False
2026-09-04 01:16:46.020719,qutab_minar,26.7,976.8,92.0,28.5245,77.1855,False
2026-09-04 01:16:46.042759,chandni_chowk,27.3,979.3,93.0,28.6506,77.2303,False
2026-09-04 01:16:46.066378,akshardham,27.3,981.3,93.0,28.6127,77.2773,False
2026-09-04 01:16:46.010711,lotus_temple,26.9,978.2,94.0,28.5535,77.2588,False
2026-09-04 01:16:46.079286,delhi_university,27.4,980.7,89.0,28.6904,77.2066,False
2026-09-04 01:16:46.102617,ndls,27.4,980.2,89.0,28.643,77.2194,False
2026-09-04 01:16:46.054397,pragati_maidan,27.3,981.3,93.0,28.6172,77.2485,False
2026-09-04 01:21:47.103218,igi_airport,26.9,978.3,92.0,28.5562,77.1,False
2026-09-04 01:21:47.349730,lodhi_road,26.9,980.8,92.0,28.5918,77.2273,False
2026-09-04 01:21:47.107624,red_fort,27.3,980.5,93.0,28.6562,77.241,False
2026-09-04 01:21:46.991627,qutab_minar,26.7,976.8,92.0,28.5245,77.1855,False
2026-09-04 01:21:47.103218,chandni_chowk,27.3,979.3,93.0,28.6506,77.2303,False
2026-09-04 01:21:46.962290,akshardham,27.3,981.3,93.0,28.6127,77.2773,False
2026-09-04 01:21:47.389573,lotus_temple,26.9,978.2,94.0,28.5535,77.2588,False
2026-09-04 01:21:46.965349,delhi_university,27.4,980.7,89.0,28.6904,77.2066,False
2026-09-04 01:21:46.979627,ndls,27.4,980.2,89.0,28.643,77.2194,False
2026-09-04 01:21:47.350728,pragati_maidan,27.3,981.3,93.0,28.6172,77.2485,False
2026-09-04 01:25:52.914168,igi_airport,26.9,978.3,92.0,28.5562,77.1,False
2026-09-04 01:25:53.296370,lodhi_road,26.9,980.8,92.0,28.5918,77.2273,False
2026-09-04 01:25:53.168925,red_fort,27.3,980.5,93.0,28.6562,77.241,False
2026-09-04 01:25:52.634918,qutab_minar,26.7,976.8,92.0,28.5245,77.1855,False
2026-09-04 01:25:52.914168,chandni_chowk,27.3,979.3,93.0,28.6506,77.2303,False
2026-09-04 01:25:52.743263,akshardham,27.3,981.3,93.0,28.6127,77.2773,False
2026-09-04 01:25:52.530855,lotus_temple,26.9,978.2,94.0,28.5535,77.2588,False
2026-09-04 01:25:52.530855,delhi_university,27.4,980.7,89.0,28.6904,77.2066,False
2026-09-04 01:25:52.634404,ndls,27.4,980.2,89.0,28.643,77.2194,False
2026-09-04 01:25:52.914168,pragati_maidan,27.3,981.3,93.0,28.6172,77.2485,False
2026-09-04 01:26:48.274272,igi_airport,26.9,978.3,92.0,28.5562,77.1,False
2026-09-04 01:26:48.384039,lodhi_road,26.9,980.8,92.0,28.5918,77.2273,False
2026-09-04 01:26:48.384039,red_fort,27.3,980.5,93.0,28.6562,77.241,False
2026-09-04 01:26:48.383040,qutab_minar,26.7,976.8,92.0,28.5245,77.1855,False
2026-09-04 01:26:48.751288,chandni_chowk,27.3,979.3,93.0,28.6506,77.2303,False
2026-09-04 01:26:48.384039,akshardham,27.3,981.3,93.0,28.6127,77.2773,False
2026-09-04 01:26:48.383040,lotus_temple,26.9,978.2,94.0,28.5535,77.2588,False
2026-09-04 01:26:48.265370,delhi_university,27.4,980.7,89.0,28.6904,77.2066,False
2026-09-04 01:26:48.384039,ndls,27.4,980.2,89.0,28.643,77.2194,False
2026-09-04 01:26:48.274272,pragati_maidan,27.3,981.3,93.0,28.6172,77.2485,False
2026-09-04 01:31:49.982360,igi_airport,26.9,978.2,91.0,28.5562,77.1,False
2026-09-04 01:31:49.741234,lodhi_road,26.9,980.7,92.0,28.5918,77.2273,False
2026-09-04 01:31:49.798063,red_fort,27.2,980.4,93.0,28.6562,77.241,False
2026-09-04 01:31:50.372644,qutab_minar,26.6,976.6,92.0,28.5245,77.1855,False
2026-09-04 01:31:49.741234,chandni_chowk,27.2,979.2,93.0,28.6506,77.2303,False
2026-09-04 01:31:49.741234,akshardham,27.2,981.2,93.0,28.6127,77.2773,False
2026-09-04 01:31:49.723513,lotus_temple,26.9,978.1,94.0,28.5535,77.2588,False
2026-09-04 01:31:50.164478,delhi_university,27.4,980.6,89.0,28.6904,77.2066,False
2026-09-04 01:31:49.792503,ndls,27.4,980.1,89.0,28.643,77.2194,False
2026-09-04 01:31:49.741234,pragati_maidan,27.2,981.2,93.0,28.6172,77.2485,False
2026-09-04 01:36:52.177716,igi_airport,26.9,978.2,91.0,28.5562,77.1,False
2026-09-04 01:36:51.644361,lodhi_road,26.9,980.7,92.0,28.5918,77.2273,False
2026-09-04 01:36:51.667724,red_fort,27.2,980.4,93.0,28.6562,77.241,False
2026-09-04 01:36:51.644361,qutab_minar,26.6,976.6,92.0,28.5245,77.1855,False
2026-09-04 01:36:51.657712,chandni_chowk,27.2,979.2,93.0,28.6506,77.2303,False
2026-09-04 01:36:51.989967,akshardham,27.2,981.2,93.0,28.6127,77.2773,False
2026-09-04 01:36:51.637320,lotus_temple,26.9,978.1,94.0,28.5535,77.2588,False
2026-09-04 01:36:51.644361,delhi_university,27.4,980.6,89.0,28.6904,77.2066,False
2026-09-04 01:36:51.644361,ndls,27.4,980.1,89.0,28.643,77.2194,False
2026-09-04 01:36:51.648325,pragati_maidan,27.2,981.2,93.0,28.6172,77.2485,False
2026-09-04 01:41:53.132030,igi_airport,26.9,978.2,91.0,28.5562,77.1,False
2026-09-04 01:41:53.125758,lodhi_road,26.9,980.7,92.0,28.5918,77.2273,False
2026-09-04 01:41:53.093307,red_fort,27.2,980.4,93.0,28.6562,77.241,False
2026-09-04 01:41:53.282275,qutab_minar,26.6,976.6,92.0,28.5245,77.1855,False
2026-09-04 01:41:53.141144,chandni_chowk,27.2,979.2,93.0,28.6506,77.2303,False
2026-09-04 01:41:53.098765,akshardham,27.2,981.2,93.0,28.6127,77.2773,False
2026-09-04 01:41:53.155194,lotus_temple,26.9,978.1,94.0,28.5535,77.2588,False
2026-09-04 01:41:53.088307,delhi_university,27.4,980.6,89.0,28.6904,77.2066,False
2026-09-04 01:41:53.066316,ndls,27.4,980.1,89.0,28.643,77.2194,False
2026-09-04 01:41:53.070407,pragati_maidan,27.2,981.2,93.0,28.6172,77.2485,False
2026-09-04 01:42:16.835775,igi_airport,26.9,978.2,91.0,28.5562,77.1,False
2026-09-04 01:42:16.835775,lodhi_road,26.9,980.7,92.0,28.5918,77.2273,False
2026-09-04 01:42:16.833768,red_fort,27.2,980.4,93.0,28.6562,77.241,False
2026-09-04 01:42:16.835775,qutab_minar,26.6,976.6,92.0,28.5245,77.1855,False
2026-09-04 01:42:16.835775,chandni_chowk,27.2,979.2,93.0,28.6506,77.2303,False
2026-09-04 01:42:16.835775,akshardham,27.2,981.2,93.0,28.6127,77.2773,False
2026-09-04 01:42:16.834815,lotus_temple,26.9,978.1,94.0,28.5535,77.2588,False
2026-09-04 01:42:16.834815,delhi_university,27.4,980.6,89.0,28.6904,77.2066,False
2026-09-04 01:42:16.833129,ndls,27.4,980.1,89.0,28.643,77.2194,False
2026-09-04 01:42:16.834815,pragati_maidan,27.2,981.2,93.0,28.6172,77.2485,False
2026-09-04 01:42:17.778918,igi_airport,26.9,978.2,91.0,28.5562,77.1,False
2026-09-04 01:42:18.234840,lodhi_road,26.9,980.7,92.0,28.5918,77.2273,False
2026-09-04 01:42:17.778918,red_fort,27.2,980.4,93.0,28.6562,77.241,False
2026-09-04 01:42:17.778918,qutab_minar,26.6,976.6,92.0,28.5245,77.1855,False
2026-09-04 01:42:17.778918,chandni_chowk,27.2,979.2,93.0,28.6506,77.2303,False
2026-09-04 01:42:17.778918,akshardham,27.2,981.2,93.0,28.6127,77.2773,False
2026-09-04 01:42:17.778918,lotus_temple,26.9,978.1,94.0,28.5535,77.2588,False
2026-09-04 01:42:17.778918,delhi_university,27.4,980.6,89.0,28.6904,77.2066,False
2026-09-04 01:42:17.778918,ndls,27.4,980.1,89.0,28.643,77.2194,False
2026-09-04 01:42:17.652909,pragati_maidan,27.2,981.2,93.0,28.6172,77.2485,False
2026-09-04 01:47:19.166966,igi_airport,26.9,978.1,91.0,28.5562,77.1,False
2026-09-04 01:47:19.166049,lodhi_road,26.9,980.6,92.0,28.5918,77.2273,False
2026-09-04 01:47:19.157673,red_fort,27.2,980.3,92.0,28.6562,77.241,False
2026-09-04 01:47:19.169092,qutab_minar,26.6,976.5,92.0,28.5245,77.1855,False
2026-09-04 01:47:19.019689,chandni_chowk,27.2,979.1,92.0,28.6506,77.2303,False
2026-09-04 01:47:19.167968,akshardham,27.2,981.0,92.0,28.6127,77.2773,False
2026-09-04 01:47:19.012143,lotus_temple,26.8,978.0,93.0,28.5535,77.2588,False
2026-09-04 01:47:19.663032,delhi_university,27.4,980.5,89.0,28.6904,77.2066,False
2026-09-04 01:47:19.166966,ndls,27.4,980.1,89.0,28.643,77.2194,False
2026-09-04 01:47:19.016817,pragati_maidan,27.2,981.0,92.0,28.6172,77.2485,False
2026-09-04 01:51:15.421342,igi_airport,26.9,978.1,91.0,28.5562,77.1,False
2026-09-04 01:51:15.367927,lodhi_road,26.9,980.6,92.0,28.5918,77.2273,False
2026-09-04 01:51:15.341500,red_fort,27.2,980.3,92.0,28.6562,77.241,False
2026-09-04 01:51:15.368951,qutab_minar,26.6,976.5,92.0,28.5245,77.1855,False
2026-09-04 01:51:15.418120,chandni_chowk,27.2,979.1,92.0,28.6506,77.2303,False
2026-09-04 01:51:15.377424,akshardham,27.2,981.0,92.0,28.6127,77.2773,False
2026-09-04 01:51:15.448606,lotus_temple,26.8,978.0,93.0,28.5535,77.2588,False
2026-09-04 01:51:15.370397,delhi_university,27.4,980.5,89.0,28.6904,77.2066,False
2026-09-04 01:51:15.377424,ndls,27.4,980.1,89.0,28.643,77.2194,False
2026-09-04 01:51:15.350485,pragati_maidan,27.2,981.0,92.0,28.6172,77.2485,False
2026-09-04 01:52:20.902781,igi_airport,26.9,978.1,91.0,28.5562,77.1,False
2026-09-04 01:52:20.874862,lodhi_road,26.9,980.6,92.0,28.5918,77.2273,False
2026-09-04 01:52:20.879861,red_fort,27.2,980.3,92.0,28.6562,77.241,False
2026-09-04 01:52:20.904781,qutab_minar,26.6,976.5,92.0,28.5245,77.1855,False
2026-09-04 01:52:20.855355,chandni_chowk,27.2,979.1,92.0,28.6506,77.2303,False
2026-09-04 01:52:20.870479,akshardham,27.2,981.0,92.0,28.6127,77.2773,False
2026-09-04 01:52:20.882133,lotus_temple,26.8,978.0,93.0,28.5535,77.2588,False
2026-09-04 01:52:21.495343,delhi_university,27.4,980.5,89.0,28.6904,77.2066,False
2026-09-04 01:52:20.852238,ndls,27.4,980.1,89.0,28.643,77.2194,False
2026-09-04 01:52:20.904781,pragati_maidan,27.2,981.0,92.0,28.6172,77.2485,False
2026-09-04 01:53:32.581448,igi_airport,26.9,978.1,91.0,28.5562,77.1,False
2026-09-04 01:53:32.656890,lodhi_road,26.9,980.6,92.0,28.5918,77.2273,False
2026-09-04 01:53:32.253138,red_fort,27.2,980.3,92.0,28.6562,77.241,False
2026-09-04 01:53:32.561517,qutab_minar,26.6,976.5,92.0,28.5245,77.1855,False
2026-09-04 01:53:32.253138,chandni_chowk,27.2,979.1,92.0,28.6506,77.2303,False
2026-09-04 01:53:32.254139,akshardham,27.2,981.0,92.0,28.6127,77.2773,False
2026-09-04 01:53:32.253138,lotus_temple,26.8,978.0,93.0,28.5535,77.2588,False
2026-09-04 01:53:32.474378,delhi_university,27.4,980.5,89.0,28.6904,77.2066,False
2026-09-04 01:53:32.253138,ndls,27.4,980.1,89.0,28.643,77.2194,False
2026-09-04 01:53:32.253138,pragati_maidan,27.2,981.0,92.0,28.6172,77.2485,False
2026-09-04 01:57:22.347613,igi_airport,26.9,978.1,91.0,28.5562,77.1,False
2026-09-04 01:57:22.376751,lodhi_road,26.9,980.6,92.0,28.5918,77.2273,False
2026-09-04 01:57:22.389338,red_fort,27.2,980.3,92.0,28.6562,77.241,False
2026-09-04 01:57:22.348641,qutab_minar,26.6,976.5,92.0,28.5245,77.1855,False
2026-09-04 01:57:22.347613,chandni_chowk,27.2,979.1,92.0,28.6506,77.2303,False
2026-09-04 01:57:22.439973,akshardham,27.2,981.0,92.0,28.6127,77.2773,False
2026-09-04 01:57:22.406400,lotus_temple,26.8,978.0,93.0,28.5535,77.2588,False
2026-09-04 01:57:22.369006,delhi_university,27.4,980.5,89.0,28.6904,77.2066,False
2026-09-04 01:57:22.347613,ndls,27.4,980.1,89.0,28.643,77.2194,False
2026-09-04 01:57:22.342587,pragati_maidan,27.2,981.0,92.0,28.6172,77.2485,False
2026-09-04 02:02:23.397741,igi_airport,26.9,977.9,91.0,28.5562,77.1,False
2026-09-04 02:02:23.584061,lodhi_road,26.8,980.4,92.0,28.5918,77.2273,False
2026-09-04 02:02:23.462306,red_fort,27.2,980.1,92.0,28.6562,77.241,False
2026-09-04 02:02:23.458817,qutab_minar,26.5,976.3,92.0,28.5245,77.1855,False
2026-09-04 02:02:23.397741,chandni_chowk,27.2,978.9,92.0,28.6506,77.2303,False
2026-09-04 02:02:23.751049,akshardham,27.2,980.9,92.0,28.6127,77.2773,False
2026-09-04 02:02:23.577039,lotus_temple,26.8,977.8,93.0,28.5535,77.2588,False
2026-09-04 02:02:23.397741,delhi_university,27.3,980.3,88.0,28.6904,77.2066,False
2026-09-04 02:02:23.572457,ndls,27.3,979.9,88.0,28.643,77.2194,False
2026-09-04 02:02:23.568458,pragati_maidan,27.2,980.9,92.0,28.6172,77.2485,False
2026-09-04 02:07:24.636146,igi_airport,26.9,977.9,91.0,28.5562,77.1,False
2026-09-04 02:07:24.664745,lodhi_road,26.8,980.4,92.0,28.5918,77.2273,False
2026-09-04 02:07:24.682381,red_fort,27.2,980.1,92.0,28.6562,77.241,False
2026-09-04 02:07:24.631317,qutab_minar,26.5,976.3,92.0,28.5245,77.1855,False
2026-09-04 02:07:24.686819,chandni_chowk,27.2,978.9,92.0,28.6506,77.2303,False
2026-09-04 02:07:24.637163,akshardham,27.2,980.9,92.0,28.6127,77.2773,False
2026-09-04 02:07:24.672291,lotus_temple,26.8,977.8,93.0,28.5535,77.2588,False
2026-09-04 02:07:24.666748,delhi_university,27.3,980.3,88.0,28.6904,77.2066,False
2026-09-04 02:07:24.664745,ndls,27.3,979.9,88.0,28.643,77.2194,False
2026-09-04 02:07:24.675044,pragati_maidan,27.2,980.9,92.0,28.6172,77.2485,False
2026-09-04 02:13:02.591411,igi_airport,26.9,977.9,91.0,28.5562,77.1,False
2026-09-04 02:13:02.818471,lodhi_road,26.8,980.4,92.0,28.5918,77.2273,False
2026-09-04 02:13:02.592411,red_fort,27.2,980.1,92.0,28.6562,77.241,False
2026-09-04 02:13:02.591411,qutab_minar,26.5,976.3,92.0,28.5245,77.1855,False
2026-09-04 02:13:02.591411,chandni_chowk,27.2,978.9,92.0,28.6506,77.2303,False
2026-09-04 02:13:02.591411,akshardham,27.2,980.9,92.0,28.6127,77.2773,False
2026-09-04 02:13:02.591411,lotus_temple,26.8,977.8,93.0,28.5535,77.2588,False
2026-09-04 02:13:02.591411,delhi_university,27.3,980.3,88.0,28.6904,77.2066,False
2026-09-04 02:13:02.591411,ndls,27.3,979.9,88.0,28.643,77.2194,False
2026-09-04 02:13:02.463023,pragati_maidan,27.2,980.9,92.0,28.6172,77.2485,False
2026-09-04 02:13:03.895500,igi_airport,26.9,977.9,91.0,28.5562,77.1,False
2026-09-04 02:13:03.894464,lodhi_road,26.8,980.4,92.0,28.5918,77.2273,False
2026-09-04 02:13:04.188113,red_fort,27.2,980.1,92.0,28.6562,77.241,False
2026-09-04 02:13:03.894464,qutab_minar,26.5,976.3,92.0,28.5245,77.1855,False
2026-09-04 02:13:03.999232,chandni_chowk,27.2,978.9,92.0,28.6506,77.2303,False
2026-09-04 02:13:04.189111,akshardham,27.2,980.9,92.0,28.6127,77.2773,False
2026-09-04 02:13:04.073875,lotus_temple,26.8,977.8,93.0,28.5535,77.2588,False
2026-09-04 02:13:03.894464,delhi_university,27.3,980.3,88.0,28.6904,77.2066,False
2026-09-04 02:13:03.894464,ndls,27.3,979.9,88.0,28.643,77.2194,False
2026-09-04 02:13:03.894464,pragati_maidan,27.2,980.9,92.0,28.6172,77.2485,False
2026-09-04 02:18:05.385927,igi_airport,,,,28.5562,77.1,False
2026-09-04 02:18:05.368331,lodhi_road,26.8,980.2,91.0,28.5918,77.2273,False
2026-09-04 02:18:09.418616,red_fort,27.2,980.1,92.0,28.6562,77.241,False
2026-09-04 02:18:09.418616,qutab_minar,26.5,976.3,92.0,28.5245,77.1855,False
2026-09-04 02:18:05.368331,chandni_chowk,27.2,978.7,91.0,28.6506,77.2303,False
2026-09-04 02:18:09.418616,akshardham,27.2,980.9,92.0,28.6127,77.2773,False
2026-09-04 02:18:05.358568,lotus_temple,42.0,977.7,98.0,28.5535,77.2588,False
2026-09-04 02:18:05.370496,delhi_university,27.3,980.1,88.0,28.6904,77.2066,False
2026-09-04 02:18:09.419583,ndls,27.3,979.9,88.0,28.643,77.2194,False
2026-09-04 02:18:09.419583,pragati_maidan,27.2,980.9,92.0,28.6172,77.2485,False
2026-09-04 02:47:08.597282,igi_airport,,,,28.5562,77.1,False
2026-09-04 02:47:08.506739,lodhi_road,26.8,980.2,91.0,28.5918,77.2273,False
2026-09-04 02:47:08.619687,red_fort,27.2,980.1,92.0,28.6562,77.241,False
2026-09-04 02:47:08.617365,qutab_minar,26.5,976.3,92.0,28.5245,77.1855,False
2026-09-04 02:47:08.596271,chandni_chowk,27.2,978.7,91.0,28.6506,77.2303,False
2026-09-04 02:47:08.597282,akshardham,27.2,980.9,92.0,28.6127,77.2773,False
2026-09-04 02:47:08.597282,lotus_temple,42.0,977.7,98.0,28.5535,77.2588,False
2026-09-04 02:47:08.620260,delhi_university,27.3,980.1,88.0,28.6904,77.2066,False
2026-09-04 02:47:08.597282,ndls,27.3,979.9,88.0,28.643,77.2194,False
2026-09-04 02:47:08.597282,pragati_maidan,27.2,980.9,92.0,28.6172,77.2485,False
2026-09-04 02:52:12.072757,igi_airport,26.9,977.5,90.0,28.5562,77.1,False
2026-09-04 02:52:12.072757,lodhi_road,26.7,980.0,91.0,28.5918,77.2273,False
2026-09-04 02:52:12.594469,red_fort,27.1,979.7,90.0,28.6562,77.241,False
2026-09-04 02:52:12.071347,qutab_minar,26.4,976.0,93.0,28.5245,77.1855,False
2026-09-04 02:52:13.994899,chandni_chowk,27.1,978.5,90.0,28.6506,77.2303,False
2026-09-04 02:52:12.863123,akshardham,27.1,980.5,90.0,28.6127,77.2773,False
2026-09-04 02:52:12.590119,lotus_temple,26.6,977.5,92.0,28.5535,77.2588,False
2026-09-04 02:52:14.055967,delhi_university,27.3,979.9,87.0,28.6904,77.2066,False
2026-09-04 02:52:12.071347,ndls,27.3,979.5,87.0,28.643,77.2194,False
2026-09-04 02:52:13.088640,pragati_maidan,27.1,980.5,90.0,28.6172,77.2485,False
2026-09-04 02:57:16.228008,igi_airport,26.9,977.5,90.0,28.5562,77.1,False
2026-09-04 02:57:17.244584,lodhi_road,26.7,980.0,91.0,28.5918,77.2273,False
2026-09-04 02:57:20.778304,red_fort,27.1,979.7,90.0,28.6562,77.241,False
2026-09-04 02:57:15.413699,qutab_minar,26.4,976.0,93.0,28.5245,77.1855,False
2026-09-04 02:57:15.414697,chandni_chowk,27.1,978.5,90.0,28.6506,77.2303,False
2026-09-04 02:57:18.897218,akshardham,27.1,980.5,90.0,28.6127,77.2773,False
2026-09-04 02:57:19.699781,lotus_temple,26.6,977.5,92.0,28.5535,77.2588,False
2026-09-04 02:57:15.397309,delhi_university,27.3,979.9,87.0,28.6904,77.2066,False
2026-09-04 02:57:16.791683,ndls,27.3,979.5,87.0,28.643,77.2194,False
2026-09-04 02:57:18.749931,pragati_maidan,27.1,980.5,90.0,28.6172,77.2485,False
2026-09-04 02:57:40.365421,igi_airport,26.9,977.5,90.0,28.5562,77.1,False
2026-09-04 02:57:40.380452,lodhi_road,26.7,980.0,91.0,28.5918,77.2273,False
2026-09-04 02:57:41.318410,red_fort,27.1,979.7,90.0,28.6562,77.241,False
2026-09-04 02:57:44.784285,qutab_minar,26.4,976.0,93.0,28.5245,77.1855,False
2026-09-04 02:57:45.086022,chandni_chowk,27.1,978.5,90.0,28.6506,77.2303,False
2026-09-04 02:57:41.391583,akshardham,27.1,980.5,90.0,28.6127,77.2773,False
2026-09-04 02:57:49.254327,lotus_temple,28.0,1002.0,65.0,28.5535,77.2588,False
2026-09-04 02:57:44.380224,delhi_university,28.0,1002.0,65.0,28.6904,77.2066,False
2026-09-04 02:57:41.088154,ndls,27.3,979.5,87.0,28.643,77.2194,False
2026-09-04 02:57:40.386498,pragati_maidan,27.1,980.5,90.0,28.6172,77.2485,False
2026-09-04 03:03:22.652906,igi_airport,28.0,1002.0,65.0,28.5562,77.1,False
2026-09-04 03:03:22.351265,lodhi_road,28.0,1002.0,65.0,28.5918,77.2273,False
2026-09-04 03:03:19.401055,red_fort,27.1,979.7,90.0,28.6562,77.241,False
2026-09-04 03:03:19.370734,qutab_minar,26.3,976.0,93.0,28.5245,77.1855,False
2026-09-04 03:03:19.135114,chandni_chowk,27.1,978.5,90.0,28.6506,77.2303,False
2026-09-04 03:03:19.721690,akshardham,27.1,980.5,90.0,28.6127,77.2773,False
2026-09-04 03:03:20.359881,lotus_temple,26.6,977.5,92.0,28.5535,77.2588,False
2026-09-04 03:03:20.306826,delhi_university,27.2,979.8,88.0,28.6904,77.2066,False
2026-09-04 03:03:19.380800,ndls,27.2,979.4,88.0,28.643,77.2194,False
2026-09-04 03:03:19.166716,pragati_maidan,27.1,980.5,90.0,28.6172,77.2485,False
2026-09-04 03:03:24.103551,igi_airport,26.9,977.5,90.0,28.5562,77.1,False
2026-09-04 03:03:25.903435,lodhi_road,26.7,980.0,91.0,28.5918,77.2273,False
2026-09-04 03:03:27.949944,red_fort,27.1,979.7,90.0,28.6562,77.241,False
2026-09-04 03:03:24.087013,qutab_minar,26.3,976.0,93.0,28.5245,77.1855,False
2026-09-04 03:03:27.377796,chandni_chowk,27.1,978.5,90.0,28.6506,77.2303,False
2026-09-04 03:03:27.950461,akshardham,27.1,980.5,90.0,28.6127,77.2773,False
2026-09-04 03:03:27.949944,lotus_temple,26.6,977.5,92.0,28.5535,77.2588,False
2026-09-04 03:03:25.108682,delhi_university,27.2,979.8,88.0,28.6904,77.2066,False
2026-09-04 03:03:25.093682,ndls,27.2,979.4,88.0,28.643,77.2194,False
2026-09-04 03:03:24.508316,pragati_maidan,27.1,980.5,90.0,28.6172,77.2485,False
2026-09-04 03:05:53.232776,igi_airport,45.4,977.5,90.0,28.5562,77.1,False
2026-09-04 03:05:53.200165,lodhi_road,26.7,980.0,91.0,28.5918,77.2273,False
2026-09-04 03:05:53.260870,red_fort,27.1,979.7,90.0,28.6562,77.241,False
2026-09-04 03:05:53.232776,qutab_minar,26.3,976.0,93.0,28.5245,77.1855,False
2026-09-04 03:05:53.282191,chandni_chowk,27.1,978.5,90.0,28.6506,77.2303,False
2026-09-04 03:05:53.260870,akshardham,27.1,980.5,90.0,28.6127,77.2773,False
2026-09-04 03:05:54.298930,lotus_temple,26.6,977.5,92.0,28.5535,77.2588,False
2026-09-04 03:05:53.260870,delhi_university,27.2,979.8,88.0,28.6904,77.2066,False
2026-09-04 03:05:53.780674,ndls,27.2,979.4,88.0,28.643,77.2194,False
2026-09-04 03:05:58.399502,pragati_maidan,27.1,980.5,90.0,28.6172,77.2485,False
2026-09-04 03:06:28.825184,igi_airport,26.9,977.5,90.0,28.5562,77.1,False
2026-09-04 03:06:30.161458,lodhi_road,26.7,980.0,91.0,28.5918,77.2273,False
2026-09-04 03:06:32.811642,red_fort,27.1,979.7,90.0,28.6562,77.241,False
2026-09-04 03:06:30.627440,qutab_minar,26.3,976.0,93.0,28.5245,77.1855,False
2026-09-04 03:06:29.791003,chandni_chowk,27.1,978.5,90.0,28.6506,77.2303,False
2026-09-04 03:06:29.691378,akshardham,27.1,980.5,90.0,28.6127,77.2773,False
2026-09-04 03:06:29.397846,lotus_temple,26.6,977.5,92.0,28.5535,77.2588,False
2026-09-04 03:06:29.892188,delhi_university,27.2,979.8,88.0,28.6904,77.2066,False
2026-09-04 03:06:28.818197,ndls,27.2,979.4,88.0,28.643,77.2194,False
2026-09-04 03:06:28.800156,pragati_maidan,27.1,980.5,90.0,28.6172,77.2485,False
2026-09-04 03:06:33.963438,igi_airport,26.9,977.5,90.0,28.5562,77.1,False
2026-09-04 03:06:34.983800,lodhi_road,26.7,980.0,91.0,28.5918,77.2273,False
2026-09-04 03:06:35.720098,red_fort,27.1,979.7,90.0,28.6562,77.241,False
2026-09-04 03:06:39.388403,qutab_minar,26.3,976.0,93.0,28.5245,77.1855,False
2026-09-04 03:06:34.702075,chandni_chowk,27.1,978.5,90.0,28.6506,77.2303,False
2026-09-04 03:06:36.618363,akshardham,27.1,980.5,90.0,28.6127,77.2773,False
2026-09-04 03:06:35.579516,lotus_temple,26.6,977.5,92.0,28.5535,77.2588,False
2026-09-04 03:06:34.521970,delhi_university,27.2,979.8,88.0,28.6904,77.2066,False
2026-09-04 03:06:38.564521,ndls,27.2,979.4,88.0,28.643,77.2194,False
2026-09-04 03:06:37.881381,pragati_maidan,27.1,980.5,90.0,28.6172,77.2485,False
2026-09-04 03:08:29.068276,igi_airport,26.9,977.5,90.0,28.5562,77.1,False
2026-09-04 03:08:29.093280,lodhi_road,26.7,980.0,91.0,28.5918,77.2273,False
2026-09-04 03:08:29.117445,red_fort,27.1,979.7,90.0,28.6562,77.241,False
2026-09-04 03:08:29.064281,qutab_minar,26.3,976.0,93.0,28.5245,77.1855,False
2026-09-04 03:08:29.907376,chandni_chowk,27.1,978.5,90.0,28.6506,77.2303,False
2026-09-04 03:08:29.076277,akshardham,27.1,980.5,90.0,28.6127,77.2773,False
2026-09-04 03:08:32.360462,lotus_temple,26.6,977.5,92.0,28.5535,77.2588,False
2026-09-04 03:08:33.112629,delhi_university,27.2,979.8,88.0,28.6904,77.2066,False
2026-09-04 03:08:30.845600,ndls,27.2,979.4,88.0,28.643,77.2194,False
2026-09-04 03:08:31.501943,pragati_maidan,27.1,980.5,90.0,28.6172,77.2485,False
2026-09-04 03:11:41.858921,igi_airport,26.9,977.5,90.0,28.5562,77.1,False
2026-09-04 03:11:42.996249,lodhi_road,26.7,980.0,91.0,28.5918,77.2273,False
2026-09-04 03:11:41.395129,red_fort,27.1,979.7,90.0,28.6562,77.241,False
2026-09-04 03:11:42.514999,qutab_minar,26.3,976.0,93.0,28.5245,77.1855,False
2026-09-04 03:11:44.845209,chandni_chowk,27.1,978.5,90.0,28.6506,77.2303,False
2026-09-04 03:11:40.602217,akshardham,27.1,980.5,90.0,28.6127,77.2773,False
2026-09-04 03:11:40.607216,lotus_temple,26.6,977.5,92.0,28.5535,77.2588,False
2026-09-04 03:11:40.600220,delhi_university,27.2,979.8,88.0,28.6904,77.2066,False
2026-09-04 03:11:41.912147,ndls,27.2,979.4,88.0,28.643,77.2194,False
2026-09-04 03:11:40.602217,pragati_maidan,27.1,980.5,90.0,28.6172,77.2485,False
2026-09-04 03:11:57.809622,igi_airport,45.4,977.5,90.0,28.5562,77.1,False
2026-09-04 03:11:57.748543,lodhi_road,26.7,980.0,91.0,28.5918,77.2273,False
2026-09-04 03:11:59.097192,red_fort,27.1,979.7,90.0,28.6562,77.241,False
2026-09-04 03:11:57.777798,qutab_minar,26.3,976.0,93.0,28.5245,77.1855,False
2026-09-04 03:11:59.531456,chandni_chowk,27.1,978.5,90.0,28.6506,77.2303,False
2026-09-04 03:11:57.815841,akshardham,27.1,980.5,90.0,28.6127,77.2773,False
2026-09-04 03:12:01.893588,lotus_temple,26.6,977.5,92.0,28.5535,77.2588,False
2026-09-04 03:11:59.093194,delhi_university,27.2,979.8,88.0,28.6904,77.2066,False
2026-09-04 03:12:02.050009,ndls,27.2,979.4,88.0,28.643,77.2194,False
2026-09-04 03:11:57.783459,pragati_maidan,27.1,980.5,90.0,28.6172,77.2485,False
2026-09-04 03:13:14.774933,igi_airport,30.0,980.0,70.0,28.5562,77.1,False
2026-09-04 03:13:16.029207,lodhi_road,26.7,980.0,91.0,28.5918,77.2273,False
2026-09-04 03:13:15.030197,red_fort,27.1,979.7,90.0,28.6562,77.241,False
2026-09-04 03:13:14.229097,qutab_minar,26.3,976.0,93.0,28.5245,77.1855,False
2026-09-04 03:13:14.205941,chandni_chowk,27.1,978.5,90.0,28.6506,77.2303,False
2026-09-04 03:13:14.251111,akshardham,27.1,980.5,90.0,28.6127,77.2773,False
2026-09-04 03:13:16.181723,lotus_temple,26.6,977.5,92.0,28.5535,77.2588,False
2026-09-04 03:13:15.625946,delhi_university,27.2,979.8,88.0,28.6904,77.2066,False
2026-09-04 03:13:14.275655,ndls,27.2,979.4,88.0,28.643,77.2194,False
2026-09-04 03:13:15.069056,pragati_maidan,27.1,980.5,90.0,28.6172,77.2485,False
2026-09-04 03:13:28.303610,igi_airport,,,,28.5562,77.1,False
2026-09-04 03:13:28.554144,lodhi_road,26.7,980.0,91.0,28.5918,77.2273,False
2026-09-04 03:13:29.315641,red_fort,27.1,979.7,90.0,28.6562,77.241,False
2026-09-04 03:13:27.507191,qutab_minar,26.3,976.0,93.0,28.5245,77.1855,False
2026-09-04 03:13:31.544928,chandni_chowk,27.1,978.5,90.0,28.6506,77.2303,False
2026-09-04 03:13:28.104844,akshardham,27.1,980.5,90.0,28.6127,77.2773,False
2026-09-04 03:13:27.532944,lotus_temple,26.6,977.5,92.0,28.5535,77.2588,False
2026-09-04 03:13:27.532944,delhi_university,27.2,979.8,88.0,28.6904,77.2066,False
2026-09-04 03:13:27.453257,ndls,27.2,979.4,88.0,28.643,77.2194,False
2026-09-04 03:13:32.295320,pragati_maidan,27.1,980.5,90.0,28.6172,77.2485,False
2026-09-04 03:13:36.154958,igi_airport,26.9,977.5,90.0,28.5562,77.1,False
2026-09-04 03:13:34.651349,lodhi_road,26.7,980.0,91.0,28.5918,77.2273,False
2026-09-04 03:13:35.522326,red_fort,27.1,979.7,90.0,28.6562,77.241,False
2026-09-04 03:13:34.497716,qutab_minar,26.3,976.0,93.0,28.5245,77.1855,False
2026-09-04 03:13:34.956920,chandni_chowk,27.1,978.5,90.0,28.6506,77.2303,False
2026-09-04 03:13:34.955940,akshardham,27.1,980.5,90.0,28.6127,77.2773,False
2026-09-04 03:13:35.515579,lotus_temple,26.6,977.5,92.0,28.5535,77.2588,False
2026-09-04 03:13:35.307395,delhi_university,27.2,979.8,88.0,28.6904,77.2066,False
2026-09-04 03:13:35.773007,ndls,27.2,979.4,88.0,28.643,77.2194,False
2026-09-04 03:13:35.377833,pragati_maidan,27.1,980.5,90.0,28.6172,77.2485,False
2026-09-04 03:14:08.759879,igi_airport,,,,28.5562,77.1,False
2026-09-04 03:14:07.983470,lodhi_road,26.7,980.0,91.0,28.5918,77.2273,False
2026-09-04 03:14:07.108656,red_fort,27.1,979.7,90.0,28.6562,77.241,False
2026-09-04 03:14:06.579419,qutab_minar,26.3,976.0,93.0,28.5245,77.1855,False
2026-09-04 03:14:11.478822,chandni_chowk,27.1,978.5,90.0,28.6506,77.2303,False
2026-09-04 03:14:07.119675,akshardham,27.1,980.5,90.0,28.6127,77.2773,False
2026-09-04 03:14:07.532839,lotus_temple,26.6,977.5,92.0,28.5535,77.2588,False
2026-09-04 03:14:09.142943,delhi_university,27.2,979.8,88.0,28.6904,77.2066,False
2026-09-04 03:14:07.924096,ndls,27.2,979.4,88.0,28.643,77.2194,False
2026-09-04 03:14:07.922064,pragati_maidan,27.1,980.5,90.0,28.6172,77.2485,False
2026-09-04 03:14:19.996208,igi_airport,45.4,977.5,90.0,28.5562,77.1,False
2026-09-04 03:14:19.993590,lodhi_road,26.7,980.0,91.0,28.5918,77.2273,False
2026-09-04 03:14:19.959838,red_fort,27.1,979.7,90.0,28.6562,77.241,False
2026-09-04 03:14:21.823891,qutab_minar,26.3,976.0,93.0,28.5245,77.1855,False
2026-09-04 03:14:20.649870,chandni_chowk,27.1,978.5,90.0,28.6506,77.2303,False
2026-09-04 03:14:27.132547,akshardham,27.1,980.5,90.0,28.6127,77.2773,False
2026-09-04 03:14:20.589477,lotus_temple,26.6,977.5,92.0,28.5535,77.2588,False
2026-09-04 03:14:20.985291,delhi_university,27.2,979.8,88.0,28.6904,77.2066,False
2026-09-04 03:14:21.927861,ndls,27.2,979.4,88.0,28.643,77.2194,False
2026-09-04 03:14:19.998975,pragati_maidan,27.1,980.5,90.0,28.6172,77.2485,False
2026-09-04 03:16:47.881165,igi_airport,26.8,977.5,90.0,28.5562,77.1,False
2026-09-04 03:16:47.827082,lodhi_road,26.7,980.0,91.0,28.5918,77.2273,False
2026-09-04 03:16:47.858545,red_fort,27.0,979.7,90.0,28.6562,77.241,False
2026-09-04 03:16:49.127917,qutab_minar,26.3,975.9,93.0,28.5245,77.1855,False
2026-09-04 03:16:47.849578,chandni_chowk,27.0,978.5,90.0,28.6506,77.2303,False
2026-09-04 03:16:54.926265,akshardham,27.1,980.5,90.0,28.6127,77.2773,False
2026-09-04 03:16:48.640191,lotus_temple,26.6,977.4,92.0,28.5535,77.2588,False
2026-09-04 03:16:47.877007,delhi_university,27.2,979.8,87.0,28.6904,77.2066,False
2026-09-04 03:16:49.440820,ndls,27.2,979.4,87.0,28.643,77.2194,False
2026-09-04 03:16:47.881165,pragati_maidan,27.0,980.5,90.0,28.6172,77.2485,False
2026-09-04 03:18:40.576641,igi_airport,42.0,977.5,98.0,28.5562,77.1,False
2026-09-04 03:18:39.032942,lodhi_road,26.7,980.0,91.0,28.5918,77.2273,False
2026-09-04 03:18:37.798373,red_fort,27.0,979.7,90.0,28.6562,77.241,False
2026-09-04 03:18:38.992538,qutab_minar,26.3,975.9,93.0,28.5245,77.1855,False
2026-09-04 03:18:38.644488,chandni_chowk,27.0,978.5,90.0,28.6506,77.2303,False
2026-09-04 03:18:37.741822,akshardham,27.0,980.5,90.0,28.6127,77.2773,False
2026-09-04 03:18:38.415952,lotus_temple,26.6,977.4,92.0,28.5535,77.2588,False
2026-09-04 03:18:38.363931,delhi_university,27.2,979.8,87.0,28.6904,77.2066,False
2026-09-04 03:18:37.814421,ndls,27.2,979.4,87.0,28.643,77.2194,False
2026-09-04 03:18:39.268857,pragati_maidan,27.0,980.5,90.0,28.6172,77.2485,False
2026-09-04 03:18:35.568925,igi_airport,26.8,977.5,90.0,28.5562,77.1,False
2026-09-04 03:18:35.592447,lodhi_road,26.7,980.0,91.0,28.5918,77.2273,False
2026-09-04 03:18:35.568925,red_fort,27.0,979.7,90.0,28.6562,77.241,False
2026-09-04 03:18:37.138727,qutab_minar,26.3,975.9,93.0,28.5245,77.1855,False
2026-09-04 03:18:40.822718,chandni_chowk,27.0,978.5,90.0,28.6506,77.2303,False
2026-09-04 03:18:36.424706,akshardham,27.0,980.5,90.0,28.6127,77.2773,False
2026-09-04 03:18:35.590454,lotus_temple,26.6,977.4,92.0,28.5535,77.2588,False
2026-09-04 03:18:36.572567,delhi_university,27.2,979.8,87.0,28.6904,77.2066,False
2026-09-04 03:18:35.534741,ndls,27.2,979.4,87.0,28.643,77.2194,False
2026-09-04 03:18:37.446004,pragati_maidan,27.0,980.5,90.0,28.6172,77.2485,False
2026-09-04 03:18:39.916037,igi_airport,26.8,977.5,90.0,28.5562,77.1,False
2026-09-04 03:18:39.948862,lodhi_road,26.7,980.0,91.0,28.5918,77.2273,False
2026-09-04 03:18:39.856595,red_fort,27.0,979.7,90.0,28.6562,77.241,False
2026-09-04 03:18:43.938016,qutab_minar,26.3,975.9,93.0,28.5245,77.1855,False
2026-09-04 03:18:42.683075,chandni_chowk,27.0,978.5,90.0,28.6506,77.2303,False
2026-09-04 03:18:41.757491,akshardham,27.0,980.5,90.0,28.6127,77.2773,False
2026-09-04 03:18:40.513508,lotus_temple,26.6,977.4,92.0,28.5535,77.2588,False
2026-09-04 03:18:41.876671,delhi_university,27.2,979.8,87.0,28.6904,77.2066,False
2026-09-04 03:18:42.615151,ndls,27.2,979.4,87.0,28.643,77.2194,False
2026-09-04 03:18:43.808201,pragati_maidan,27.0,980.5,90.0,28.6172,77.2485,False
2026-09-04 15:47:45.727212,igi_airport,29.8,977.1,77.0,28.5562,77.1,False
2026-09-04 15:47:45.863674,lodhi_road,30.1,979.5,72.0,28.5918,77.2273,False
2026-09-04 15:47:45.864682,red_fort,30.3,979.3,73.0,28.6562,77.241,False
2026-09-04 15:47:45.863674,qutab_minar,29.3,975.6,79.0,28.5245,77.1855,False
2026-09-04 15:47:46.463220,chandni_chowk,30.3,978.0,73.0,28.6506,77.2303,False
2026-09-04 15:47:45.729745,akshardham,30.3,980.0,73.0,28.6127,77.2773,False
2026-09-04 15:47:45.863674,lotus_temple,30.1,976.9,74.0,28.5535,77.2588,False
2026-09-04 15:47:45.728215,delhi_university,30.7,979.4,69.0,28.6904,77.2066,False
2026-09-04 15:47:45.730831,ndls,30.7,978.9,69.0,28.643,77.2194,False
2026-09-04 15:47:45.863674,pragati_maidan,30.3,980.0,73.0,28.6172,77.2485,False
2026-09-04 15:47:47.834364,igi_airport,29.8,977.1,77.0,28.5562,77.1,False
2026-09-04 15:47:47.834364,lodhi_road,30.1,979.5,72.0,28.5918,77.2273,False
2026-09-04 15:47:48.207228,red_fort,30.3,979.3,73.0,28.6562,77.241,False
2026-09-04 15:47:47.725079,qutab_minar,29.3,975.6,79.0,28.5245,77.1855,False
2026-09-04 15:47:48.007947,chandni_chowk,30.3,978.0,73.0,28.6506,77.2303,False
2026-09-04 15:47:47.833364,akshardham,30.3,980.0,73.0,28.6127,77.2773,False
2026-09-04 15:47:47.834364,lotus_temple,30.1,976.9,74.0,28.5535,77.2588,False
2026-09-04 15:47:48.191561,delhi_university,30.7,979.4,69.0,28.6904,77.2066,False
2026-09-04 15:47:47.725079,ndls,30.7,978.9,69.0,28.643,77.2194,False
2026-09-04 15:47:47.833364,pragati_maidan,30.3,980.0,73.0,28.6172,77.2485,False
2026-09-04 15:52:49.106349,igi_airport,29.8,977.1,77.0,28.5562,77.1,False
2026-09-04 15:52:49.101168,lodhi_road,30.1,979.5,72.0,28.5918,77.2273,False
2026-09-04 15:52:49.756122,red_fort,30.3,979.3,73.0,28.6562,77.241,False
2026-09-04 15:52:49.105342,qutab_minar,29.3,975.6,79.0,28.5245,77.1855,False
2026-09-04 15:52:49.663610,chandni_chowk,30.3,978.0,73.0,28.6506,77.2303,False
2026-09-04 15:52:49.725117,akshardham,30.3,980.0,73.0,28.6127,77.2773,False
2026-09-04 15:52:49.713495,lotus_temple,30.1,976.9,74.0,28.5535,77.2588,False
2026-09-04 15:52:49.156032,delhi_university,30.7,979.4,69.0,28.6904,77.2066,False
2026-09-04 15:52:49.157329,ndls,30.7,978.9,69.0,28.643,77.2194,False
2026-09-04 15:52:49.691780,pragati_maidan,30.3,980.0,73.0,28.6172,77.2485,False
2026-09-04 15:57:50.771669,igi_airport,29.8,977.1,77.0,28.5562,77.1,False
2026-09-04 15:57:50.771669,lodhi_road,30.1,979.5,72.0,28.5918,77.2273,False
2026-09-04 15:57:51.283774,red_fort,30.3,979.3,73.0,28.6562,77.241,False
2026-09-04 15:57:50.795457,qutab_minar,29.3,975.6,79.0,28.5245,77.1855,False
2026-09-04 15:57:50.797473,chandni_chowk,30.3,978.0,73.0,28.6506,77.2303,False
2026-09-04 15:57:50.775260,akshardham,30.3,980.0,73.0,28.6127,77.2773,False
2026-09-04 15:57:50.775260,lotus_temple,30.1,976.9,74.0,28.5535,77.2588,False
2026-09-04 15:57:50.775260,delhi_university,30.7,979.4,69.0,28.6904,77.2066,False
2026-09-04 15:57:50.741201,ndls,30.7,978.9,69.0,28.643,77.2194,False
2026-09-04 15:57:50.754510,pragati_maidan,30.3,980.0,73.0,28.6172,77.2485,False
2026-09-04 16:02:52.497725,igi_airport,29.9,976.9,76.0,28.5562,77.1,False
2026-09-04 16:02:52.327002,lodhi_road,30.1,979.4,72.0,28.5918,77.2273,False
2026-09-04 16:02:52.128462,red_fort,30.3,979.2,73.0,28.6562,77.241,False
2026-09-04 16:02:52.435921,qutab_minar,29.2,975.5,79.0,28.5245,77.1855,False
2026-09-04 16:02:52.327002,chandni_chowk,30.3,977.9,73.0,28.6506,77.2303,False
2026-09-04 16:02:52.129669,akshardham,30.3,979.9,73.0,28.6127,77.2773,False
2026-09-04 16:02:52.129669,lotus_temple,30.0,976.9,75.0,28.5535,77.2588,False
2026-09-04 16:02:52.247672,delhi_university,30.7,979.3,69.0,28.6904,77.2066,False
2026-09-04 16:02:52.128462,ndls,30.7,978.9,69.0,28.643,77.2194,False
2026-09-04 16:02:52.327002,pragati_maidan,30.3,979.9,73.0,28.6172,77.2485,False
2026-09-04 16:31:51.117783,igi_airport,29.9,976.9,76.0,28.5562,77.1,False
2026-09-04 16:31:51.123291,lodhi_road,30.1,979.4,72.0,28.5918,77.2273,False
2026-09-04 16:31:51.122329,red_fort,30.3,979.2,73.0,28.6562,77.241,False
2026-09-04 16:31:51.122329,qutab_minar,29.2,975.5,79.0,28.5245,77.1855,False
2026-09-04 16:31:51.122329,chandni_chowk,30.3,977.9,73.0,28.6506,77.2303,False
2026-09-04 16:31:51.126273,akshardham,30.3,979.9,73.0,28.6127,77.2773,False
2026-09-04 16:31:51.133836,lotus_temple,30.0,976.9,75.0,28.5535,77.2588,False
2026-09-04 16:31:51.132400,delhi_university,30.7,979.3,69.0,28.6904,77.2066,False
2026-09-04 16:31:51.131722,ndls,30.7,978.9,69.0,28.643,77.2194,False
2026-09-04 16:31:51.131722,pragati_maidan,30.3,979.9,73.0,28.6172,77.2485,False
2026-09-04 17:32:14.821506,igi_airport,29.9,976.9,76.0,28.5562,77.1,False
2026-09-04 17:32:14.824507,lodhi_road,30.1,979.4,72.0,28.5918,77.2273,False
2026-09-04 17:32:14.826507,red_fort,30.3,979.2,73.0,28.6562,77.241,False
2026-09-04 17:32:14.838055,qutab_minar,29.2,975.5,79.0,28.5245,77.1855,False
2026-09-04 17:32:14.838411,chandni_chowk,30.3,977.9,73.0,28.6506,77.2303,False
2026-09-04 17:32:14.845993,akshardham,30.3,979.9,73.0,28.6127,77.2773,False
2026-09-04 17:32:14.854109,lotus_temple,30.0,976.9,75.0,28.5535,77.2588,False
2026-09-04 17:32:14.857385,delhi_university,30.7,979.3,69.0,28.6904,77.2066,False
2026-09-04 17:32:14.859383,ndls,30.7,978.9,69.0,28.643,77.2194,False
2026-09-04 17:32:14.856364,pragati_maidan,30.3,979.9,73.0,28.6172,77.2485,False
2026-09-04 17:37:17.955895,igi_airport,30.0,977.0,74.0,28.5562,77.1,False
2026-09-04 17:37:17.937363,lodhi_road,29.5,979.4,78.0,28.5918,77.2273,False
2026-09-04 17:37:17.937363,red_fort,29.9,979.2,74.0,28.6562,77.241,False
2026-09-04 17:37:17.940875,qutab_minar,28.9,975.6,80.0,28.5245,77.1855,False
2026-09-04 17:37:18.017581,chandni_chowk,29.9,978.0,74.0,28.6506,77.2303,False
2026-09-04 17:37:17.937363,akshardham,29.9,980.0,74.0,28.6127,77.2773,False
2026-09-04 17:37:17.939868,lotus_temple,29.4,977.0,78.0,28.5535,77.2588,False
2026-09-04 17:37:17.937363,delhi_university,30.3,979.3,72.0,28.6904,77.2066,False
2026-09-04 17:37:17.982514,ndls,30.3,978.8,72.0,28.643,77.2194,False
2026-09-04 17:37:17.930189,pragati_maidan,29.9,980.0,74.0,28.6172,77.2485,False
2026-09-04 17:42:19.150886,igi_airport,30.0,977.0,74.0,28.5562,77.1,False
2026-09-04 17:42:19.181960,lodhi_road,29.5,979.4,78.0,28.5918,77.2273,False
2026-09-04 17:42:19.503750,red_fort,29.9,979.2,74.0,28.6562,77.241,False
2026-09-04 17:42:19.158224,qutab_minar,28.9,975.6,80.0,28.5245,77.1855,False
2026-09-04 17:42:19.112626,chandni_chowk,29.9,978.0,74.0,28.6506,77.2303,False
2026-09-04 17:42:19.155901,akshardham,29.9,980.0,74.0,28.6127,77.2773,False
2026-09-04 17:42:19.130886,lotus_temple,29.4,977.0,78.0,28.5535,77.2588,False
2026-09-04 17:42:19.112626,delhi_university,30.3,979.3,72.0,28.6904,77.2066,False
2026-09-04 17:42:19.125971,ndls,30.3,978.8,72.0,28.643,77.2194,False
2026-09-04 17:42:19.157211,pragati_maidan,29.9,980.0,74.0,28.6172,77.2485,False
2026-09-04 17:47:20.314424,igi_airport,29.8,977.1,75.0,28.5562,77.1,False
2026-09-04 17:47:20.285105,lodhi_road,29.3,979.5,79.0,28.5918,77.2273,False
2026-09-04 17:47:20.264890,red_fort,29.7,979.3,75.0,28.6562,77.241,False
2026-09-04 17:47:20.347982,qutab_minar,28.8,975.7,81.0,28.5245,77.1855,False
2026-09-04 17:47:20.245028,chandni_chowk,29.7,978.1,75.0,28.6506,77.2303,False
2026-09-04 17:47:20.311243,akshardham,29.7,980.1,75.0,28.6127,77.2773,False
2026-09-04 17:47:20.255096,lotus_temple,29.2,977.1,79.0,28.5535,77.2588,False
2026-09-04 17:47:20.308802,delhi_university,30.1,979.3,73.0,28.6904,77.2066,False
2026-09-04 17:47:20.318418,ndls,30.1,978.9,73.0,28.643,77.2194,False
2026-09-04 17:47:20.283807,pragati_maidan,29.7,980.1,75.0,28.6172,77.2485,False
2026-09-04 17:52:21.102854,igi_airport,29.8,977.1,75.0,28.5562,77.1,False
2026-09-04 17:52:21.188252,lodhi_road,29.3,979.5,79.0,28.5918,77.2273,False
2026-09-04 17:52:21.115858,red_fort,29.7,979.3,75.0,28.6562,77.241,False
2026-09-04 17:52:21.141860,qutab_minar,28.8,975.7,81.0,28.5245,77.1855,False
2026-09-04 17:52:21.126855,chandni_chowk,29.7,978.1,75.0,28.6506,77.2303,False
2026-09-04 17:52:21.117858,akshardham,29.7,980.1,75.0,28.6127,77.2773,False
2026-09-04 17:52:21.107855,lotus_temple,29.2,977.1,79.0,28.5535,77.2588,False
2026-09-04 17:52:21.112857,delhi_university,30.1,979.3,73.0,28.6904,77.2066,False
2026-09-04 17:52:21.115858,ndls,30.1,978.9,73.0,28.643,77.2194,False
2026-09-04 17:52:21.157854,pragati_maidan,29.7,980.1,75.0,28.6172,77.2485,False
2026-09-04 17:57:22.029177,igi_airport,29.8,977.1,75.0,28.5562,77.1,False
2026-09-04 17:57:21.976614,lodhi_road,29.3,979.5,79.0,28.5918,77.2273,False
2026-09-04 17:57:21.958597,red_fort,29.7,979.3,75.0,28.6562,77.241,False
2026-09-04 17:57:21.950602,qutab_minar,28.8,975.7,81.0,28.5245,77.1855,False
2026-09-04 17:57:21.953596,chandni_chowk,29.7,978.1,75.0,28.6506,77.2303,False
2026-09-04 17:57:21.998666,akshardham,29.7,980.1,75.0,28.6127,77.2773,False
2026-09-04 17:57:21.958597,lotus_temple,29.2,977.1,79.0,28.5535,77.2588,False
2026-09-04 17:57:21.949659,delhi_university,30.1,979.3,73.0,28.6904,77.2066,False
2026-09-04 17:57:21.940702,ndls,30.1,978.9,73.0,28.643,77.2194,False
2026-09-04 17:57:22.000149,pragati_maidan,29.7,980.1,75.0,28.6172,77.2485,False
2026-09-04 18:13:11.471733,igi_airport,29.0,977.5,80.0,28.5562,77.1,False
2026-09-04 18:13:11.668725,lodhi_road,28.8,980.0,82.0,28.5918,77.2273,False
2026-09-04 18:13:11.589599,red_fort,28.6,979.7,83.0,28.6562,77.241,False
2026-09-04 18:13:11.580210,qutab_minar,28.5,976.0,83.0,28.5245,77.1855,False
2026-09-04 18:13:11.667327,chandni_chowk,28.6,978.5,83.0,28.6506,77.2303,False
2026-09-04 18:13:12.767273,akshardham,28.6,980.5,83.0,28.6127,77.2773,False
2026-09-04 18:13:11.581262,lotus_temple,28.6,977.6,84.0,28.5535,77.2588,False
2026-09-04 18:13:11.578897,delhi_university,28.8,979.8,81.0,28.6904,77.2066,False
2026-09-04 18:13:11.471733,ndls,28.8,979.4,81.0,28.643,77.2194,False
2026-09-04 18:13:11.470994,pragati_maidan,28.6,980.5,83.0,28.6172,77.2485,False
2026-09-04 21:17:50.310052,igi_airport,46.3,980.3,89.0,28.5562,77.1,False
2026-09-04 21:17:50.293061,lodhi_road,27.5,982.9,88.0,28.5918,77.2273,False
2026-09-04 21:17:50.673435,red_fort,27.8,982.5,90.0,28.6562,77.241,False
2026-09-04 21:17:50.326074,qutab_minar,27.0,978.8,92.0,28.5245,77.1855,False
2026-09-04 21:17:50.295993,chandni_chowk,27.8,981.2,90.0,28.6506,77.2303,False
2026-09-04 21:17:50.296952,akshardham,27.8,983.2,90.0,28.6127,77.2773,False
2026-09-04 21:17:50.338959,lotus_temple,27.5,980.3,92.0,28.5535,77.2588,False
2026-09-04 21:17:50.299959,delhi_university,27.9,982.7,88.0,28.6904,77.2066,False
2026-09-04 21:17:50.307955,ndls,27.9,982.2,88.0,28.643,77.2194,False
2026-09-04 21:17:50.342230,pragati_maidan,27.8,983.2,90.0,28.6172,77.2485,False
2026-09-04 21:17:51.782544,igi_airport,27.8,980.3,89.0,28.5562,77.1,False
2026-09-04 21:17:51.789879,lodhi_road,27.5,982.9,88.0,28.5918,77.2273,False
2026-09-04 21:17:53.195380,red_fort,27.8,982.5,90.0,28.6562,77.241,False
2026-09-04 21:17:51.750998,qutab_minar,27.0,978.8,92.0,28.5245,77.1855,False
2026-09-04 21:17:51.802895,chandni_chowk,46.3,981.2,90.0,28.6506,77.2303,False
2026-09-04 21:17:51.732640,akshardham,27.8,983.2,90.0,28.6127,77.2773,False
2026-09-04 21:17:52.009423,lotus_temple,27.5,980.3,92.0,28.5535,77.2588,False
2026-09-04 21:17:51.743527,delhi_university,27.9,982.7,88.0,28.6904,77.2066,False
2026-09-04 21:17:51.727123,ndls,27.9,982.2,88.0,28.643,77.2194,False
2026-09-04 21:17:51.796922,pragati_maidan,27.8,983.2,90.0,28.6172,77.2485,False
2026-09-04 21:17:54.117898,igi_airport,,,,28.5562,77.1,False
2026-09-04 21:17:54.036303,lodhi_road,27.5,982.9,88.0,28.5918,77.2273,False
2026-09-04 21:17:54.072160,red_fort,27.8,982.5,90.0,28.6562,77.241,False
2026-09-04 21:17:54.113897,qutab_minar,27.0,978.8,92.0,28.5245,77.1855,False
2026-09-04 21:17:54.045411,chandni_chowk,27.8,981.2,90.0,28.6506,77.2303,False
2026-09-04 21:17:54.079330,akshardham,27.8,983.2,90.0,28.6127,77.2773,False
2026-09-04 21:17:54.088901,lotus_temple,27.5,980.3,92.0,28.5535,77.2588,False
2026-09-04 21:17:54.033351,delhi_university,27.9,982.7,88.0,28.6904,77.2066,False
2026-09-04 21:17:54.045411,ndls,27.9,982.2,88.0,28.643,77.2194,False
2026-09-04 21:17:54.059854,pragati_maidan,27.8,983.2,90.0,28.6172,77.2485,False
2026-09-04 21:17:55.052669,igi_airport,27.8,980.3,89.0,28.5562,77.1,False
2026-09-04 21:17:55.041077,lodhi_road,27.5,982.9,88.0,28.5918,77.2273,False
2026-09-04 21:17:55.105555,red_fort,27.8,982.5,90.0,28.6562,77.241,False
2026-09-04 21:17:55.087079,qutab_minar,27.0,978.8,92.0,28.5245,77.1855,False
2026-09-04 21:17:55.092127,chandni_chowk,,,,28.6506,77.2303,False
2026-09-04 21:17:55.048492,akshardham,27.8,983.2,90.0,28.6127,77.2773,False
2026-09-04 21:17:55.052669,lotus_temple,27.5,980.3,92.0,28.5535,77.2588,False
2026-09-04 21:17:55.032416,delhi_university,27.9,982.7,88.0,28.6904,77.2066,False
2026-09-04 21:17:56.397695,ndls,27.9,982.2,88.0,28.643,77.2194,False
2026-09-04 21:17:55.075736,pragati_maidan,27.8,983.2,90.0,28.6172,77.2485,False
2026-09-04 21:17:57.375896,igi_airport,42.0,980.3,98.0,28.5562,77.1,False
2026-09-04 21:17:57.343866,lodhi_road,27.5,982.9,88.0,28.5918,77.2273,False
2026-09-04 21:17:57.332872,red_fort,27.8,982.5,90.0,28.6562,77.241,False
2026-09-04 21:17:57.360921,qutab_minar,27.0,978.8,92.0,28.5245,77.1855,False
2026-09-04 21:17:57.334882,chandni_chowk,27.8,981.2,90.0,28.6506,77.2303,False
2026-09-04 21:17:57.325734,akshardham,27.8,983.2,90.0,28.6127,77.2773,False
2026-09-04 21:17:57.310124,lotus_temple,27.5,980.3,92.0,28.5535,77.2588,False
2026-09-04 21:17:57.356427,delhi_university,27.9,982.7,88.0,28.6904,77.2066,False
2026-09-04 21:17:57.379566,ndls,27.9,982.2,88.0,28.643,77.2194,False
2026-09-04 21:17:57.310124,pragati_maidan,27.8,983.2,90.0,28.6172,77.2485,False
2026-09-04 21:17:58.767505,igi_airport,27.8,980.3,89.0,28.5562,77.1,False
2026-09-04 21:17:58.221672,lodhi_road,27.5,982.9,88.0,28.5918,77.2273,False
2026-09-04 21:17:58.251819,red_fort,27.8,982.5,90.0,28.6562,77.241,False
2026-09-04 21:17:58.236458,qutab_minar,27.0,978.8,92.0,28.5245,77.1855,False
2026-09-04 21:17:58.273920,chandni_chowk,42.0,981.2,98.0,28.6506,77.2303,False
2026-09-04 21:17:58.301891,akshardham,27.8,983.2,90.0,28.6127,77.2773,False
2026-09-04 21:17:58.273920,lotus_temple,27.5,980.3,92.0,28.5535,77.2588,False
2026-09-04 21:17:58.312890,delhi_university,27.9,982.7,88.0,28.6904,77.2066,False
2026-09-04 21:17:58.284138,ndls,27.9,982.2,88.0,28.643,77.2194,False
2026-09-04 21:17:58.273920,pragati_maidan,27.8,983.2,90.0,28.6172,77.2485,False
2026-09-04 21:17:59.728437,igi_airport,31.8,980.3,89.0,28.5562,77.1,False
2026-09-04 21:17:59.658379,lodhi_road,27.5,982.9,88.0,28.5918,77.2273,False
2026-09-04 21:18:00.237171,red_fort,27.8,982.5,90.0,28.6562,77.241,False
2026-09-04 21:18:00.072721,qutab_minar,27.0,978.8,92.0,28.5245,77.1855,False
2026-09-04 21:17:59.717965,chandni_chowk,27.8,981.2,90.0,28.6506,77.2303,False
2026-09-04 21:17:59.728437,akshardham,27.8,983.2,90.0,28.6127,77.2773,False
2026-09-04 21:17:59.732422,lotus_temple,27.5,980.3,92.0,28.5535,77.2588,False
2026-09-04 21:17:59.704823,delhi_university,27.9,982.7,88.0,28.6904,77.2066,False
2026-09-04 21:17:59.704823,ndls,27.9,982.2,88.0,28.643,77.2194,False
2026-09-04 21:17:59.717965,pragati_maidan,27.8,983.2,90.0,28.6172,77.2485,False
2026-09-04 21:18:01.117310,igi_airport,27.8,980.3,89.0,28.5562,77.1,False
2026-09-04 21:18:01.991073,lodhi_road,27.5,982.9,88.0,28.5918,77.2273,False
2026-09-04 21:18:01.103657,red_fort,27.8,982.5,90.0,28.6562,77.241,False
2026-09-04 21:18:01.346658,qutab_minar,27.0,978.8,92.0,28.5245,77.1855,False
2026-09-04 21:18:01.346658,chandni_chowk,31.8,981.2,90.0,28.6506,77.2303,False
2026-09-04 21:18:01.055890,akshardham,27.8,983.2,90.0,28.6127,77.2773,False
2026-09-04 21:18:01.346658,lotus_temple,27.5,980.3,92.0,28.5535,77.2588,False
2026-09-04 21:18:01.346658,delhi_university,27.9,982.7,88.0,28.6904,77.2066,False
2026-09-04 21:18:01.469752,ndls,27.9,982.2,88.0,28.643,77.2194,False
2026-09-04 21:18:01.103657,pragati_maidan,27.8,983.2,90.0,28.6172,77.2485,False
2026-09-04 21:18:02.898289,igi_airport,30.0,980.0,70.0,28.5562,77.1,False
2026-09-04 21:18:02.900516,lodhi_road,27.5,982.9,88.0,28.5918,77.2273,False
2026-09-04 21:18:02.859123,red_fort,27.8,982.5,90.0,28.6562,77.241,False
2026-09-04 21:18:02.859123,qutab_minar,27.0,978.8,92.0,28.5245,77.1855,False
2026-09-04 21:18:02.900516,chandni_chowk,27.8,981.2,90.0,28.6506,77.2303,False
2026-09-04 21:18:02.869710,akshardham,27.8,983.2,90.0,28.6127,77.2773,False
2026-09-04 21:18:02.867414,lotus_temple,27.5,980.3,92.0,28.5535,77.2588,False
2026-09-04 21:18:02.819398,delhi_university,27.9,982.7,88.0,28.6904,77.2066,False
2026-09-04 21:18:02.867414,ndls,27.9,982.2,88.0,28.643,77.2194,False
2026-09-04 21:18:03.020540,pragati_maidan,27.8,983.2,90.0,28.6172,77.2485,False
2026-09-04 21:18:04.370141,igi_airport,27.8,980.3,89.0,28.5562,77.1,False
2026-09-04 21:18:04.370141,lodhi_road,27.5,982.9,88.0,28.5918,77.2273,False
2026-09-04 21:18:04.536239,red_fort,27.8,982.5,90.0,28.6562,77.241,False
2026-09-04 21:18:04.095592,qutab_minar,27.0,978.8,92.0,28.5245,77.1855,False
2026-09-04 21:18:04.427162,chandni_chowk,30.0,980.0,70.0,28.6506,77.2303,False
2026-09-04 21:18:04.096591,akshardham,27.8,983.2,90.0,28.6127,77.2773,False
2026-09-04 21:18:04.096591,lotus_temple,27.5,980.3,92.0,28.5535,77.2588,False
2026-09-04 21:18:04.097591,delhi_university,27.9,982.7,88.0,28.6904,77.2066,False
2026-09-04 21:18:04.095592,ndls,27.9,982.2,88.0,28.643,77.2194,False
2026-09-04 21:18:04.094595,pragati_maidan,27.8,983.2,90.0,28.6172,77.2485,False
2026-09-04 21:18:05.433391,igi_airport,32.3,980.3,89.0,28.5562,77.1,False
2026-09-04 21:18:05.412418,lodhi_road,27.5,982.9,88.0,28.5918,77.2273,False
2026-09-04 21:18:05.402129,red_fort,27.8,982.5,90.0,28.6562,77.241,False
2026-09-04 21:18:05.362436,qutab_minar,27.0,978.8,92.0,28.5245,77.1855,False
2026-09-04 21:18:05.410876,chandni_chowk,27.8,981.2,90.0,28.6506,77.2303,False
2026-09-04 21:18:05.405132,akshardham,27.8,983.2,90.0,28.6127,77.2773,False
2026-09-04 21:18:05.427695,lotus_temple,27.5,980.3,92.0,28.5535,77.2588,False
2026-09-04 21:18:05.433391,delhi_university,27.9,982.7,88.0,28.6904,77.2066,False
2026-09-04 21:18:05.488126,ndls,27.9,982.2,88.0,28.643,77.2194,False
2026-09-04 21:18:05.398768,pragati_maidan,27.8,983.2,90.0,28.6172,77.2485,False
2026-09-04 21:18:06.482775,igi_airport,27.8,980.3,89.0,28.5562,77.1,False
2026-09-04 21:18:06.468744,lodhi_road,27.5,982.9,88.0,28.5918,77.2273,False
2026-09-04 21:18:06.306760,red_fort,27.8,982.5,90.0,28.6562,77.241,False
2026-09-04 21:18:06.459747,qutab_minar,27.0,978.8,92.0,28.5245,77.1855,False
2026-09-04 21:18:06.752767,chandni_chowk,32.3,981.2,90.0,28.6506,77.2303,False
2026-09-04 21:18:06.304831,akshardham,27.8,983.2,90.0,28.6127,77.2773,False
2026-09-04 21:18:06.456726,lotus_temple,27.5,980.3,92.0,28.5535,77.2588,False
2026-09-04 21:18:06.477779,delhi_university,27.9,982.7,88.0,28.6904,77.2066,False
2026-09-04 21:18:06.314782,ndls,27.9,982.2,88.0,28.643,77.2194,False
2026-09-04 21:18:06.440124,pragati_maidan,27.8,983.2,90.0,28.6172,77.2485,False
2026-09-04 23:10:57.607520,igi_airport,27.5,980.5,90.0,28.5562,77.1,False
2026-09-04 23:10:58.042622,lodhi_road,27.1,982.9,92.0,28.5918,77.2273,False
2026-09-04 23:10:57.565550,red_fort,27.3,982.6,91.0,28.6562,77.241,False
2026-09-04 23:10:57.584496,qutab_minar,26.7,979.0,94.0,28.5245,77.1855,False
2026-09-04 23:10:57.564501,chandni_chowk,27.3,981.4,91.0,28.6506,77.2303,False
2026-09-04 23:10:57.565550,akshardham,27.3,983.4,91.0,28.6127,77.2773,False
2026-09-04 23:10:57.564501,lotus_temple,27.0,980.5,93.0,28.5535,77.2588,False
2026-09-04 23:10:57.610511,delhi_university,27.6,982.9,89.0,28.6904,77.2066,False
2026-09-04 23:10:57.561177,ndls,27.6,982.4,89.0,28.643,77.2194,False
2026-09-04 23:10:57.564501,pragati_maidan,27.3,983.4,91.0,28.6172,77.2485,False
2026-09-04 23:10:58.982646,igi_airport,27.5,980.5,90.0,28.5562,77.1,False
2026-09-04 23:10:58.982646,lodhi_road,27.1,982.9,92.0,28.5918,77.2273,False
2026-09-04 23:10:58.982646,red_fort,27.3,982.6,91.0,28.6562,77.241,False
2026-09-04 23:10:58.982646,qutab_minar,26.7,979.0,94.0,28.5245,77.1855,False
2026-09-04 23:10:58.982646,chandni_chowk,27.3,981.4,91.0,28.6506,77.2303,False
2026-09-04 23:10:58.982646,akshardham,27.3,983.4,91.0,28.6127,77.2773,False
2026-09-04 23:10:59.573429,lotus_temple,27.0,980.5,93.0,28.5535,77.2588,False
2026-09-04 23:10:58.982646,delhi_university,27.6,982.9,89.0,28.6904,77.2066,False
2026-09-04 23:10:58.982646,ndls,27.6,982.4,89.0,28.643,77.2194,False
2026-09-04 23:10:58.982646,pragati_maidan,27.3,983.4,91.0,28.6172,77.2485,False
2026-09-04 23:11:00.694887,igi_airport,27.5,980.5,90.0,28.5562,77.1,False
2026-09-04 23:11:01.004519,lodhi_road,27.1,982.9,92.0,28.5918,77.2273,False
2026-09-04 23:11:01.308709,red_fort,27.3,982.6,91.0,28.6562,77.241,False
2026-09-04 23:11:00.812216,qutab_minar,26.7,979.0,94.0,28.5245,77.1855,False
2026-09-04 23:11:01.617026,chandni_chowk,27.3,981.4,91.0,28.6506,77.2303,False
2026-09-04 23:11:00.812216,akshardham,27.3,983.4,91.0,28.6127,77.2773,False
2026-09-04 23:11:00.404742,lotus_temple,27.0,980.5,93.0,28.5535,77.2588,False
2026-09-04 23:11:01.678184,delhi_university,27.6,982.9,89.0,28.6904,77.2066,False
2026-09-04 23:11:00.980267,ndls,27.6,982.4,89.0,28.643,77.2194,False
2026-09-04 23:11:00.805200,pragati_maidan,27.3,983.4,91.0,28.6172,77.2485,False
2026-09-04 23:11:02.438915,igi_airport,27.5,980.5,90.0,28.5562,77.1,False
2026-09-04 23:11:02.461067,lodhi_road,27.1,982.9,92.0,28.5918,77.2273,False
2026-09-04 23:11:02.458325,red_fort,27.3,982.6,91.0,28.6562,77.241,False
2026-09-04 23:11:02.477777,qutab_minar,26.7,979.0,94.0,28.5245,77.1855,False
2026-09-04 23:11:02.446131,chandni_chowk,27.3,981.4,91.0,28.6506,77.2303,False
2026-09-04 23:11:03.097933,akshardham,27.3,983.4,91.0,28.6127,77.2773,False
2026-09-04 23:11:02.465523,lotus_temple,27.0,980.5,93.0,28.5535,77.2588,False
2026-09-04 23:11:02.489096,delhi_university,27.6,982.9,89.0,28.6904,77.2066,False
2026-09-04 23:11:03.301415,ndls,27.6,982.4,89.0,28.643,77.2194,False
2026-09-04 23:11:02.458325,pragati_maidan,27.3,983.4,91.0,28.6172,77.2485,False
2026-09-04 23:11:04.162,igi_airport,27.5,980.5,90.0,28.5562,77.1,False
2026-09-04 23:11:04.162,lodhi_road,27.1,982.9,92.0,28.5918,77.2273,False
2026-09-04 23:11:04.162,red_fort,27.3,982.6,91.0,28.6562,77.241,False
2026-09-04 23:11:04.162,qutab_minar,26.7,979.0,94.0,28.5245,77.1855,False
2026-09-04 23:11:04.162,chandni_chowk,27.3,981.4,91.0,28.6506,77.2303,False
2026-09-04 23:11:04.162,akshardham,27.3,983.4,91.0,28.6127,77.2773,False
2026-09-04 23:11:04.162,lotus_temple,27.0,980.5,93.0,28.5535,77.2588,False
2026-09-04 23:11:04.162,delhi_university,27.6,982.9,89.0,28.6904,77.2066,False
2026-09-04 23:11:04.162,ndls,27.6,982.4,89.0,28.643,77.2194,False
2026-09-04 23:11:04.162,pragati_maidan,27.3,983.4,91.0,28.6172,77.2485,False
2026-09-04 23:11:05.022586,igi_airport,27.5,980.5,90.0,28.5562,77.1,False
2026-09-04 23:11:05.435872,lodhi_road,27.1,982.9,92.0,28.5918,77.2273,False
2026-09-04 23:11:05.032110,red_fort,27.3,982.6,91.0,28.6562,77.241,False
2026-09-04 23:11:05.017311,qutab_minar,26.7,979.0,94.0,28.5245,77.1855,False
2026-09-04 23:11:05.032110,chandni_chowk,27.3,981.4,91.0,28.6506,77.2303,False
2026-09-04 23:11:05.017311,akshardham,27.3,983.4,91.0,28.6127,77.2773,False
2026-09-04 23:11:05.408563,lotus_temple,27.0,980.5,93.0,28.5535,77.2588,False
2026-09-04 23:11:05.262134,delhi_university,27.6,982.9,89.0,28.6904,77.2066,False
2026-09-04 23:11:05.022586,ndls,27.6,982.4,89.0,28.643,77.2194,False
2026-09-04 23:11:05.606137,pragati_maidan,27.3,983.4,91.0,28.6172,77.2485,False
2026-09-04 23:11:06.434254,igi_airport,27.5,980.5,90.0,28.5562,77.1,False
2026-09-04 23:11:06.433251,lodhi_road,27.1,982.9,92.0,28.5918,77.2273,False
2026-09-04 23:11:06.434254,red_fort,27.3,982.6,91.0,28.6562,77.241,False
2026-09-04 23:11:06.434254,qutab_minar,26.7,979.0,94.0,28.5245,77.1855,False
2026-09-04 23:11:06.433251,chandni_chowk,27.3,981.4,91.0,28.6506,77.2303,False
2026-09-04 23:11:06.434254,akshardham,27.3,983.4,91.0,28.6127,77.2773,False
2026-09-04 23:11:06.434254,lotus_temple,27.0,980.5,93.0,28.5535,77.2588,False
2026-09-04 23:11:06.434254,delhi_university,27.6,982.9,89.0,28.6904,77.2066,False
2026-09-04 23:11:06.433251,ndls,27.6,982.4,89.0,28.643,77.2194,False
2026-09-04 23:11:06.433251,pragati_maidan,27.3,983.4,91.0,28.6172,77.2485,False
2026-09-04 23:11:07.193337,igi_airport,27.5,980.5,90.0,28.5562,77.1,False
2026-09-04 23:11:07.159328,lodhi_road,27.1,982.9,92.0,28.5918,77.2273,False
2026-09-04 23:11:07.176407,red_fort,27.3,982.6,91.0,28.6562,77.241,False
2026-09-04 23:11:07.166835,qutab_minar,26.7,979.0,94.0,28.5245,77.1855,False
2026-09-04 23:11:07.169844,chandni_chowk,27.3,981.4,91.0,28.6506,77.2303,False
2026-09-04 23:11:07.212464,akshardham,27.3,983.4,91.0,28.6127,77.2773,False
2026-09-04 23:11:07.193337,lotus_temple,27.0,980.5,93.0,28.5535,77.2588,False
2026-09-04 23:11:08.940008,delhi_university,27.6,982.9,89.0,28.6904,77.2066,False
2026-09-04 23:11:07.155124,ndls,27.6,982.4,89.0,28.643,77.2194,False
2026-09-04 23:11:07.176407,pragati_maidan,27.3,983.4,91.0,28.6172,77.2485,False
2026-09-04 23:11:10.358645,igi_airport,27.5,980.5,90.0,28.5562,77.1,False
2026-09-04 23:11:09.724677,lodhi_road,27.1,982.9,92.0,28.5918,77.2273,False
2026-09-04 23:11:09.698241,red_fort,27.3,982.6,91.0,28.6562,77.241,False
2026-09-04 23:11:09.722678,qutab_minar,26.7,979.0,94.0,28.5245,77.1855,False
2026-09-04 23:11:10.337260,chandni_chowk,27.3,981.4,91.0,28.6506,77.2303,False
2026-09-04 23:11:09.771872,akshardham,27.3,983.4,91.0,28.6127,77.2773,False
2026-09-04 23:11:09.737600,lotus_temple,27.0,980.5,93.0,28.5535,77.2588,False
2026-09-04 23:11:10.163329,delhi_university,27.6,982.9,89.0,28.6904,77.2066,False
2026-09-04 23:11:09.792373,ndls,27.6,982.4,89.0,28.643,77.2194,False
2026-09-04 23:11:09.761054,pragati_maidan,27.3,983.4,91.0,28.6172,77.2485,False
2026-09-04 23:11:15.441261,igi_airport,27.5,980.5,90.0,28.5562,77.1,False
2026-09-04 23:11:16.634053,lodhi_road,27.1,982.9,92.0,28.5918,77.2273,False
2026-09-04 23:11:18.629271,red_fort,27.3,982.6,91.0,28.6562,77.241,False
2026-09-04 23:11:18.629271,qutab_minar,26.7,979.0,94.0,28.5245,77.1855,False
2026-09-04 23:11:18.660341,chandni_chowk,27.3,981.4,91.0,28.6506,77.2303,False
2026-09-04 23:11:15.441261,akshardham,27.3,983.4,91.0,28.6127,77.2773,False
2026-09-04 23:11:15.441261,lotus_temple,27.0,980.5,93.0,28.5535,77.2588,False
2026-09-04 23:11:15.441261,delhi_university,27.6,982.9,89.0,28.6904,77.2066,False
2026-09-04 23:11:18.613244,ndls,27.6,982.4,89.0,28.643,77.2194,False
2026-09-04 23:11:15.441261,pragati_maidan,27.3,983.4,91.0,28.6172,77.2485,False
2026-09-04 23:11:19.437399,igi_airport,27.5,980.5,90.0,28.5562,77.1,False
2026-09-04 23:11:19.427864,lodhi_road,27.1,982.9,92.0,28.5918,77.2273,False
2026-09-04 23:11:19.407062,red_fort,27.3,982.6,91.0,28.6562,77.241,False
2026-09-04 23:11:19.417307,qutab_minar,26.7,979.0,94.0,28.5245,77.1855,False
2026-09-04 23:11:19.417307,chandni_chowk,27.3,981.4,91.0,28.6506,77.2303,False
2026-09-04 23:11:19.394742,akshardham,27.3,983.4,91.0,28.6127,77.2773,False
2026-09-04 23:11:19.442411,lotus_temple,27.0,980.5,93.0,28.5535,77.2588,False
2026-09-04 23:11:19.417307,delhi_university,27.6,982.9,89.0,28.6904,77.2066,False
2026-09-04 23:11:19.470754,ndls,27.6,982.4,89.0,28.643,77.2194,False
2026-09-04 23:11:19.406048,pragati_maidan,27.3,983.4,91.0,28.6172,77.2485,False
2026-09-04 23:11:20.276396,igi_airport,27.5,980.5,90.0,28.5562,77.1,False
2026-09-04 23:11:20.275396,lodhi_road,27.1,982.9,92.0,28.5918,77.2273,False
2026-09-04 23:11:20.262728,red_fort,27.3,982.6,91.0,28.6562,77.241,False
2026-09-04 23:11:20.839729,qutab_minar,26.7,979.0,94.0,28.5245,77.1855,False
2026-09-04 23:11:20.267395,chandni_chowk,27.3,981.4,91.0,28.6506,77.2303,False
2026-09-04 23:11:20.263381,akshardham,27.3,983.4,91.0,28.6127,77.2773,False
2026-09-04 23:11:20.275396,lotus_temple,27.0,980.5,93.0,28.5535,77.2588,False
2026-09-04 23:11:24.544827,delhi_university,27.6,982.9,89.0,28.6904,77.2066,False
2026-09-04 23:11:20.686060,ndls,27.6,982.4,89.0,28.643,77.2194,False
2026-09-04 23:11:20.277390,pragati_maidan,27.3,983.4,91.0,28.6172,77.2485,False
2026-09-04 23:11:33.922430,igi_airport,27.5,980.5,90.0,28.5562,77.1,False
2026-09-04 23:11:33.853872,lodhi_road,27.1,982.9,92.0,28.5918,77.2273,False
2026-09-04 23:11:33.872872,red_fort,27.3,982.6,91.0,28.6562,77.241,False
2026-09-04 23:11:33.922430,qutab_minar,26.7,979.0,94.0,28.5245,77.1855,False
2026-09-04 23:11:33.905270,chandni_chowk,27.3,981.4,91.0,28.6506,77.2303,False
2026-09-04 23:11:33.876113,akshardham,27.3,983.4,91.0,28.6127,77.2773,False
2026-09-04 23:11:33.853872,lotus_temple,27.0,980.5,93.0,28.5535,77.2588,False
2026-09-04 23:11:33.877117,delhi_university,27.6,982.9,89.0,28.6904,77.2066,False
2026-09-04 23:11:33.883185,ndls,27.6,982.4,89.0,28.643,77.2194,False
2026-09-04 23:11:33.874104,pragati_maidan,27.3,983.4,91.0,28.6172,77.2485,False
2026-09-04 23:11:34.747389,igi_airport,27.5,980.5,90.0,28.5562,77.1,False
2026-09-04 23:11:34.667315,lodhi_road,27.1,982.9,92.0,28.5918,77.2273,False
2026-09-04 23:11:34.713794,red_fort,27.3,982.6,91.0,28.6562,77.241,False
2026-09-04 23:11:34.730845,qutab_minar,26.7,979.0,94.0,28.5245,77.1855,False
2026-09-04 23:11:34.718739,chandni_chowk,27.3,981.4,91.0,28.6506,77.2303,False
2026-09-04 23:11:34.684263,akshardham,27.3,983.4,91.0,28.6127,77.2773,False
2026-09-04 23:11:34.747389,lotus_temple,27.0,980.5,93.0,28.5535,77.2588,False
2026-09-04 23:11:34.724837,delhi_university,27.6,982.9,89.0,28.6904,77.2066,False
2026-09-04 23:11:35.142346,ndls,27.6,982.4,89.0,28.643,77.2194,False
2026-09-04 23:11:34.715746,pragati_maidan,27.3,983.4,91.0,28.6172,77.2485,False
2026-09-04 23:11:35.931420,igi_airport,27.5,980.5,90.0,28.5562,77.1,False
2026-09-04 23:11:36.624671,lodhi_road,27.1,982.9,92.0,28.5918,77.2273,False
2026-09-04 23:11:35.879707,red_fort,27.3,982.6,91.0,28.6562,77.241,False
2026-09-04 23:11:35.872437,qutab_minar,26.7,979.0,94.0,28.5245,77.1855,False
2026-09-04 23:11:35.931420,chandni_chowk,27.3,981.4,91.0,28.6506,77.2303,False
2026-09-04 23:11:36.513330,akshardham,27.3,983.4,91.0,28.6127,77.2773,False
2026-09-04 23:11:35.900807,lotus_temple,27.0,980.5,93.0,28.5535,77.2588,False
2026-09-04 23:11:36.266317,delhi_university,27.6,982.9,89.0,28.6904,77.2066,False
2026-09-04 23:11:35.975520,ndls,27.6,982.4,89.0,28.643,77.2194,False
2026-09-04 23:11:35.897278,pragati_maidan,27.3,983.4,91.0,28.6172,77.2485,False
2026-09-04 23:11:37.429437,igi_airport,27.5,980.5,90.0,28.5562,77.1,False
2026-09-04 23:11:37.478128,lodhi_road,27.1,982.9,92.0,28.5918,77.2273,False
2026-09-04 23:11:37.429437,red_fort,27.3,982.6,91.0,28.6562,77.241,False
2026-09-04 23:11:37.398079,qutab_minar,26.7,979.0,94.0,28.5245,77.1855,False
2026-09-04 23:11:37.485623,chandni_chowk,27.3,981.4,91.0,28.6506,77.2303,False
2026-09-04 23:11:37.395753,akshardham,27.3,983.4,91.0,28.6127,77.2773,False
2026-09-04 23:11:37.448116,lotus_temple,27.0,980.5,93.0,28.5535,77.2588,False
2026-09-04 23:11:37.398079,delhi_university,27.6,982.9,89.0,28.6904,77.2066,False
2026-09-04 23:11:37.460126,ndls,27.6,982.4,89.0,28.643,77.2194,False
2026-09-04 23:11:37.429437,pragati_maidan,27.3,983.4,91.0,28.6172,77.2485,False
2026-09-04 23:11:38.473764,igi_airport,27.5,980.5,90.0,28.5562,77.1,False
2026-09-04 23:11:38.310329,lodhi_road,27.1,982.9,92.0,28.5918,77.2273,False
2026-09-04 23:11:38.263335,red_fort,27.3,982.6,91.0,28.6562,77.241,False
2026-09-04 23:11:38.262335,qutab_minar,26.7,979.0,94.0,28.5245,77.1855,False
2026-09-04 23:11:38.330437,chandni_chowk,27.3,981.4,91.0,28.6506,77.2303,False
2026-09-04 23:11:38.773658,akshardham,27.3,983.4,91.0,28.6127,77.2773,False
2026-09-04 23:11:38.310329,lotus_temple,27.0,980.5,93.0,28.5535,77.2588,False
2026-09-04 23:11:38.320345,delhi_university,27.6,982.9,89.0,28.6904,77.2066,False
2026-09-04 23:11:38.285334,ndls,27.6,982.4,89.0,28.643,77.2194,False
2026-09-04 23:11:38.469655,pragati_maidan,27.3,983.4,91.0,28.6172,77.2485,False
2026-09-04 23:11:39.537317,igi_airport,27.5,980.5,90.0,28.5562,77.1,False
2026-09-04 23:11:39.522425,lodhi_road,27.1,982.9,92.0,28.5918,77.2273,False
2026-09-04 23:11:39.539311,red_fort,27.3,982.6,91.0,28.6562,77.241,False
2026-09-04 23:11:39.528323,qutab_minar,26.7,979.0,94.0,28.5245,77.1855,False
2026-09-04 23:11:39.572851,chandni_chowk,27.3,981.4,91.0,28.6506,77.2303,False
2026-09-04 23:11:39.528323,akshardham,27.3,983.4,91.0,28.6127,77.2773,False
2026-09-04 23:11:39.537317,lotus_temple,27.0,980.5,93.0,28.5535,77.2588,False
2026-09-04 23:11:39.536317,delhi_university,27.6,982.9,89.0,28.6904,77.2066,False
2026-09-04 23:11:39.583853,ndls,27.6,982.4,89.0,28.643,77.2194,False
2026-09-04 23:11:39.557336,pragati_maidan,27.3,983.4,91.0,28.6172,77.2485,False
2026-09-04 23:11:40.333267,igi_airport,27.5,980.5,90.0,28.5562,77.1,False
2026-09-04 23:11:40.335720,lodhi_road,27.1,982.9,92.0,28.5918,77.2273,False
2026-09-04 23:11:40.407590,red_fort,27.3,982.6,91.0,28.6562,77.241,False
2026-09-04 23:11:40.340725,qutab_minar,26.7,979.0,94.0,28.5245,77.1855,False
2026-09-04 23:11:40.326267,chandni_chowk,27.3,981.4,91.0,28.6506,77.2303,False
2026-09-04 23:11:40.356974,akshardham,27.3,983.4,91.0,28.6127,77.2773,False
2026-09-04 23:11:40.451032,lotus_temple,27.0,980.5,93.0,28.5535,77.2588,False
2026-09-04 23:11:40.418582,delhi_university,27.6,982.9,89.0,28.6904,77.2066,False
2026-09-04 23:11:40.365980,ndls,27.6,982.4,89.0,28.643,77.2194,False
2026-09-04 23:11:40.353977,pragati_maidan,27.3,983.4,91.0,28.6172,77.2485,False
2026-09-04 23:11:41.176221,igi_airport,27.5,980.5,90.0,28.5562,77.1,False
2026-09-04 23:11:41.214479,lodhi_road,27.1,982.9,92.0,28.5918,77.2273,False
2026-09-04 23:11:41.194760,red_fort,27.3,982.6,91.0,28.6562,77.241,False
2026-09-04 23:11:41.218387,qutab_minar,26.7,979.0,94.0,28.5245,77.1855,False
2026-09-04 23:11:41.314899,chandni_chowk,27.3,981.4,91.0,28.6506,77.2303,False
2026-09-04 23:11:41.196745,akshardham,27.3,983.4,91.0,28.6127,77.2773,False
2026-09-04 23:11:41.194760,lotus_temple,27.0,980.5,93.0,28.5535,77.2588,False
2026-09-04 23:11:41.250439,delhi_university,27.6,982.9,89.0,28.6904,77.2066,False
2026-09-04 23:11:41.241401,ndls,27.6,982.4,89.0,28.643,77.2194,False
2026-09-04 23:11:41.218387,pragati_maidan,27.3,983.4,91.0,28.6172,77.2485,False
2026-09-04 23:11:42.101997,igi_airport,27.5,980.5,90.0,28.5562,77.1,False
2026-09-04 23:11:42.546781,lodhi_road,27.1,982.9,92.0,28.5918,77.2273,False
2026-09-04 23:11:42.067589,red_fort,27.3,982.6,91.0,28.6562,77.241,False
2026-09-04 23:11:42.160055,qutab_minar,26.7,979.0,94.0,28.5245,77.1855,False
2026-09-04 23:11:42.504047,chandni_chowk,27.3,981.4,91.0,28.6506,77.2303,False
2026-09-04 23:11:42.118988,akshardham,27.3,983.4,91.0,28.6127,77.2773,False
2026-09-04 23:11:43.120174,lotus_temple,27.0,980.5,93.0,28.5535,77.2588,False
2026-09-04 23:11:42.722622,delhi_university,27.6,982.9,89.0,28.6904,77.2066,False
2026-09-04 23:11:42.091429,ndls,27.6,982.4,89.0,28.643,77.2194,False
2026-09-04 23:11:42.113994,pragati_maidan,27.3,983.4,91.0,28.6172,77.2485,False
2026-09-04 23:11:43.940722,igi_airport,27.5,980.5,90.0,28.5562,77.1,False
2026-09-04 23:11:43.930497,lodhi_road,27.1,982.9,92.0,28.5918,77.2273,False
2026-09-04 23:11:43.901539,red_fort,27.3,982.6,91.0,28.6562,77.241,False
2026-09-04 23:11:43.862705,qutab_minar,26.7,979.0,94.0,28.5245,77.1855,False
2026-09-04 23:11:43.859704,chandni_chowk,27.3,981.4,91.0,28.6506,77.2303,False
2026-09-04 23:11:43.970303,akshardham,27.3,983.4,91.0,28.6127,77.2773,False
2026-09-04 23:11:43.884726,lotus_temple,27.0,980.5,93.0,28.5535,77.2588,False
2026-09-04 23:11:43.873814,delhi_university,27.6,982.9,89.0,28.6904,77.2066,False
2026-09-04 23:11:43.849191,ndls,27.6,982.4,89.0,28.643,77.2194,False
2026-09-04 23:11:43.861800,pragati_maidan,27.3,983.4,91.0,28.6172,77.2485,False
2026-09-04 23:11:45.171645,igi_airport,27.5,980.5,90.0,28.5562,77.1,False
2026-09-04 23:11:44.747791,lodhi_road,27.1,982.9,92.0,28.5918,77.2273,False
2026-09-04 23:11:45.671049,red_fort,27.3,982.6,91.0,28.6562,77.241,False
2026-09-04 23:11:44.747791,qutab_minar,26.7,979.0,94.0,28.5245,77.1855,False
2026-09-04 23:11:45.364988,chandni_chowk,27.3,981.4,91.0,28.6506,77.2303,False
2026-09-04 23:11:45.211301,akshardham,27.3,983.4,91.0,28.6127,77.2773,False
2026-09-04 23:11:44.723684,lotus_temple,27.0,980.5,93.0,28.5535,77.2588,False
2026-09-04 23:11:44.764690,delhi_university,27.6,982.9,89.0,28.6904,77.2066,False
2026-09-04 23:11:45.102379,ndls,27.6,982.4,89.0,28.643,77.2194,False
2026-09-04 23:11:45.106374,pragati_maidan,27.3,983.4,91.0,28.6172,77.2485,False
2026-09-04 23:11:46.434732,igi_airport,27.5,980.5,90.0,28.5562,77.1,False
2026-09-04 23:11:46.426738,lodhi_road,27.1,982.9,92.0,28.5918,77.2273,False
2026-09-04 23:11:46.870826,red_fort,27.3,982.6,91.0,28.6562,77.241,False
2026-09-04 23:11:46.426738,qutab_minar,26.7,979.0,94.0,28.5245,77.1855,False
2026-09-04 23:11:46.490790,chandni_chowk,27.3,981.4,91.0,28.6506,77.2303,False
2026-09-04 23:11:46.515973,akshardham,27.3,983.4,91.0,28.6127,77.2773,False
2026-09-04 23:11:46.728510,lotus_temple,27.0,980.5,93.0,28.5535,77.2588,False
2026-09-04 23:11:46.493748,delhi_university,27.6,982.9,89.0,28.6904,77.2066,False
2026-09-04 23:11:46.978107,ndls,27.6,982.4,89.0,28.643,77.2194,False
2026-09-04 23:11:47.021686,pragati_maidan,27.3,983.4,91.0,28.6172,77.2485,False
2026-09-04 23:12:29.991135,igi_airport,27.5,980.5,90.0,28.5562,77.1,False
2026-09-04 23:12:30.056252,lodhi_road,27.1,982.9,92.0,28.5918,77.2273,False
2026-09-04 23:12:30.065528,red_fort,27.3,982.6,91.0,28.6562,77.241,False
2026-09-04 23:12:30.029791,qutab_minar,26.7,979.0,94.0,28.5245,77.1855,False
2026-09-04 23:12:30.019888,chandni_chowk,27.3,981.4,91.0,28.6506,77.2303,False
2026-09-04 23:12:30.010806,akshardham,27.3,983.4,91.0,28.6127,77.2773,False
2026-09-04 23:12:30.013817,lotus_temple,27.0,980.5,93.0,28.5535,77.2588,False
2026-09-04 23:12:30.023596,delhi_university,27.6,982.9,89.0,28.6904,77.2066,False
2026-09-04 23:12:30.006699,ndls,27.6,982.4,89.0,28.643,77.2194,False
2026-09-04 23:12:30.056252,pragati_maidan,27.3,983.4,91.0,28.6172,77.2485,False
2026-09-04 23:12:31.121594,igi_airport,27.5,980.5,90.0,28.5562,77.1,False
2026-09-04 23:12:31.024171,lodhi_road,27.1,982.9,92.0,28.5918,77.2273,False
2026-09-04 23:12:35.168226,red_fort,27.3,982.6,91.0,28.6562,77.241,False
2026-09-04 23:12:31.580578,qutab_minar,26.7,979.0,94.0,28.5245,77.1855,False
2026-09-04 23:12:31.115103,chandni_chowk,27.3,981.4,91.0,28.6506,77.2303,False
2026-09-04 23:12:31.012328,akshardham,27.3,983.4,91.0,28.6127,77.2773,False
2026-09-04 23:12:31.014842,lotus_temple,27.0,980.5,93.0,28.5535,77.2588,False
2026-09-04 23:12:35.169248,delhi_university,27.6,982.9,89.0,28.6904,77.2066,False
2026-09-04 23:12:35.168226,ndls,27.6,982.4,89.0,28.643,77.2194,False
2026-09-04 23:12:31.244090,pragati_maidan,27.3,983.4,91.0,28.6172,77.2485,False
2026-09-04 23:12:36.917944,igi_airport,27.5,980.5,90.0,28.5562,77.1,False
2026-09-04 23:12:37.467682,lodhi_road,27.1,982.9,92.0,28.5918,77.2273,False
2026-09-04 23:12:36.528272,red_fort,27.3,982.6,91.0,28.6562,77.241,False
2026-09-04 23:12:37.482681,qutab_minar,26.7,979.0,94.0,28.5245,77.1855,False
2026-09-04 23:12:36.536288,chandni_chowk,27.3,981.4,91.0,28.6506,77.2303,False
2026-09-04 23:12:36.776268,akshardham,27.3,983.4,91.0,28.6127,77.2773,False
2026-09-04 23:12:36.174860,lotus_temple,27.0,980.5,93.0,28.5535,77.2588,False
2026-09-04 23:12:36.536288,delhi_university,27.6,982.9,89.0,28.6904,77.2066,False
2026-09-04 23:12:36.367609,ndls,27.6,982.4,89.0,28.643,77.2194,False
2026-09-04 23:12:36.924029,pragati_maidan,27.3,983.4,91.0,28.6172,77.2485,False
2026-09-04 23:12:38.369578,igi_airport,27.5,980.5,90.0,28.5562,77.1,False
2026-09-04 23:12:38.384572,lodhi_road,27.1,982.9,92.0,28.5918,77.2273,False
2026-09-04 23:12:38.227890,red_fort,27.3,982.6,91.0,28.6562,77.241,False
2026-09-04 23:12:38.376570,qutab_minar,26.7,979.0,94.0,28.5245,77.1855,False
2026-09-04 23:12:38.227890,chandni_chowk,27.3,981.4,91.0,28.6506,77.2303,False
2026-09-04 23:12:38.655958,akshardham,27.3,983.4,91.0,28.6127,77.2773,False
2026-09-04 23:12:38.370583,lotus_temple,27.0,980.5,93.0,28.5535,77.2588,False
2026-09-04 23:12:38.370583,delhi_university,27.6,982.9,89.0,28.6904,77.2066,False
2026-09-04 23:12:38.791074,ndls,27.6,982.4,89.0,28.643,77.2194,False
2026-09-04 23:12:38.366571,pragati_maidan,27.3,983.4,91.0,28.6172,77.2485,False
2026-09-04 23:12:39.635125,igi_airport,27.5,980.5,90.0,28.5562,77.1,False
2026-09-04 23:12:39.959364,lodhi_road,27.1,982.9,92.0,28.5918,77.2273,False
2026-09-04 23:12:39.607038,red_fort,27.3,982.6,91.0,28.6562,77.241,False
2026-09-04 23:12:39.571851,qutab_minar,26.7,979.0,94.0,28.5245,77.1855,False
2026-09-04 23:12:39.620134,chandni_chowk,27.3,981.4,91.0,28.6506,77.2303,False
2026-09-04 23:12:39.598007,akshardham,27.3,983.4,91.0,28.6127,77.2773,False
2026-09-04 23:12:39.620134,lotus_temple,27.0,980.5,93.0,28.5535,77.2588,False
2026-09-04 23:12:39.620134,delhi_university,27.6,982.9,89.0,28.6904,77.2066,False
2026-09-04 23:12:39.645127,ndls,27.6,982.4,89.0,28.643,77.2194,False
2026-09-04 23:12:39.584008,pragati_maidan,27.3,983.4,91.0,28.6172,77.2485,False
2026-09-04 23:12:40.817615,igi_airport,27.5,980.5,90.0,28.5562,77.1,False
2026-09-04 23:12:40.819610,lodhi_road,27.1,982.9,92.0,28.5918,77.2273,False
2026-09-04 23:12:40.817615,red_fort,27.3,982.6,91.0,28.6562,77.241,False
2026-09-04 23:12:40.817615,qutab_minar,26.7,979.0,94.0,28.5245,77.1855,False
2026-09-04 23:12:40.817615,chandni_chowk,27.3,981.4,91.0,28.6506,77.2303,False
2026-09-04 23:12:41.148547,akshardham,27.3,983.4,91.0,28.6127,77.2773,False
2026-09-04 23:12:41.283727,lotus_temple,27.0,980.5,93.0,28.5535,77.2588,False
2026-09-04 23:12:41.234182,delhi_university,27.6,982.9,89.0,28.6904,77.2066,False
2026-09-04 23:12:40.817615,ndls,27.6,982.4,89.0,28.643,77.2194,False
2026-09-04 23:12:40.817615,pragati_maidan,27.3,983.4,91.0,28.6172,77.2485,False
2026-09-04 23:12:42.621419,igi_airport,27.5,980.5,90.0,28.5562,77.1,False
2026-09-04 23:12:42.655704,lodhi_road,27.1,982.9,92.0,28.5918,77.2273,False
2026-09-04 23:12:43.268592,red_fort,27.3,982.6,91.0,28.6562,77.241,False
2026-09-04 23:12:42.807141,qutab_minar,26.7,979.0,94.0,28.5245,77.1855,False
2026-09-04 23:12:43.250058,chandni_chowk,27.3,981.4,91.0,28.6506,77.2303,False
2026-09-04 23:12:42.024947,akshardham,27.3,983.4,91.0,28.6127,77.2773,False
2026-09-04 23:12:42.140398,lotus_temple,27.0,980.5,93.0,28.5535,77.2588,False
2026-09-04 23:12:42.203846,delhi_university,27.6,982.9,89.0,28.6904,77.2066,False
2026-09-04 23:12:42.944388,ndls,27.6,982.4,89.0,28.643,77.2194,False
2026-09-04 23:12:43.378426,pragati_maidan,27.3,983.4,91.0,28.6172,77.2485,False
2026-09-04 23:12:45.005403,igi_airport,27.5,980.5,90.0,28.5562,77.1,False
2026-09-04 23:12:45.537946,lodhi_road,27.1,982.9,92.0,28.5918,77.2273,False
2026-09-04 23:12:48.448803,red_fort,27.3,982.6,91.0,28.6562,77.241,False
2026-09-04 23:12:45.186604,qutab_minar,26.7,979.0,94.0,28.5245,77.1855,False
2026-09-04 23:12:45.530902,chandni_chowk,27.3,981.4,91.0,28.6506,77.2303,False
2026-09-04 23:12:44.787744,akshardham,27.3,983.4,91.0,28.6127,77.2773,False
2026-09-04 23:12:45.540898,lotus_temple,27.0,980.5,93.0,28.5535,77.2588,False
2026-09-04 23:12:45.005403,delhi_university,27.6,982.9,89.0,28.6904,77.2066,False
2026-09-04 23:12:44.787744,ndls,27.6,982.4,89.0,28.643,77.2194,False
2026-09-04 23:12:44.093663,pragati_maidan,27.3,983.4,91.0,28.6172,77.2485,False
2026-09-04 23:12:49.535221,igi_airport,27.5,980.5,90.0,28.5562,77.1,False
2026-09-04 23:12:50.125061,lodhi_road,27.1,982.9,92.0,28.5918,77.2273,False
2026-09-04 23:12:52.617540,red_fort,27.3,982.6,91.0,28.6562,77.241,False
2026-09-04 23:12:49.536245,qutab_minar,26.7,979.0,94.0,28.5245,77.1855,False
2026-09-04 23:12:50.127997,chandni_chowk,27.3,981.4,91.0,28.6506,77.2303,False
2026-09-04 23:12:50.125061,akshardham,27.3,983.4,91.0,28.6127,77.2773,False
2026-09-04 23:12:51.126082,lotus_temple,27.0,980.5,93.0,28.5535,77.2588,False
2026-09-04 23:12:50.121904,delhi_university,27.6,982.9,89.0,28.6904,77.2066,False
2026-09-04 23:12:49.982589,ndls,27.6,982.4,89.0,28.643,77.2194,False
2026-09-04 23:12:49.908229,pragati_maidan,27.3,983.4,91.0,28.6172,77.2485,False
2026-09-04 23:12:53.371569,igi_airport,27.5,980.5,90.0,28.5562,77.1,False
2026-09-04 23:12:53.381517,lodhi_road,27.1,982.9,92.0,28.5918,77.2273,False
2026-09-04 23:12:53.408888,red_fort,27.3,982.6,91.0,28.6562,77.241,False
2026-09-04 23:12:53.394301,qutab_minar,26.7,979.0,94.0,28.5245,77.1855,False
2026-09-04 23:12:53.363567,chandni_chowk,27.3,981.4,91.0,28.6506,77.2303,False
2026-09-04 23:12:53.354086,akshardham,27.3,983.4,91.0,28.6127,77.2773,False
2026-09-04 23:12:53.434880,lotus_temple,27.0,980.5,93.0,28.5535,77.2588,False
2026-09-04 23:12:53.389813,delhi_university,27.6,982.9,89.0,28.6904,77.2066,False
2026-09-04 23:12:53.434880,ndls,27.6,982.4,89.0,28.643,77.2194,False
2026-09-04 23:12:56.434428,pragati_maidan,27.3,983.4,91.0,28.6172,77.2485,False
2026-09-04 23:12:57.248119,igi_airport,27.5,980.5,90.0,28.5562,77.1,False
2026-09-04 23:12:57.238082,lodhi_road,27.1,982.9,92.0,28.5918,77.2273,False
2026-09-04 23:12:57.181797,red_fort,27.3,982.6,91.0,28.6562,77.241,False
2026-09-04 23:12:57.226970,qutab_minar,26.7,979.0,94.0,28.5245,77.1855,False
2026-09-04 23:12:57.222970,chandni_chowk,27.3,981.4,91.0,28.6506,77.2303,False
2026-09-04 23:12:57.152103,akshardham,27.3,983.4,91.0,28.6127,77.2773,False
2026-09-04 23:12:57.226970,lotus_temple,27.0,980.5,93.0,28.5535,77.2588,False
2026-09-04 23:12:57.222970,delhi_university,27.6,982.9,89.0,28.6904,77.2066,False
2026-09-04 23:12:57.184802,ndls,27.6,982.4,89.0,28.643,77.2194,False
2026-09-04 23:12:57.196955,pragati_maidan,27.3,983.4,91.0,28.6172,77.2485,False
2026-09-04 23:12:58.015219,igi_airport,27.5,980.5,90.0,28.5562,77.1,False
2026-09-04 23:12:58.170933,lodhi_road,27.1,982.9,92.0,28.5918,77.2273,False
2026-09-04 23:12:59.527705,red_fort,27.3,982.6,91.0,28.6562,77.241,False
2026-09-04 23:12:58.034808,qutab_minar,26.7,979.0,94.0,28.5245,77.1855,False
2026-09-04 23:12:58.009180,chandni_chowk,27.3,981.4,91.0,28.6506,77.2303,False
2026-09-04 23:12:58.006171,akshardham,27.3,983.4,91.0,28.6127,77.2773,False
2026-09-04 23:12:58.445959,lotus_temple,27.0,980.5,93.0,28.5535,77.2588,False
2026-09-04 23:12:58.034808,delhi_university,27.6,982.9,89.0,28.6904,77.2066,False
2026-09-04 23:12:57.961040,ndls,27.6,982.4,89.0,28.643,77.2194,False
2026-09-04 23:12:58.017258,pragati_maidan,27.3,983.4,91.0,28.6172,77.2485,False
2026-09-04 23:28:41.829539,igi_airport,27.4,980.4,90.0,28.5562,77.1,False
2026-09-04 23:28:41.752926,lodhi_road,27.0,982.9,92.0,28.5918,77.2273,False
2026-09-04 23:28:41.752926,red_fort,27.2,982.6,91.0,28.6562,77.241,False
2026-09-04 23:28:42.314888,qutab_minar,26.7,978.9,93.0,28.5245,77.1855,False
2026-09-04 23:28:41.752926,chandni_chowk,27.2,981.4,91.0,28.6506,77.2303,False
2026-09-04 23:28:41.745513,akshardham,27.2,983.4,91.0,28.6127,77.2773,False
2026-09-04 23:28:41.799920,lotus_temple,26.9,980.4,93.0,28.5535,77.2588,False
2026-09-04 23:28:41.780196,delhi_university,27.5,982.7,89.0,28.6904,77.2066,False
2026-09-04 23:28:41.778923,ndls,27.5,982.3,89.0,28.643,77.2194,False
2026-09-04 23:28:41.786674,pragati_maidan,27.2,983.4,91.0,28.6172,77.2485,False
2026-09-04 23:28:43.238652,igi_airport,27.4,980.4,90.0,28.5562,77.1,False
2026-09-04 23:28:43.136568,lodhi_road,27.0,982.9,92.0,28.5918,77.2273,False
2026-09-04 23:28:43.539555,red_fort,27.2,982.6,91.0,28.6562,77.241,False
2026-09-04 23:28:43.149564,qutab_minar,26.7,978.9,93.0,28.5245,77.1855,False
2026-09-04 23:28:43.210031,chandni_chowk,27.2,981.4,91.0,28.6506,77.2303,False
2026-09-04 23:28:43.385846,akshardham,27.2,983.4,91.0,28.6127,77.2773,False
2026-09-04 23:28:43.723661,lotus_temple,26.9,980.4,93.0,28.5535,77.2588,False
2026-09-04 23:28:43.682716,delhi_university,27.5,982.7,89.0,28.6904,77.2066,False
2026-09-04 23:28:43.166617,ndls,27.5,982.3,89.0,28.643,77.2194,False
2026-09-04 23:28:43.167616,pragati_maidan,27.2,983.4,91.0,28.6172,77.2485,False
2026-09-04 23:28:44.440288,igi_airport,27.4,980.4,90.0,28.5562,77.1,False
2026-09-04 23:28:44.442278,lodhi_road,27.0,982.9,92.0,28.5918,77.2273,False
2026-09-04 23:28:44.452337,red_fort,27.2,982.6,91.0,28.6562,77.241,False
2026-09-04 23:28:44.458380,qutab_minar,26.7,978.9,93.0,28.5245,77.1855,False
2026-09-04 23:28:44.518543,chandni_chowk,27.2,981.4,91.0,28.6506,77.2303,False
2026-09-04 23:28:44.448277,akshardham,27.2,983.4,91.0,28.6127,77.2773,False
2026-09-04 23:28:44.480275,lotus_temple,26.9,980.4,93.0,28.5535,77.2588,False
2026-09-04 23:28:44.452337,delhi_university,27.5,982.7,89.0,28.6904,77.2066,False
2026-09-04 23:28:44.517543,ndls,27.5,982.3,89.0,28.643,77.2194,False
2026-09-04 23:28:44.510535,pragati_maidan,27.2,983.4,91.0,28.6172,77.2485,False
2026-09-04 23:28:45.257492,igi_airport,27.4,980.4,90.0,28.5562,77.1,False
2026-09-04 23:28:45.261389,lodhi_road,27.0,982.9,92.0,28.5918,77.2273,False
2026-09-04 23:28:45.287240,red_fort,27.2,982.6,91.0,28.6562,77.241,False
2026-09-04 23:28:45.264579,qutab_minar,26.7,978.9,93.0,28.5245,77.1855,False
2026-09-04 23:28:45.280207,chandni_chowk,27.2,981.4,91.0,28.6506,77.2303,False
2026-09-04 23:28:45.249392,akshardham,27.2,983.4,91.0,28.6127,77.2773,False
2026-09-04 23:28:45.257492,lotus_temple,26.9,980.4,93.0,28.5535,77.2588,False
2026-09-04 23:28:45.282239,delhi_university,27.5,982.7,89.0,28.6904,77.2066,False
2026-09-04 23:28:45.280207,ndls,27.5,982.3,89.0,28.643,77.2194,False
2026-09-04 23:28:45.243452,pragati_maidan,27.2,983.4,91.0,28.6172,77.2485,False
2026-09-04 23:28:46.042981,igi_airport,27.4,980.4,90.0,28.5562,77.1,False
2026-09-04 23:28:46.042981,lodhi_road,27.0,982.9,92.0,28.5918,77.2273,False
2026-09-04 23:28:46.045809,red_fort,27.2,982.6,91.0,28.6562,77.241,False
2026-09-04 23:28:46.119106,qutab_minar,26.7,978.9,93.0,28.5245,77.1855,False
2026-09-04 23:28:46.448460,chandni_chowk,27.2,981.4,91.0,28.6506,77.2303,False
2026-09-04 23:28:46.316963,akshardham,27.2,983.4,91.0,28.6127,77.2773,False
2026-09-04 23:28:49.574327,lotus_temple,26.9,980.4,93.0,28.5535,77.2588,False
2026-09-04 23:28:46.039817,delhi_university,27.5,982.7,89.0,28.6904,77.2066,False
2026-09-04 23:28:46.049606,ndls,27.5,982.3,89.0,28.643,77.2194,False
2026-09-04 23:28:46.045273,pragati_maidan,27.2,983.4,91.0,28.6172,77.2485,False
2026-09-04 23:28:50.608765,igi_airport,27.4,980.4,90.0,28.5562,77.1,False
2026-09-04 23:28:50.821235,lodhi_road,27.0,982.9,92.0,28.5918,77.2273,False
2026-09-04 23:28:50.593179,red_fort,27.2,982.6,91.0,28.6562,77.241,False
2026-09-04 23:28:51.440922,qutab_minar,26.7,978.9,93.0,28.5245,77.1855,False
2026-09-04 23:28:50.608765,chandni_chowk,27.2,981.4,91.0,28.6506,77.2303,False
2026-09-04 23:28:50.603486,akshardham,27.2,983.4,91.0,28.6127,77.2773,False
2026-09-04 23:28:50.612706,lotus_temple,26.9,980.4,93.0,28.5535,77.2588,False
2026-09-04 23:28:51.328281,delhi_university,27.5,982.7,89.0,28.6904,77.2066,False
2026-09-04 23:28:51.329121,ndls,27.5,982.3,89.0,28.643,77.2194,False
2026-09-04 23:28:50.610707,pragati_maidan,27.2,983.4,91.0,28.6172,77.2485,False
2026-09-04 23:28:52.302618,igi_airport,27.4,980.4,90.0,28.5562,77.1,False
2026-09-04 23:28:52.312132,lodhi_road,27.0,982.9,92.0,28.5918,77.2273,False
2026-09-04 23:28:52.168430,red_fort,27.2,982.6,91.0,28.6562,77.241,False
2026-09-04 23:28:52.179895,qutab_minar,26.7,978.9,93.0,28.5245,77.1855,False
2026-09-04 23:28:52.306132,chandni_chowk,27.2,981.4,91.0,28.6506,77.2303,False
2026-09-04 23:28:52.406803,akshardham,27.2,983.4,91.0,28.6127,77.2773,False
2026-09-04 23:28:52.554850,lotus_temple,26.9,980.4,93.0,28.5535,77.2588,False
2026-09-04 23:28:52.173475,delhi_university,27.5,982.7,89.0,28.6904,77.2066,False
2026-09-04 23:28:52.655308,ndls,27.5,982.3,89.0,28.643,77.2194,False
2026-09-04 23:28:52.312132,pragati_maidan,27.2,983.4,91.0,28.6172,77.2485,False
2026-09-04 23:28:53.405500,igi_airport,27.4,980.4,90.0,28.5562,77.1,False
2026-09-04 23:28:53.469974,lodhi_road,27.0,982.9,92.0,28.5918,77.2273,False
2026-09-04 23:28:53.703254,red_fort,27.2,982.6,91.0,28.6562,77.241,False
2026-09-04 23:28:53.427945,qutab_minar,26.7,978.9,93.0,28.5245,77.1855,False
2026-09-04 23:28:53.452030,chandni_chowk,27.2,981.4,91.0,28.6506,77.2303,False
2026-09-04 23:28:53.384502,akshardham,27.2,983.4,91.0,28.6127,77.2773,False
2026-09-04 23:28:53.897930,lotus_temple,26.9,980.4,93.0,28.5535,77.2588,False
2026-09-04 23:28:53.459855,delhi_university,27.5,982.7,89.0,28.6904,77.2066,False
2026-09-04 23:28:53.411502,ndls,27.5,982.3,89.0,28.643,77.2194,False
2026-09-04 23:28:53.828784,pragati_maidan,27.2,983.4,91.0,28.6172,77.2485,False
2026-09-04 23:28:54.644625,igi_airport,27.4,980.4,90.0,28.5562,77.1,False
2026-09-04 23:28:54.770242,lodhi_road,27.0,982.9,92.0,28.5918,77.2273,False
2026-09-04 23:28:54.770242,red_fort,27.2,982.6,91.0,28.6562,77.241,False
2026-09-04 23:28:54.614686,qutab_minar,26.7,978.9,93.0,28.5245,77.1855,False
2026-09-04 23:28:54.770242,chandni_chowk,27.2,981.4,91.0,28.6506,77.2303,False
2026-09-04 23:28:54.618629,akshardham,27.2,983.4,91.0,28.6127,77.2773,False
2026-09-04 23:28:54.594632,lotus_temple,26.9,980.4,93.0,28.5535,77.2588,False
2026-09-04 23:28:54.770242,delhi_university,27.5,982.7,89.0,28.6904,77.2066,False
2026-09-04 23:28:54.653671,ndls,27.5,982.3,89.0,28.643,77.2194,False
2026-09-04 23:28:54.890665,pragati_maidan,27.2,983.4,91.0,28.6172,77.2485,False
2026-09-04 23:28:56.045322,igi_airport,27.4,980.4,90.0,28.5562,77.1,False
2026-09-04 23:28:55.668421,lodhi_road,27.0,982.9,92.0,28.5918,77.2273,False
2026-09-04 23:28:55.645526,red_fort,27.2,982.6,91.0,28.6562,77.241,False
2026-09-04 23:28:55.634478,qutab_minar,26.7,978.9,93.0,28.5245,77.1855,False
2026-09-04 23:28:55.627423,chandni_chowk,27.2,981.4,91.0,28.6506,77.2303,False
2026-09-04 23:28:55.629443,akshardham,27.2,983.4,91.0,28.6127,77.2773,False
2026-09-04 23:28:55.689775,lotus_temple,26.9,980.4,93.0,28.5535,77.2588,False
2026-09-04 23:28:55.687755,delhi_university,27.5,982.7,89.0,28.6904,77.2066,False
2026-09-04 23:28:55.644423,ndls,27.5,982.3,89.0,28.643,77.2194,False
2026-09-04 23:28:55.634478,pragati_maidan,27.2,983.4,91.0,28.6172,77.2485,False
2026-09-04 23:28:57.165401,igi_airport,27.4,980.4,90.0,28.5562,77.1,False
2026-09-04 23:28:57.165401,lodhi_road,27.0,982.9,92.0,28.5918,77.2273,False
2026-09-04 23:28:57.165401,red_fort,27.2,982.6,91.0,28.6562,77.241,False
2026-09-04 23:28:58.009705,qutab_minar,26.7,978.9,93.0,28.5245,77.1855,False
2026-09-04 23:28:57.359607,chandni_chowk,27.2,981.4,91.0,28.6506,77.2303,False
2026-09-04 23:28:57.691453,akshardham,27.2,983.4,91.0,28.6127,77.2773,False
2026-09-04 23:28:56.869183,lotus_temple,26.9,980.4,93.0,28.5535,77.2588,False
2026-09-04 23:28:57.450099,delhi_university,27.5,982.7,89.0,28.6904,77.2066,False
2026-09-04 23:28:56.869183,ndls,27.5,982.3,89.0,28.643,77.2194,False
2026-09-04 23:28:56.869183,pragati_maidan,27.2,983.4,91.0,28.6172,77.2485,False
2026-09-04 23:28:58.804423,igi_airport,27.4,980.4,90.0,28.5562,77.1,False
2026-09-04 23:28:58.748513,lodhi_road,27.0,982.9,92.0,28.5918,77.2273,False
2026-09-04 23:28:58.770442,red_fort,27.2,982.6,91.0,28.6562,77.241,False
2026-09-04 23:28:58.733441,qutab_minar,26.7,978.9,93.0,28.5245,77.1855,False
2026-09-04 23:28:58.730447,chandni_chowk,27.2,981.4,91.0,28.6506,77.2303,False
2026-09-04 23:28:58.804423,akshardham,27.2,983.4,91.0,28.6127,77.2773,False
2026-09-04 23:28:58.820607,lotus_temple,26.9,980.4,93.0,28.5535,77.2588,False
2026-09-04 23:28:58.754426,delhi_university,27.5,982.7,89.0,28.6904,77.2066,False
2026-09-04 23:28:58.797422,ndls,27.5,982.3,89.0,28.643,77.2194,False
2026-09-04 23:28:58.783438,pragati_maidan,27.2,983.4,91.0,28.6172,77.2485,False
2026-09-04 23:29:08.671641,igi_airport,27.4,980.4,90.0,28.5562,77.1,False
2026-09-04 23:29:08.156267,lodhi_road,27.0,982.9,92.0,28.5918,77.2273,False
2026-09-04 23:29:08.152062,red_fort,27.2,982.6,91.0,28.6562,77.241,False
2026-09-04 23:29:08.152062,qutab_minar,26.7,978.9,93.0,28.5245,77.1855,False
2026-09-04 23:29:08.572780,chandni_chowk,27.2,981.4,91.0,28.6506,77.2303,False
2026-09-04 23:29:08.152062,akshardham,27.2,983.4,91.0,28.6127,77.2773,False
2026-09-04 23:29:08.126647,lotus_temple,26.9,980.4,93.0,28.5535,77.2588,False
2026-09-04 23:29:08.107526,delhi_university,27.5,982.7,89.0,28.6904,77.2066,False
2026-09-04 23:29:08.155166,ndls,27.5,982.3,89.0,28.643,77.2194,False
2026-09-04 23:29:08.158281,pragati_maidan,27.2,983.4,91.0,28.6172,77.2485,False
2026-09-04 23:29:09.435844,igi_airport,27.4,980.4,90.0,28.5562,77.1,False
2026-09-04 23:29:09.444836,lodhi_road,27.0,982.9,92.0,28.5918,77.2273,False
2026-09-04 23:29:09.435844,red_fort,27.2,982.6,91.0,28.6562,77.241,False
2026-09-04 23:29:09.440844,qutab_minar,26.7,978.9,93.0,28.5245,77.1855,False
2026-09-04 23:29:09.505417,chandni_chowk,27.2,981.4,91.0,28.6506,77.2303,False
2026-09-04 23:29:09.434812,akshardham,27.2,983.4,91.0,28.6127,77.2773,False
2026-09-04 23:29:09.415512,lotus_temple,26.9,980.4,93.0,28.5535,77.2588,False
2026-09-04 23:29:09.452505,delhi_university,27.5,982.7,89.0,28.6904,77.2066,False
2026-09-04 23:29:09.435844,ndls,27.5,982.3,89.0,28.643,77.2194,False
2026-09-04 23:29:09.444836,pragati_maidan,27.2,983.4,91.0,28.6172,77.2485,False
2026-09-04 23:29:10.250815,igi_airport,27.4,980.4,90.0,28.5562,77.1,False
2026-09-04 23:29:10.283917,lodhi_road,27.0,982.9,92.0,28.5918,77.2273,False
2026-09-04 23:29:10.313365,red_fort,27.2,982.6,91.0,28.6562,77.241,False
2026-09-04 23:29:10.250815,qutab_minar,26.7,978.9,93.0,28.5245,77.1855,False
2026-09-04 23:29:10.963055,chandni_chowk,27.2,981.4,91.0,28.6506,77.2303,False
2026-09-04 23:29:10.302844,akshardham,27.2,983.4,91.0,28.6127,77.2773,False
2026-09-04 23:29:10.599374,lotus_temple,26.9,980.4,93.0,28.5535,77.2588,False
2026-09-04 23:29:10.264358,delhi_university,27.5,982.7,89.0,28.6904,77.2066,False
2026-09-04 23:29:10.280805,ndls,27.5,982.3,89.0,28.643,77.2194,False
2026-09-04 23:29:10.283917,pragati_maidan,27.2,983.4,91.0,28.6172,77.2485,False
2026-09-04 23:29:11.776749,igi_airport,27.4,980.4,90.0,28.5562,77.1,False
2026-09-04 23:29:11.968800,lodhi_road,27.0,982.9,92.0,28.5918,77.2273,False
2026-09-04 23:29:11.766239,red_fort,27.2,982.6,91.0,28.6562,77.241,False
2026-09-04 23:29:11.773282,qutab_minar,26.7,978.9,93.0,28.5245,77.1855,False
2026-09-04 23:29:11.816947,chandni_chowk,27.2,981.4,91.0,28.6506,77.2303,False
2026-09-04 23:29:11.805766,akshardham,27.2,983.4,91.0,28.6127,77.2773,False
2026-09-04 23:29:12.127969,lotus_temple,26.9,980.4,93.0,28.5535,77.2588,False
2026-09-04 23:29:11.809764,delhi_university,27.5,982.7,89.0,28.6904,77.2066,False
2026-09-04 23:29:11.722665,ndls,27.5,982.3,89.0,28.643,77.2194,False
2026-09-04 23:29:11.733454,pragati_maidan,27.2,983.4,91.0,28.6172,77.2485,False
2026-09-04 23:29:13.475982,igi_airport,27.4,980.4,90.0,28.5562,77.1,False
2026-09-04 23:29:13.023449,lodhi_road,27.0,982.9,92.0,28.5918,77.2273,False
2026-09-04 23:29:13.035092,red_fort,27.2,982.6,91.0,28.6562,77.241,False
2026-09-04 23:29:13.035092,qutab_minar,26.7,978.9,93.0,28.5245,77.1855,False
2026-09-04 23:29:13.035092,chandni_chowk,27.2,981.4,91.0,28.6506,77.2303,False
2026-09-04 23:29:13.023449,akshardham,27.2,983.4,91.0,28.6127,77.2773,False
2026-09-04 23:29:13.208250,lotus_temple,26.9,980.4,93.0,28.5535,77.2588,False
2026-09-04 23:29:12.902165,delhi_university,27.5,982.7,89.0,28.6904,77.2066,False
2026-09-04 23:29:12.916080,ndls,27.5,982.3,89.0,28.643,77.2194,False
2026-09-04 23:29:13.035092,pragati_maidan,27.2,983.4,91.0,28.6172,77.2485,False
2026-09-04 23:29:18.559031,igi_airport,27.4,980.4,90.0,28.5562,77.1,False
2026-09-04 23:29:18.558031,lodhi_road,27.0,982.9,92.0,28.5918,77.2273,False
2026-09-04 23:29:14.408385,red_fort,27.2,982.6,91.0,28.6562,77.241,False
2026-09-04 23:29:14.406385,qutab_minar,26.7,978.9,93.0,28.5245,77.1855,False
2026-09-04 23:29:18.559031,chandni_chowk,27.2,981.4,91.0,28.6506,77.2303,False
2026-09-04 23:29:18.558031,akshardham,27.2,983.4,91.0,28.6127,77.2773,False
2026-09-04 23:29:14.406385,lotus_temple,26.9,980.4,93.0,28.5535,77.2588,False
2026-09-04 23:29:18.559031,delhi_university,27.5,982.7,89.0,28.6904,77.2066,False
2026-09-04 23:29:18.559031,ndls,27.5,982.3,89.0,28.643,77.2194,False
2026-09-04 23:29:14.408385,pragati_maidan,27.2,983.4,91.0,28.6172,77.2485,False
2026-09-04 23:29:19.305820,igi_airport,27.4,980.4,90.0,28.5562,77.1,False
2026-09-04 23:29:19.353437,lodhi_road,27.0,982.9,92.0,28.5918,77.2273,False
2026-09-04 23:29:19.279649,red_fort,27.2,982.6,91.0,28.6562,77.241,False
2026-09-04 23:29:19.353437,qutab_minar,26.7,978.9,93.0,28.5245,77.1855,False
2026-09-04 23:29:19.344032,chandni_chowk,27.2,981.4,91.0,28.6506,77.2303,False
2026-09-04 23:29:19.319997,akshardham,27.2,983.4,91.0,28.6127,77.2773,False
2026-09-04 23:29:19.326067,lotus_temple,26.9,980.4,93.0,28.5535,77.2588,False
2026-09-04 23:29:19.297245,delhi_university,27.5,982.7,89.0,28.6904,77.2066,False
2026-09-04 23:29:19.325112,ndls,27.5,982.3,89.0,28.643,77.2194,False
2026-09-04 23:29:19.331737,pragati_maidan,27.2,983.4,91.0,28.6172,77.2485,False
2026-09-04 23:29:20.326370,igi_airport,27.4,980.4,90.0,28.5562,77.1,False
2026-09-04 23:29:20.324371,lodhi_road,27.0,982.9,92.0,28.5918,77.2273,False
2026-09-04 23:29:20.318890,red_fort,27.2,982.6,91.0,28.6562,77.241,False
2026-09-04 23:29:20.599131,qutab_minar,26.7,978.9,93.0,28.5245,77.1855,False
2026-09-04 23:29:20.479443,chandni_chowk,27.2,981.4,91.0,28.6506,77.2303,False
2026-09-04 23:29:20.312622,akshardham,27.2,983.4,91.0,28.6127,77.2773,False
2026-09-04 23:29:24.434185,lotus_temple,26.9,980.4,93.0,28.5535,77.2588,False
2026-09-04 23:29:20.321807,delhi_university,27.5,982.7,89.0,28.6904,77.2066,False
2026-09-04 23:29:20.312622,ndls,27.5,982.3,89.0,28.643,77.2194,False
2026-09-04 23:29:20.317814,pragati_maidan,27.2,983.4,91.0,28.6172,77.2485,False
2026-09-04 23:29:25.138330,igi_airport,27.4,980.4,90.0,28.5562,77.1,False
2026-09-04 23:29:25.214881,lodhi_road,27.0,982.9,92.0,28.5918,77.2273,False
2026-09-04 23:29:25.217085,red_fort,27.2,982.6,91.0,28.6562,77.241,False
2026-09-04 23:29:25.205364,qutab_minar,26.7,978.9,93.0,28.5245,77.1855,False
2026-09-04 23:29:25.200350,chandni_chowk,27.2,981.4,91.0,28.6506,77.2303,False
2026-09-04 23:29:25.214881,akshardham,27.2,983.4,91.0,28.6127,77.2773,False
2026-09-04 23:29:25.212361,lotus_temple,26.9,980.4,93.0,28.5535,77.2588,False
2026-09-04 23:29:25.200350,delhi_university,27.5,982.7,89.0,28.6904,77.2066,False
2026-09-04 23:29:25.238040,ndls,27.5,982.3,89.0,28.643,77.2194,False
2026-09-04 23:29:25.168030,pragati_maidan,27.2,983.4,91.0,28.6172,77.2485,False
2026-09-04 23:29:27.085812,igi_airport,27.4,980.4,90.0,28.5562,77.1,False
2026-09-04 23:29:26.047838,lodhi_road,27.0,982.9,92.0,28.5918,77.2273,False
2026-09-04 23:29:26.343510,red_fort,27.2,982.6,91.0,28.6562,77.241,False
2026-09-04 23:29:26.403033,qutab_minar,26.7,978.9,93.0,28.5245,77.1855,False
2026-09-04 23:29:26.005647,chandni_chowk,27.2,981.4,91.0,28.6506,77.2303,False
2026-09-04 23:29:25.965523,akshardham,27.2,983.4,91.0,28.6127,77.2773,False
2026-09-04 23:29:25.995658,lotus_temple,26.9,980.4,93.0,28.5535,77.2588,False
2026-09-04 23:29:26.671890,delhi_university,27.5,982.7,89.0,28.6904,77.2066,False
2026-09-04 23:29:26.545404,ndls,27.5,982.3,89.0,28.643,77.2194,False
2026-09-04 23:29:26.054836,pragati_maidan,27.2,983.4,91.0,28.6172,77.2485,False
2026-09-04 23:29:27.855813,igi_airport,27.4,980.4,90.0,28.5562,77.1,False
2026-09-04 23:29:27.875603,lodhi_road,27.0,982.9,92.0,28.5918,77.2273,False
2026-09-04 23:29:27.888146,red_fort,27.2,982.6,91.0,28.6562,77.241,False
2026-09-04 23:29:27.861822,qutab_minar,26.7,978.9,93.0,28.5245,77.1855,False
2026-09-04 23:29:27.899429,chandni_chowk,27.2,981.4,91.0,28.6506,77.2303,False
2026-09-04 23:29:27.855813,akshardham,27.2,983.4,91.0,28.6127,77.2773,False
2026-09-04 23:29:27.861822,lotus_temple,26.9,980.4,93.0,28.5535,77.2588,False
2026-09-04 23:29:27.863048,delhi_university,27.5,982.7,89.0,28.6904,77.2066,False
2026-09-04 23:29:27.901423,ndls,27.5,982.3,89.0,28.643,77.2194,False
2026-09-04 23:29:27.941461,pragati_maidan,27.2,983.4,91.0,28.6172,77.2485,False
2026-09-04 23:29:28.763843,igi_airport,27.4,980.4,90.0,28.5562,77.1,False
2026-09-04 23:29:28.714512,lodhi_road,27.0,982.9,92.0,28.5918,77.2273,False
2026-09-04 23:29:28.667368,red_fort,27.2,982.6,91.0,28.6562,77.241,False
2026-09-04 23:29:28.755498,qutab_minar,26.7,978.9,93.0,28.5245,77.1855,False
2026-09-04 23:29:28.726494,chandni_chowk,27.2,981.4,91.0,28.6506,77.2303,False
2026-09-04 23:29:28.715758,akshardham,27.2,983.4,91.0,28.6127,77.2773,False
2026-09-04 23:29:28.695104,lotus_temple,26.9,980.4,93.0,28.5535,77.2588,False
2026-09-04 23:29:28.753493,delhi_university,27.5,982.7,89.0,28.6904,77.2066,False
2026-09-04 23:29:28.714512,ndls,27.5,982.3,89.0,28.643,77.2194,False
2026-09-04 23:29:28.714512,pragati_maidan,27.2,983.4,91.0,28.6172,77.2485,False
